Unnamed: 0,id,name,album,artist,release_date,popularity,length,danceability,acousticness,energy,instrumentalness,liveness,valence,loudness,speechiness,tempo,key,time_signature,mood,trust,fear,negative,sadness,anger,surprise,positive,disgust,joy,anticipation
0,7MnW39mkRfm6ygw9gKxDp9,F.N.T.,Great Divide,Semisonic,1996-01-01,46,209960,0.537,0.000184,0.773,0.00492,0.099,0.647,-6.954,0.0256,99.823,11,4,surprised,0.11290322580645161,0.0,0.016129032258064516,0.06451612903225806,0.016129032258064516,0.16129032258064516,0.3387096774193548,0.016129032258064516,0.14516129032258066,0.12903225806451613
1,0VhgEqMTNZwYL1ARDLLNCX,Can I Be Him,Back from the Edge,James Arthur,2016-10-28,76,246880,0.696,0.308,0.543,0.0,0.0939,0.479,-6.164,0.0489,107.969,11,4,surprised,0.23655913978494625,0.021505376344086023,0.03225806451612903,0.13978494623655913,0.03225806451612903,0.010752688172043012,0.24731182795698925,0.0,0.12903225806451613,0.15053763440860216
2,6JAfKIASRQQMyf1sA4cBq1,Counting Sheep,Embracing Me - EP,SAFIA,2016-03-04,49,154186,0.775,0.0102,0.469,2.99e-06,0.122,0.644,-7.363,0.0322,94.972,10,4,surprised,0.07407407407407407,0.12962962962962962,0.3333333333333333,0.16666666666666666,0.037037037037037035,0.037037037037037035,0.09259259259259259,0.018518518518518517,0.05555555555555555,0.05555555555555555
3,4ntKnZnztFdovszJpIoeVO,Fake Faces,Fake Faces,Felip,2024-04-05,52,174236,0.689,0.113,0.851,0.0,0.0667,0.963,-4.295,0.135,153.051,10,4,surprised,0.0,0.0,0.0,0.0,0.0,0.0,0.0,0.0,0.0,0.0
4,7sByrWJrZbNWF1CGjIBj1j,If Ever You're in My Arms Again,Love Duets,Toni Gonzaga,2009-02-01,20,256372,0.343,0.115,0.582,0.0,0.09,0.175,-4.663,0.0247,95.446,1,4,surprised,0.10869565217391304,0.0,0.043478260869565216,0.043478260869565216,0.021739130434782608,0.021739130434782608,0.2391304347826087,0.0,0.17391304347826086,0.34782608695652173
5,7zrD2rhcvGEZiMMo9RuW6P,We Belong,We Belong,Sneaky Sound System,2019-07-19,48,139680,0.59,0.00456,0.996,0.865,0.287,0.681,-4.407,0.051,125.024,7,4,surprised,0.058394160583941604,0.058394160583941604,0.13138686131386862,0.08759124087591241,0.058394160583941604,0.08029197080291971,0.2116788321167883,0.058394160583941604,0.17518248175182483,0.08029197080291971
6,3TIsaxDoRyxVcPfPRKN8Y2,Miss You Like Crazy,Chapter 1: A New Beginning,The Moffatts,1998-05-18,56,229200,0.568,0.174,0.522,0.0,0.189,0.49,-8.077,0.0247,77.033,7,4,surprised,0.07692307692307693,0.10256410256410256,0.1282051282051282,0.10897435897435898,0.10256410256410256,0.057692307692307696,0.1858974358974359,0.01282051282051282,0.14743589743589744,0.07692307692307693
7,3rwioq6hSNjwynK8rVPCma,kaibigan,kaibigan,justin,2024-07-19,57,206584,0.493,0.266,0.336,2.22e-05,0.134,0.435,-9.58,0.04,83.228,0,4,surprised,0.0,0.0,0.36363636363636365,0.0,0.0,0.36363636363636365,0.2727272727272727,0.0,0.0,0.0
8,1rVKpBqXtRvGTVUNDnt1fy,Creepin',Creepin',Levent Geiger,2023-11-10,55,199645,0.524,0.734,0.444,0.0,0.15,0.236,-9.119,0.0274,107.971,1,4,surprised,0.12643678160919541,0.1724137931034483,0.13793103448275862,0.11494252873563218,0.022988505747126436,0.0,0.14942528735632185,0.022988505747126436,0.12643678160919541,0.12643678160919541
9,0FezhHZVmDYXvk8jAr2fpU,Lights & Music,In Ghost Colours (UK Version Delux),Cut Copy,2008-01-01,52,279373,0.606,0.0696,0.935,0.152,0.408,0.631,-4.389,0.0417,125.997,10,4,surprised,0.0,0.0,0.0,0.0,0.0,0.0,0.0,0.0,0.0,0.0
10,5lvYFJ8QPBBHV2YM1gp5tG,Give Thanks,Give Thanks,Janella Salvador,2014,44,235586,0.472,0.8,0.382,0.0,0.323,0.121,-5.937,0.0266,82.935,8,4,surprised,0.19672131147540983,0.04918032786885246,0.14754098360655737,0.08196721311475409,0.0,0.0,0.2786885245901639,0.08196721311475409,0.08196721311475409,0.08196721311475409
11,41iJtEHisXYp0Cmv1Q2hA1,World Of Our Love,Diplomatic Immunity,Client Liaison,2017-11-17,38,270688,0.85,0.0318,0.876,0.000179,0.0989,0.615,-7.262,0.048,117.028,0,4,surprised,0.06493506493506493,0.05194805194805195,0.06493506493506493,0.06493506493506493,0.012987012987012988,0.025974025974025976,0.3246753246753247,0.025974025974025976,0.22077922077922077,0.14285714285714285
12,6MWsotxoAROqOuzk7rMc0z,You,Jona,Jona,2017-02-27,49,266560,0.34,0.284,0.413,0.0,0.0913,0.143,-7.17,0.0321,139.114,9,4,surprised,0.112,0.08,0.12,0.064,0.016,0.056,0.256,0.016,0.2,0.08
13,38JyGtFVoT3uabw6qVWuOZ,Pangarap Kong Pangarap Mo,Zephanie,Zephanie,2022-01-07,35,174030,0.673,0.295,0.726,1.66e-05,0.219,0.425,-5.402,0.0679,77.006,3,4,surprised,0.25,0.08333333333333333,0.08333333333333333,0.08333333333333333,0.08333333333333333,0.0,0.3333333333333333,0.08333333333333333,0.0,0.0
14,5IO87wqMV7UPuRAgaILfsK,Mirrors,Mirrors,Lone Tusker,2023-10-20,54,193636,0.653,0.12,0.632,0.0103,0.347,0.277,-8.05,0.054,131.993,0,4,surprised,0.05056179775280899,0.06741573033707865,0.15730337078651685,0.03932584269662921,0.03932584269662921,0.028089887640449437,0.29213483146067415,0.016853932584269662,0.25280898876404495,0.056179775280898875
15,1ag9VUoU406Hm1S9wYlR0o,Sunrise (Won't Get Lost) - Tommy Trash Radio Edit,Sunrise (Won't Get Lost),The Aston Shuffle,2012-10-12,40,202677,0.6,0.0857,0.949,0.000108,0.0896,0.466,-2.73,0.133,127.021,5,4,surprised,0.0,0.0,0.46153846153846156,0.46153846153846156,0.0,0.0,0.0,0.0,0.0,0.07692307692307693
16,33b2BLaLK67gArAZL5vffh,Bakit 'Di Totohanin,Carol,Carol Banawa,1997-11-03,51,245554,0.512,0.723,0.317,0.00816,0.151,0.188,-14.827,0.0264,159.51,4,4,surprised,0.0,0.0,0.0,0.0,0.0,0.0,1.0,0.0,0.0,0.0
17,7pWko9IDNpYbdCxrmPU8Va,AMAKABOGERA,MPOWERED,Maymay Entrata,2021-11-19,42,180533,0.681,0.112,0.942,0.0,0.501,0.399,-3.998,0.147,105.084,9,4,surprised,0.0,0.2,0.2,0.0,0.2,0.2,0.0,0.2,0.0,0.0
18,1l7Ooq59lsQvXv6C1Xeidx,Calypso Beach,Dare,Northeast Party House,2016-09-09,47,233169,0.398,0.0175,0.678,0.3,0.129,0.379,-7.562,0.0377,122.022,8,4,surprised,0.1,0.0,0.0,0.0,0.0,0.1,0.2,0.0,0.45,0.15
19,7rtSsC5zLPTO0R767vBqRq,Bakit Pa,The Story of Jessa Zaragoza,Jessa Zaragoza,1999,47,269866,0.628,0.605,0.42,0.0,0.0914,0.381,-9.926,0.0275,129.971,1,4,surprised,0.29411764705882354,0.0,0.0,0.0,0.0,0.0,0.7058823529411765,0.0,0.0,0.0
20,7dcSBhPIMO96sdf8hCQAaL,White Dress,White Dress,Set Mo,2015-04-10,44,210324,0.7,0.0509,0.629,0.0235,0.203,0.377,-6.876,0.0315,119.98,7,4,surprised,0.08270676691729323,0.09022556390977443,0.14285714285714285,0.09022556390977443,0.09022556390977443,0.045112781954887216,0.20300751879699247,0.05263157894736842,0.10526315789473684,0.09774436090225563
21,573latfTMO7SpGtStVrQx5,Harlem,A Bad Girl In Harlem,New Politics,2013-05-17,53,163626,0.603,0.00189,0.952,0.000445,0.317,0.588,-3.699,0.0947,133.97,6,4,surprised,0.0,0.0,0.0,0.0,0.0,0.0,0.0,0.0,0.0,0.0
22,4UmwioUddRXq9Y5RBXhhyV,BINI - ft. Aiah Arceta,BINI (ft. Aiah Arceta),Jeremy G,2024-06-28,41,244357,0.674,0.0945,0.907,0.0,0.378,0.564,-2.644,0.043,101.042,0,4,surprised,0.0,0.0,0.0,0.0,0.0,0.0,0.0,0.0,0.0,0.0
23,4BYO8KU39k40yaRAwDgyUs,Chivalry Is Dead,Chivalry Is Dead,Trevor Wesley,2016-11-04,48,208161,0.484,0.0471,0.732,0.0,0.0755,0.644,-4.892,0.0705,127.313,6,4,surprised,0.11196911196911197,0.05791505791505792,0.07722007722007722,0.06563706563706563,0.06177606177606178,0.06177606177606178,0.23938223938223938,0.05791505791505792,0.18146718146718147,0.08494208494208494
24,1YR3v8aBVpKP1rP2KqQaKZ,The Past,Songs Rediscovered,Jed Madela,2004-01-01,50,214933,0.699,0.65,0.388,0.0,0.0736,0.204,-7.922,0.0269,125.934,7,4,surprised,0.01694915254237288,0.11864406779661017,0.15254237288135594,0.1016949152542373,0.0847457627118644,0.03389830508474576,0.3050847457627119,0.03389830508474576,0.03389830508474576,0.11864406779661017
25,3O4DdB07AoPwvy1fsIToiT,Forever Right Now,Forever Right Now,Conor Matthews,2018-10-26,56,141828,0.753,0.139,0.679,0.0,0.148,0.688,-4.792,0.0569,117.961,5,4,surprised,0.0,0.0,0.0,0.0,0.0,0.0,0.0,0.0,0.0,0.0
26,2OuU7OGHIJtd2RQFI09kro,5&4&3&2&,Ampersand,Leaf in a Forest,2024-07-30,36,223000,0.562,0.306,0.519,0.638,0.0868,0.742,-9.098,0.1,180.095,9,4,surprised,0.0,0.0,0.0,0.0,0.0,0.0,0.0,0.0,0.0,0.0
27,0arPxj5WufzbjEy1uPn7GP,Casualties,What If,Ethan Dufault,2021-01-29,44,222083,0.647,0.846,0.306,0.0,0.1,0.348,-10.392,0.0321,143.932,3,4,surprised,0.07777777777777778,0.13333333333333333,0.23333333333333334,0.12777777777777777,0.09444444444444444,0.05555555555555555,0.1,0.08333333333333333,0.03888888888888889,0.05555555555555555
28,1fdo42PnT5XrsPV6FZ1Fd2,Laging Tapat,Jolina,Jolina Magdangal,1999-01-04,47,212639,0.626,0.749,0.361,0.0,0.0887,0.17,-7.648,0.0278,123.971,0,4,surprised,0.0,0.14285714285714285,0.14285714285714285,0.14285714285714285,0.14285714285714285,0.14285714285714285,0.14285714285714285,0.14285714285714285,0.0,0.0
29,27cx5oMwSLKWxe5oddCtai,Only Me and You,Habang May Buhay,Donna Cruz,2002,47,307000,0.49,0.707,0.266,0.0,0.164,0.114,-16.544,0.0315,121.863,9,4,surprised,0.23529411764705882,0.029411764705882353,0.08823529411764706,0.029411764705882353,0.0,0.058823529411764705,0.20588235294117646,0.0,0.17647058823529413,0.17647058823529413
30,58rSMgjsjINUMUzHCyPYts,Ocean,Ocean,ConKi,2022-02-10,56,155072,0.738,0.229,0.723,0.0034,0.305,0.285,-6.691,0.0402,119.985,7,4,surprised,0.0,0.2,0.2,0.2,0.2,0.0,0.0,0.2,0.0,0.0
31,0p7bJgDktmZlqsgNFBnYFU,On The Other Side (feat. Max Billion),On The Other Side (feat. Max Billion),just Fede,2024-08-02,55,155923,0.394,0.354,0.546,0.0,0.1,0.299,-8.048,0.0366,76.629,8,4,surprised,0.05660377358490566,0.1509433962264151,0.16981132075471697,0.1320754716981132,0.05660377358490566,0.07547169811320754,0.07547169811320754,0.018867924528301886,0.07547169811320754,0.18867924528301888
32,1ymVJxxBnFgNM9ocMzVqSg,Rain on Me,Rain on Me,FIXL,2023-11-02,49,139024,0.65,0.585,0.778,2.28e-05,0.133,0.494,-6.102,0.0365,123.102,1,4,surprised,0.06923076923076923,0.2076923076923077,0.3,0.2153846153846154,0.015384615384615385,0.0,0.08461538461538462,0.07692307692307693,0.015384615384615385,0.015384615384615385
33,64p2tRd4zsBsJUucEnfWrX,edsa,edsa,PABLO,2024-05-24,55,208283,0.558,0.00975,0.733,0.0,0.269,0.381,-7.144,0.0419,142.095,4,4,surprised,0.16666666666666666,0.16666666666666666,0.0,0.16666666666666666,0.0,0.0,0.3333333333333333,0.0,0.16666666666666666,0.0
34,434qlyPFJd5FWpJ72eB3VL,Pizza Guy,Pizza Guy / Show Me,Touch Sensitive,2014-04-19,48,349413,0.629,0.00212,0.81,0.64,0.264,0.288,-5.1,0.0264,105.996,4,4,surprised,0.0,0.0,0.0,0.0,0.0,0.0,0.0,0.0,0.0,0.0
35,3QEMqBZ6ZVRdlCaN6QeaeD,What Comes Next,What Comes Next,LENNY,2024-09-06,38,183650,0.473,0.0414,0.53,0.0,0.353,0.238,-8.117,0.0869,181.996,7,4,surprised,0.07920792079207921,0.08415841584158416,0.16831683168316833,0.10396039603960396,0.09405940594059406,0.04950495049504951,0.15346534653465346,0.024752475247524754,0.1485148514851485,0.09405940594059406
36,4z6ipP14TOsL9K9U7vEH2A,Love U Like That,Love U Like That,ay-Mill,2024-02-23,44,160800,0.592,0.0631,0.673,0.0,0.441,0.265,-9.193,0.0406,100.058,10,4,surprised,0.06451612903225806,0.0967741935483871,0.03225806451612903,0.016129032258064516,0.03225806451612903,0.03225806451612903,0.25806451612903225,0.0,0.25806451612903225,0.20967741935483872
37,0ZSaXFpNU4MTxb69rdoNyl,Not My Man,Not My Man,Jillian Rossi,2024-07-19,48,194848,0.433,0.169,0.658,3.92e-05,0.427,0.426,-6.523,0.146,197.833,5,4,surprised,0.06422018348623854,0.1926605504587156,0.22935779816513763,0.1834862385321101,0.06422018348623854,0.027522935779816515,0.08256880733944955,0.045871559633027525,0.05504587155963303,0.05504587155963303
38,60LAae4EzXrJ2BLwvfMfJH,Never Go Wrong,Good Times Go,Nicky Youre,2023-06-09,51,155962,0.585,0.0687,0.835,0.0,0.275,0.93,-6.453,0.113,164.988,5,4,surprised,0.08333333333333333,0.06666666666666667,0.4,0.1,0.05,0.03333333333333333,0.1,0.03333333333333333,0.06666666666666667,0.06666666666666667
39,33DMX9LvLFdgbVaZKCD8t4,Musika,Musika,G22,2023-09-25,44,237769,0.62,0.302,0.534,0.0,0.395,0.374,-4.651,0.0304,134.86,2,3,surprised,0.0,0.0,0.0,0.0,0.0,0.0,1.0,0.0,0.0,0.0
40,5hFD05PfvZUPbJ5JtwpEab,A Better Day,A Better Day,DENNICK,2024-03-14,50,157881,0.687,0.142,0.674,0.0,0.17,0.519,-6.617,0.108,118.357,11,4,surprised,0.05660377358490566,0.09433962264150944,0.1320754716981132,0.07547169811320754,0.018867924528301886,0.0,0.2830188679245283,0.018867924528301886,0.18867924528301888,0.1320754716981132
41,5CUhlmR4kOYfHY9tNs8LtA,If I'm Not in Love with You,Living the Dream,Jennylyn Mercado,2004,47,224771,0.448,0.832,0.216,0.0,0.192,0.106,-12.988,0.0339,119.306,7,4,surprised,0.047619047619047616,0.07936507936507936,0.14285714285714285,0.1111111111111111,0.09523809523809523,0.047619047619047616,0.1746031746031746,0.06349206349206349,0.15873015873015872,0.07936507936507936
42,3F1JSF5lB4tGqYQ8OTIgw6,Mr. Right,Chinita Princess - Kim Chiu,Kim Chiu,2015-01-01,44,201586,0.764,0.594,0.528,0.0,0.117,0.248,-4.638,0.0282,83.011,1,4,surprised,0.12359550561797752,0.1404494382022472,0.15730337078651685,0.06741573033707865,0.056179775280898875,0.07303370786516854,0.1348314606741573,0.016853932584269662,0.12359550561797752,0.10674157303370786
43,17FlJCEmLjIEHIfdhP960V,Abot Langit - Ricovered,Abot Langit (Ricovered),Rico Blanco,2019-06-08,51,177692,0.669,0.849,0.234,9.3e-05,0.19,0.595,-10.801,0.136,208.318,7,4,surprised,0.0,0.03333333333333333,0.03333333333333333,0.03333333333333333,0.03333333333333333,0.03333333333333333,0.4,0.03333333333333333,0.4,0.0
44,4UgSOMItBpmepgym8nQSXp,Kakaibabe,Kakaibabe,Donnalyn,2014,50,210520,0.82,0.359,0.833,0.000701,0.225,0.916,-5.908,0.136,92.995,6,4,surprised,0.0,0.0,0.1,0.0,0.0,0.1,0.6,0.0,0.1,0.1
45,2MYTYXJXUj3YeCsGfiIdRq,When I'm Around You,When I’m Around You,Running Touch,2019-02-08,47,203782,0.765,0.0733,0.705,7.58e-05,0.112,0.797,-6.482,0.0383,117.013,6,4,surprised,0.028169014084507043,0.056338028169014086,0.1267605633802817,0.1267605633802817,0.11267605633802817,0.09859154929577464,0.09859154929577464,0.11267605633802817,0.09859154929577464,0.14084507042253522
46,4m1BwzoW25MUh7lFQeIMCM,Statue,Statue,Kristel Fulgar,2021-02-22,41,273333,0.653,0.762,0.434,1.81e-06,0.115,0.234,-10.058,0.0335,89.943,3,4,surprised,0.0,0.0,0.0,0.0,0.0,0.0,0.0,0.0,0.0,0.0
47,0I7A5HoKBQ6szstVsHaD5v,My People,Apocalypso,The Presets,2008-01-01,36,266560,0.562,0.0137,0.927,8.99e-06,0.457,0.262,-2.461,0.0362,126.999,5,4,surprised,0.1206896551724138,0.1206896551724138,0.15517241379310345,0.10344827586206896,0.08620689655172414,0.04310344827586207,0.1724137931034483,0.04310344827586207,0.05172413793103448,0.10344827586206896
48,2VYyf8Zt8yYjKhNXw6X0Jz,Mr. DJ,Special Collector's Edition: Sana'y Wala Nang Wakas,Sharon Cuneta,1994-10-15,46,229333,0.372,0.75,0.259,0.0,0.0981,0.159,-13.741,0.0296,136.71,2,3,surprised,0.11904761904761904,0.07142857142857142,0.07142857142857142,0.047619047619047616,0.07142857142857142,0.14285714285714285,0.11904761904761904,0.07142857142857142,0.09523809523809523,0.19047619047619047
49,4o8yZ5AnripYyuTksF1nK6,Wala Na Talaga,Klarisse,Klarisse,2017-07-28,53,278973,0.457,0.807,0.49,0.0,0.142,0.267,-7.312,0.0502,129.498,6,4,surprised,0.0,0.0,0.0,0.0,0.0,0.0,1.0,0.0,0.0,0.0
50,02Ygu8lo3qSknRpcBnspso,Just Friends,Just Friends,Virginia To Vegas,2019-05-24,52,168946,0.793,0.156,0.714,0.0,0.136,0.794,-7.562,0.193,100.036,7,4,surprised,0.03896103896103896,0.11688311688311688,0.22077922077922077,0.12987012987012986,0.03896103896103896,0.05194805194805195,0.14285714285714285,0.03896103896103896,0.09090909090909091,0.12987012987012986
51,5fMygCxYWAoueOENZsEy9V,Island In The Sun,Island In The Sun,Chill Gull,2024-04-19,48,135521,0.666,0.0289,0.742,5.39e-06,0.508,0.377,-5.135,0.0618,115.083,7,4,surprised,0.05454545454545454,0.09090909090909091,0.10909090909090909,0.09090909090909091,0.09090909090909091,0.05454545454545454,0.14545454545454545,0.07272727272727272,0.12727272727272726,0.16363636363636364
52,2lWzqadTC6KapAWVVVKp8W,Pasulyap-Sulyap,Really Wanna Tell You,Tootsie Guevara,1997-01-06,53,233355,0.636,0.494,0.328,5.54e-05,0.0887,0.433,-16.072,0.0283,140.02,0,4,surprised,0.0,0.0,0.0,0.0,0.0,0.0,0.0,0.0,0.0,0.0
53,1C4eLUSXUnj6bi8xjShYaH,Kash Kommandments,Kash Kommandments,Kash Doll,2024-05-03,54,209261,0.85,0.0793,0.514,0.0,0.122,0.472,-6.577,0.318,156.057,8,4,surprised,0.08176100628930817,0.06918238993710692,0.14465408805031446,0.06289308176100629,0.12578616352201258,0.1069182389937107,0.13836477987421383,0.09433962264150944,0.0880503144654088,0.0880503144654088
54,7vuqyEt5hBBxSuakZBZLiK,Ghost,Ghost,ConKi,2023-01-12,55,184250,0.582,0.0162,0.898,0.0021,0.156,0.42,-4.516,0.0343,119.962,1,4,surprised,0.04878048780487805,0.4146341463414634,0.21951219512195122,0.0,0.0,0.04878048780487805,0.0975609756097561,0.024390243902439025,0.07317073170731707,0.07317073170731707
55,48D6RUVMzcOx2ggRFTRjUx,Pagdating Ng Panahon,Pagdating Ng Panahon (Special Collector's Edition),Aiza Seguerra,2006,51,264320,0.569,0.757,0.27,3.81e-06,0.214,0.236,-11.965,0.025,97.848,4,4,surprised,0.0,0.0,0.4,0.0,0.0,0.0,0.6,0.0,0.0,0.0
56,7cens2GI2PTemvKNnpjxs8,Moonlight,Moonlight,Ian Asher,2024-05-03,47,168102,0.704,0.00599,0.81,3.86e-06,0.0976,0.844,-4.446,0.062,124.981,6,4,surprised,0.11494252873563218,0.09195402298850575,0.10344827586206896,0.09195402298850575,0.09195402298850575,0.09195402298850575,0.10344827586206896,0.10344827586206896,0.09195402298850575,0.11494252873563218
57,4vQxLMA2txL72AtvIbzDIe,Open Letter,Open Letter,CHOSZN,2024-10-16,40,178000,0.544,0.853,0.25,7.47e-05,0.048,0.442,-8.121,0.0873,178.388,2,4,surprised,0.0,0.0,0.0,0.0,0.0,0.0,0.0,0.0,0.0,0.0
58,7CRThl2cGDh1o9p3ivaLbG,why u gotta be like that (feat. Nightly),why u gotta be like that (feat. Nightly),vaultboy,2022-08-17,49,143503,0.67,0.131,0.621,0.0,0.675,0.288,-7.853,0.037,90.04,7,4,surprised,0.03389830508474576,0.0847457627118644,0.1694915254237288,0.1694915254237288,0.0,0.06779661016949153,0.13559322033898305,0.0,0.1016949152542373,0.23728813559322035
59,6b3OOZ7U8mqNO7ImHEyMRR,Feels Like You,Feels Like You,Faime,2020-11-27,55,198912,0.848,0.789,0.352,0.000105,0.0865,0.571,-6.798,0.0464,92.991,4,4,surprised,0.15384615384615385,0.02564102564102564,0.0641025641025641,0.05128205128205128,0.038461538461538464,0.07692307692307693,0.2692307692307692,0.02564102564102564,0.23076923076923078,0.0641025641025641
60,2MolFsdE7ydCQQgsmfvX6w,Perfect 10,Perfect 10,Unknown Brain,2018-07-11,50,204006,0.299,0.00546,0.741,4.34e-05,0.066,0.283,-4.391,0.152,179.28,11,4,surprised,0.14678899082568808,0.11926605504587157,0.11926605504587157,0.10091743119266056,0.09174311926605505,0.01834862385321101,0.1834862385321101,0.03669724770642202,0.045871559633027525,0.13761467889908258
61,66SxGyWkD0VZSb8iZxl78H,Wrong Direction,Wrong Direction,Mykyl,2021-02-26,50,153394,0.758,0.49,0.394,0.0,0.239,0.485,-8.839,0.0348,101.986,9,4,surprised,0.07272727272727272,0.07272727272727272,0.23636363636363636,0.14545454545454545,0.09090909090909091,0.01818181818181818,0.12727272727272726,0.10909090909090909,0.07272727272727272,0.05454545454545454
62,3g6BBQnxVMuTDbWt6wBX3R,Paano Ba Ang Magmahal,The Breakup Playlist,Piolo Pascual,2015-01-01,54,290246,0.543,0.515,0.585,0.0,0.0436,0.168,-6.456,0.0315,144.065,0,4,surprised,0.0,0.16666666666666666,0.16666666666666666,0.16666666666666666,0.16666666666666666,0.16666666666666666,0.0,0.16666666666666666,0.0,0.0
63,1MSM3Fo2fvnwVqMcz8Jhjq,Cecilia And The Satellite,Andrew McMahon In The Wilderness,Andrew McMahon in the Wilderness,2014-10-13,55,223879,0.381,0.0131,0.844,0.0,0.318,0.239,-7.123,0.144,194.0,5,4,surprised,0.11904761904761904,0.14285714285714285,0.16666666666666666,0.07142857142857142,0.047619047619047616,0.0,0.30952380952380953,0.0,0.11904761904761904,0.023809523809523808
64,4JZocgyzKHdRF0iSOcodJn,Ready,Ready,apl.de.ap,2024-05-31,54,238000,0.796,0.368,0.501,0.00289,0.109,0.425,-9.773,0.0373,120.05,9,4,surprised,0.11023622047244094,0.1732283464566929,0.15748031496062992,0.07874015748031496,0.08661417322834646,0.023622047244094488,0.14173228346456693,0.031496062992125984,0.07086614173228346,0.12598425196850394
65,3WJo7bV3Hi9BgwnVq13SK6,Room,Room,Stell,2024-06-14,55,223299,0.7,0.0255,0.612,0.000108,0.0764,0.675,-6.902,0.0393,104.525,0,4,surprised,0.0784313725490196,0.11764705882352941,0.17647058823529413,0.17647058823529413,0.09803921568627451,0.0392156862745098,0.11764705882352941,0.0392156862745098,0.09803921568627451,0.058823529411764705
66,05Db5b8xtLi32lJgKbDUus,Gigil,Gigil,BGYO,2024-06-07,44,172306,0.823,0.0538,0.747,5.3e-06,0.0485,0.491,-1.984,0.0583,97.973,2,4,surprised,0.0,0.0,0.5,0.0,0.0,0.5,0.0,0.0,0.0,0.0
67,5TbJPTQFBqBhsQuMffDBfF,Pyramid,Electronic RnB,Various Artists,2020-12-11,23,235946,0.558,0.268,0.658,0.0,0.133,0.24,-5.234,0.0862,87.535,10,4,surprised,0.0661764705882353,0.08823529411764706,0.125,0.07352941176470588,0.0661764705882353,0.051470588235294115,0.3382352941176471,0.03676470588235294,0.08823529411764706,0.0661764705882353
68,5lOPI7mq0qgUDKDXvoH2Om,Come in out of the Rain,Come in out of the Rain,Sheryn Regis,2004-05-01,49,253400,0.471,0.0886,0.494,0.0,0.371,0.187,-5.019,0.0287,119.879,0,4,surprised,0.046875,0.0625,0.09375,0.03125,0.03125,0.0,0.328125,0.0,0.328125,0.078125
69,5EMg6nGTPlwhLhnIC1nDhj,Not Like You,COLOR,Adam Turley,2021-07-16,42,138946,0.669,0.405,0.652,8.77e-05,0.174,0.554,-6.704,0.0498,146.079,9,4,surprised,0.09375,0.11607142857142858,0.16071428571428573,0.0625,0.12946428571428573,0.04017857142857143,0.12946428571428573,0.08035714285714286,0.08482142857142858,0.10267857142857142
70,6SIaYQUPOJpO8XFWeTl5dC,Yoko Na,Yoko Na,JOSH CULLEN,2024-03-23,52,212943,0.6,0.148,0.732,0.0,0.26,0.222,-4.393,0.0392,109.934,10,4,surprised,0.375,0.125,0.25,0.0,0.0,0.25,0.0,0.0,0.0,0.0
71,2x5qF66rFO6DERBMNkQAqn,(There's Gotta Be) More To Life,Stacie Orrico,Stacie Orrico,2003-01-01,55,200386,0.58,0.0917,0.922,0.0,0.189,0.649,-3.785,0.0957,89.841,1,4,surprised,0.0,0.10714285714285714,0.35714285714285715,0.32142857142857145,0.14285714285714285,0.0,0.0,0.03571428571428571,0.0,0.03571428571428571
72,6ocbgoVGwYJhOv1GgI9NsF,7 rings,"thank u, next",Ariana Grande,2019-02-08,82,178626,0.777,0.591,0.317,0.0,0.0881,0.33,-10.732,0.308,139.848,1,4,surprised,0.12087912087912088,0.054945054945054944,0.15384615384615385,0.04395604395604396,0.10989010989010989,0.054945054945054944,0.17582417582417584,0.04395604395604396,0.12087912087912088,0.12087912087912088
73,0V3wPSX9ygBnCm8psDIegu,Anti-Hero,Midnights,Taylor Swift,2022-10-21,82,200690,0.633,0.121,0.648,2.62e-06,0.161,0.49,-6.645,0.062,96.888,4,4,surprised,0.07865168539325842,0.15730337078651685,0.16853932584269662,0.12359550561797752,0.056179775280898875,0.056179775280898875,0.11235955056179775,0.0449438202247191,0.0898876404494382,0.11235955056179775
74,4bJygwUKrRgq1stlNXcgMg,All The Things She Said,200 KM/H In The Wrong Lane (10th Anniversary Edition),t.A.T.u.,2002,75,214440,0.527,0.0411,0.834,0.00599,0.105,0.381,-5.767,0.0474,179.92,5,4,surprised,0.0759493670886076,0.11392405063291139,0.189873417721519,0.1518987341772152,0.06329113924050633,0.06329113924050633,0.08860759493670886,0.0759493670886076,0.08860759493670886,0.08860759493670886
75,2DlIwu1iDTILEMXA7MUotn,Beautiful Trauma,Beautiful Trauma,P!nk,2017-10-13,59,250053,0.412,0.0868,0.619,2.55e-06,0.4,0.234,-6.39,0.0723,95.943,7,4,surprised,0.06428571428571428,0.04285714285714286,0.1,0.07142857142857142,0.007142857142857143,0.014285714285714285,0.34285714285714286,0.007142857142857143,0.29285714285714287,0.05714285714285714
76,012gXGNwfkqsXBIhEpE0kl,Begin Again (Taylor's Version),Red (Taylor’s Version): Could You Be The One Chapter,Taylor Swift,2022-01-13,30,238822,0.505,0.0886,0.53,0.0,0.127,0.254,-7.914,0.0297,78.914,7,4,surprised,0.0,0.037037037037037035,0.07407407407407407,0.07407407407407407,0.0,0.1111111111111111,0.3333333333333333,0.0,0.2222222222222222,0.14814814814814814
77,4sC9zbtP3tAXjO5GYTJvu4,Big Big World,Big Big World,Emilia,1998-10-23,0,205466,0.566,0.506,0.465,1.1e-05,0.199,0.315,-10.268,0.0305,87.994,0,4,surprised,0.03125,0.0625,0.28125,0.25,0.03125,0.1875,0.03125,0.03125,0.03125,0.0625
78,0108kcWLnn2HlH2kedi1gn,Blank Space (Taylor's Version),1989 (Taylor's Version) [Deluxe],Taylor Swift,2023-10-27,61,231833,0.732,0.0901,0.719,0.0,0.331,0.71,-5.469,0.0645,96.035,0,4,surprised,0.043824701195219126,0.14342629482071714,0.1752988047808765,0.099601593625498,0.11952191235059761,0.04780876494023904,0.12350597609561753,0.05976095617529881,0.099601593625498,0.08764940239043825
79,11BKm0j4eYoCPPpCONAVwA,Bloody Mary,Born This Way (Special Edition),Lady Gaga,2011-01-01,70,244760,0.591,0.0107,0.634,1.95e-06,0.113,0.44,-6.365,0.0291,99.998,9,4,surprised,0.15789473684210525,0.042105263157894736,0.12631578947368421,0.11578947368421053,0.042105263157894736,0.021052631578947368,0.23157894736842105,0.031578947368421054,0.17894736842105263,0.05263157894736842
80,59CfNbkERJ3NoTXDvoURjj,Boyfriend,Boyfriend,Dove Cameron,2022-02-11,71,153000,0.345,0.232,0.612,0.0,0.194,0.232,-6.543,0.0608,179.773,7,3,surprised,0.11320754716981132,0.11320754716981132,0.11320754716981132,0.07547169811320754,0.07547169811320754,0.09433962264150944,0.22641509433962265,0.03773584905660377,0.09433962264150944,0.05660377358490566
81,16nCYYc1lCxCyvaR1lgo0i,Could Have Been Me,Sing 2 (Original Motion Picture Soundtrack),Various Artists,2021-12-17,69,148732,0.552,9.18e-05,0.662,0.0,0.143,0.572,-6.225,0.0548,79.973,6,4,surprised,0.005917159763313609,0.23668639053254437,0.28994082840236685,0.21301775147928995,0.04142011834319527,0.0,0.05325443786982249,0.0650887573964497,0.05325443786982249,0.04142011834319527
82,7aSFYakNWB9xQGDEZtoBDH,Dark Thoughts,Dark Thoughts,The Funeral Portrait,2023-09-22,47,248340,0.393,0.000617,0.784,0.0,0.122,0.337,-5.308,0.0496,182.051,0,4,surprised,0.018518518518518517,0.19444444444444445,0.2037037037037037,0.25925925925925924,0.07407407407407407,0.009259259259259259,0.07407407407407407,0.046296296296296294,0.027777777777777776,0.09259259259259259
83,2cpaFyRX9phrMFD09fuWsL,DEBT,DEBT,Shalco,2023-08-09,38,173409,0.649,0.597,0.726,0.00198,0.151,0.653,-6.546,0.0659,122.987,6,4,surprised,0.0,0.0,0.0,0.0,0.0,0.0,0.0,0.0,0.0,0.0
84,6NFyWDv5CjfwuzoCkw47Xf,Delicate,reputation,Taylor Swift,2017-11-10,79,232253,0.75,0.216,0.404,0.000357,0.0911,0.0499,-10.178,0.0682,95.045,9,4,surprised,0.024390243902439025,0.0975609756097561,0.1951219512195122,0.17073170731707318,0.04878048780487805,0.0,0.2682926829268293,0.04878048780487805,0.04878048780487805,0.0975609756097561
85,1zu2GKHPJIsUu80SUJX4H4,Devil Doesn’t Bargain,(Un)Commentary,Alec Benjamin,2022-04-15,69,163613,0.448,0.577,0.606,0.0,0.217,0.483,-4.565,0.0609,121.15,3,4,surprised,0.10119047619047619,0.1488095238095238,0.1488095238095238,0.08928571428571429,0.1130952380952381,0.023809523809523808,0.16071428571428573,0.09523809523809523,0.023809523809523808,0.09523809523809523
86,2pY0EPtqQb0GJGUY7EzxqP,Do It Like A Girl,Do It Like A Girl,Morgan St. Jean,2022-04-07,51,163366,0.523,0.0251,0.403,0.0,0.133,0.322,-9.103,0.0401,147.78,2,3,surprised,0.14423076923076922,0.0673076923076923,0.11538461538461539,0.0673076923076923,0.057692307692307696,0.07692307692307693,0.18269230769230768,0.038461538461538464,0.1346153846153846,0.11538461538461539
87,6nqvInlnaMzEzaw4s0zbee,Doin' Fine,Road Less Traveled,Lauren Alaina,2017-01-27,43,199906,0.439,0.116,0.752,0.0,0.133,0.456,-4.143,0.0375,166.051,8,4,surprised,0.10256410256410256,0.1282051282051282,0.14102564102564102,0.07692307692307693,0.10256410256410256,0.02564102564102564,0.15384615384615385,0.01282051282051282,0.07692307692307693,0.1794871794871795
88,4QMCb5RyjshTSldwp9NULe,Dumb In Love,Dumb In Love,Brooke Alexx,2022-06-23,28,166451,0.722,0.543,0.515,0.0,0.196,0.479,-5.022,0.0324,137.948,4,4,surprised,0.16153846153846155,0.06923076923076923,0.12307692307692308,0.06153846153846154,0.03076923076923077,0.05384615384615385,0.23846153846153847,0.015384615384615385,0.2153846153846154,0.03076923076923077
89,3TByueS9ydlgwfYbiWBdIC,exile,folklore: the sleepless nights chapter,Taylor Swift,2020-08-24,25,285634,0.298,0.778,0.38,5.62e-05,0.11,0.152,-8.426,0.0287,75.602,6,4,surprised,0.0,0.23214285714285715,0.19642857142857142,0.17857142857142858,0.10714285714285714,0.03571428571428571,0.10714285714285714,0.03571428571428571,0.017857142857142856,0.08928571428571429
90,4Uy3kNxW2kB8AEoXljEcth,"Familia (with Anuel Aa, feat. Bantu) - Spider-Man: Into the Spider-Verse",Spider-Man: Into the Spider-Verse (Soundtrack From & Inspired by the Motion Picture),Various Artists,2018-12-14,56,174893,0.766,0.0166,0.881,2.3e-06,0.347,0.674,-5.158,0.137,112.029,9,5,surprised,0.2558139534883721,0.10852713178294573,0.10077519379844961,0.08527131782945736,0.07751937984496124,0.03875968992248062,0.17054263565891473,0.06201550387596899,0.05426356589147287,0.046511627906976744
91,7z3NjKBqjv3d1ykXCFQxaT,Fat Funny Friend,Fat Funny Friend,Maddie Zahm,2022-02-04,63,199764,0.498,0.625,0.452,0.0,0.0836,0.265,-7.887,0.124,107.728,0,4,surprised,0.17647058823529413,0.011764705882352941,0.12941176470588237,0.08235294117647059,0.0,0.011764705882352941,0.2235294117647059,0.07058823529411765,0.18823529411764706,0.10588235294117647
92,7abPglmFMfwM2iPolJVPEQ,FAMILY TREE,FAMILY TREE,RØRY,2022-10-14,0,185283,0.443,0.03,0.636,0.0,0.111,0.271,-3.987,0.0407,153.008,1,4,surprised,0.175,0.075,0.175,0.1,0.05,0.0,0.2,0.025,0.125,0.075
93,40Vyjz9JnNmwL7G5zNFr3G,Fragile World,Shadowhunters: The Mortal Instruments (Original Television Series Soundtrack),Various Artists,2017-07-21,23,162847,0.635,0.567,0.736,2.18e-06,0.213,0.565,-6.176,0.0315,98.022,9,4,surprised,0.0,0.36666666666666664,0.23333333333333334,0.2,0.011111111111111112,0.03333333333333333,0.1111111111111111,0.0,0.0,0.044444444444444446
94,0yLdNVWF3Srea0uzk55zFn,Flowers,Flowers,Miley Cyrus,2023-01-13,25,200454,0.707,0.0632,0.681,5.15e-06,0.0322,0.646,-4.325,0.0668,117.999,0,4,surprised,0.01639344262295082,0.06557377049180328,0.13934426229508196,0.12295081967213115,0.02459016393442623,0.03278688524590164,0.319672131147541,0.00819672131147541,0.26229508196721313,0.00819672131147541
95,0ArW1iNq8D7qfL8acsL1Cs,Friend Like Me,Friend Like Me,Rachel Grae,2022-06-24,0,152224,0.671,0.45,0.651,0.0,0.123,0.706,-5.818,0.0542,154.105,6,4,surprised,0.19753086419753085,0.08641975308641975,0.04938271604938271,0.06172839506172839,0.037037037037037035,0.037037037037037035,0.24691358024691357,0.012345679012345678,0.19753086419753085,0.07407407407407407
96,3WF6hjDkg6x5ywIkLKZ0Tq,Ghost,Ghost,Bryce Savage,2023-02-09,36,162909,0.639,0.0526,0.634,0.0,0.0969,0.154,-7.87,0.0606,164.931,9,4,surprised,0.04878048780487805,0.4146341463414634,0.21951219512195122,0.0,0.0,0.04878048780487805,0.0975609756097561,0.024390243902439025,0.07317073170731707,0.07317073170731707
97,6PaWZ0PIMxx15YBgCohvXY,Gilded Lily,Offering,Cults,2022-10-26,0,212736,0.4,0.468,0.571,3.05e-05,0.519,0.146,-6.534,0.0288,61.859,11,4,surprised,0.038461538461538464,0.038461538461538464,0.2692307692307692,0.11538461538461539,0.07692307692307693,0.0,0.07692307692307693,0.23076923076923078,0.0,0.15384615384615385
98,7bal8JfR3tSB9Qgf7wAGPL,Girl Like Me,Girl Like Me,Dove Cameron,2022-12-09,51,149456,0.711,0.011,0.546,0.0,0.305,0.484,-8.134,0.0651,125.025,5,4,surprised,0.13636363636363635,0.06060606060606061,0.07575757575757576,0.06060606060606061,0.07575757575757576,0.045454545454545456,0.2878787878787879,0.06060606060606061,0.16666666666666666,0.030303030303030304
99,32BeYxKPrig1LefHsC0Xuo,Happier Than Ever - Edit,Happier Than Ever (Edit),Billie Eilish,2021-07-28,69,151444,0.334,0.0468,0.599,0.000392,0.205,0.127,-5.742,0.0365,161.74,0,3,surprised,0.05063291139240506,0.10126582278481013,0.189873417721519,0.11392405063291139,0.11392405063291139,0.05063291139240506,0.08860759493670886,0.13924050632911392,0.05063291139240506,0.10126582278481013
100,5S9AjPUep9XCK8WOaereh7,Holding Out,Rad Science,eleventyseven,2017-11-07,33,212690,0.705,0.0374,0.702,1.38e-06,0.112,0.736,-4.318,0.0652,114.063,9,4,surprised,0.17857142857142858,0.07142857142857142,0.041666666666666664,0.005952380952380952,0.041666666666666664,0.16071428571428573,0.17261904761904762,0.02976190476190476,0.15476190476190477,0.14285714285714285
101,2dsADtLSSLcfsSDn7sCdak,I Still Haven’t Found What I’m Looking For (with Bono),Sing 2 (Original Motion Picture Soundtrack),Various Artists,2021-12-17,61,181356,0.551,0.0969,0.553,0.0,0.0885,0.0632,-8.226,0.052,101.042,9,4,surprised,0.1836734693877551,0.10204081632653061,0.12244897959183673,0.08163265306122448,0.02040816326530612,0.02040816326530612,0.20408163265306123,0.04081632653061224,0.20408163265306123,0.02040816326530612
102,5flerg6aEao2VayZezVlgu,Insane,Insane,Black Gryph0n,2021-06-11,74,159714,0.716,0.193,0.712,0.0,0.823,0.797,-5.826,0.144,104.899,4,4,surprised,0.026595744680851064,0.2127659574468085,0.2925531914893617,0.047872340425531915,0.2393617021276596,0.03723404255319149,0.0425531914893617,0.05851063829787234,0.02127659574468085,0.02127659574468085
103,12GEpg2XOPyqk03JZEZnJs,It Ain’t Me (with Selena Gomez),It Ain't Me,Kygo,2017-02-17,65,220780,0.64,0.119,0.533,0.0,0.0864,0.515,-6.596,0.0706,99.968,0,4,surprised,0.04,0.06,0.06,0.14,0.0,0.08,0.5,0.0,0.06,0.06
104,4uUG5RXrOk84mYEfFvj3cK,I'm Good (Blue),I'm Good (Blue),David Guetta,2022-08-26,86,175238,0.561,0.00383,0.965,7.07e-06,0.371,0.304,-3.673,0.0343,128.04,7,4,surprised,0.15730337078651685,0.0,0.0,0.0,0.0,0.15730337078651685,0.25842696629213485,0.0,0.25842696629213485,0.16853932584269662
105,0mb7btREdC3wuIUmuVRgWn,"I'm Still Standing - From ""Sing"" Original Motion Picture Soundtrack",Sing (Original Motion Picture Soundtrack / Deluxe),Various Artists,2016-12-09,64,187853,0.579,0.00687,0.904,0.0,0.0649,0.713,-4.45,0.15,175.316,10,4,surprised,0.0,0.0,0.0,0.0,0.0,0.0,0.0,0.0,0.0,0.0
106,4ztdjZ2t7BVo5DLIFQBdJh,Jericho,Jericho,Iniko,2023-04-15,67,158133,0.721,0.528,0.541,0.0,0.13,0.616,-8.924,0.12,153.919,2,4,surprised,0.05813953488372093,0.11627906976744186,0.22093023255813954,0.12790697674418605,0.046511627906976744,0.10465116279069768,0.13953488372093023,0.03488372093023256,0.046511627906976744,0.10465116279069768
107,49BTcpVottyuoVxHQigMbP,Joke's On You,Birds of Prey: The Album,Various Artists,2020-02-07,48,184658,0.476,0.23,0.652,0.0,0.136,0.47,-4.546,0.104,190.118,2,3,surprised,0.06666666666666667,0.1111111111111111,0.25555555555555554,0.1,0.07777777777777778,0.044444444444444446,0.12222222222222222,0.06666666666666667,0.1111111111111111,0.044444444444444446
108,7KokYm8cMIXCsGVmUvKtqf,Karma,Midnights,Taylor Swift,2022-10-21,76,204852,0.64,0.062,0.619,0.0,0.475,0.121,-7.108,0.065,90.008,8,4,surprised,0.20512820512820512,0.017094017094017096,0.1111111111111111,0.008547008547008548,0.017094017094017096,0.008547008547008548,0.3418803418803419,0.008547008547008548,0.23931623931623933,0.042735042735042736
109,7nJoBUBpcxjfYEijBqYnB9,Later Never Comes,Scrooge: A Christmas Carol (Music from the Netflix Film),Various Artists,2022-12-02,36,267626,0.476,0.661,0.201,2.65e-06,0.0716,0.0672,-14.443,0.0304,102.001,4,4,surprised,0.18181818181818182,0.0,0.09090909090909091,0.09090909090909091,0.09090909090909091,0.045454545454545456,0.18181818181818182,0.09090909090909091,0.18181818181818182,0.045454545454545456
110,2qxmye6gAegTMjLKEBoR3d,Let Me Down Slowly,Narrated For You,Alec Benjamin,2018-11-16,83,169353,0.652,0.74,0.557,0.0,0.124,0.483,-5.714,0.0318,150.073,1,4,surprised,0.07518796992481203,0.10526315789473684,0.20300751879699247,0.17293233082706766,0.05263157894736842,0.05263157894736842,0.14285714285714285,0.06766917293233082,0.09022556390977443,0.03759398496240601
111,5OLcsBO28uWHMzS0EEeZNp,Little Girl Gone,Little Girl Gone,CHINCHILLA,2023-04-21,3,188596,0.706,0.177,0.675,0.0,0.0852,0.516,-6.351,0.237,159.961,1,4,surprised,0.06818181818181818,0.1590909090909091,0.25757575757575757,0.08333333333333333,0.1590909090909091,0.10606060606060606,0.045454545454545456,0.05303030303030303,0.007575757575757576,0.06060606060606061
112,0l0CJd03LLdxtUIZbmD2Cw,Long Hair and Some Tattoos,Long Hair and Some Tattoos,Bryce Savage,2022-07-22,50,139333,0.686,0.109,0.617,0.0,0.0996,0.716,-5.02,0.0994,180.002,8,4,surprised,0.08461538461538462,0.1,0.16923076923076924,0.07692307692307693,0.08461538461538462,0.05384615384615385,0.1076923076923077,0.13846153846153847,0.1,0.08461538461538462
113,1P17dC1amhFzptugyAO7Il,Look What You Made Me Do,reputation,Taylor Swift,2017-11-10,79,211853,0.766,0.204,0.709,1.41e-05,0.126,0.506,-6.471,0.123,128.07,9,4,surprised,0.09803921568627451,0.09803921568627451,0.1568627450980392,0.09803921568627451,0.13725490196078433,0.0196078431372549,0.09803921568627451,0.11764705882352941,0.0392156862745098,0.13725490196078433
114,6Mt88H4n1BzTOIQLuv5R71,Make Believe,Summer Is a Curse,The Faim,2018-09-07,0,204386,0.331,0.24,0.575,0.0,0.152,0.346,-5.818,0.0447,190.008,5,3,surprised,0.11538461538461539,0.15384615384615385,0.038461538461538464,0.0,0.0,0.0,0.38461538461538464,0.038461538461538464,0.23076923076923078,0.038461538461538464
115,2Rk4JlNc2TPmZe2af99d45,ME! (feat. Brendon Urie of Panic! At The Disco),Lover,Taylor Swift,2019-08-23,73,193000,0.61,0.033,0.83,0.0,0.118,0.728,-4.105,0.0571,182.162,0,4,surprised,0.1206896551724138,0.017241379310344827,0.05172413793103448,0.017241379310344827,0.02586206896551724,0.008620689655172414,0.33620689655172414,0.0,0.33620689655172414,0.08620689655172414
116,10GJQkjRJcZhGTLagFOC62,Most Girls,Most Girls,Hailee Steinfeld,2017-04-28,65,204400,0.756,0.0478,0.572,0.0,0.0853,0.417,-7.019,0.0763,102.986,9,4,surprised,0.028985507246376812,0.2608695652173913,0.2826086956521739,0.2391304347826087,0.036231884057971016,0.021739130434782608,0.057971014492753624,0.014492753623188406,0.036231884057971016,0.021739130434782608
117,46nOMIo0PRIUAaTi0pJszX,My Mother Told Me,My Mother Told Me,NATI.,2021-07-15,3,160000,0.469,0.244,0.441,0.00264,0.37,0.245,-9.501,0.0356,77.995,11,4,surprised,0.26666666666666666,0.0,0.06666666666666667,0.06666666666666667,0.0,0.13333333333333333,0.2,0.0,0.13333333333333333,0.13333333333333333
118,2Q9AB0OYhHUIPGxFp9m7Me,My Type (Little Attitude),My Type (Little Attitude),Bryce Savage,2022-07-01,52,188828,0.813,0.119,0.756,0.0,0.114,0.553,-6.048,0.0464,136.083,2,4,surprised,0.0847457627118644,0.0847457627118644,0.1864406779661017,0.0847457627118644,0.01694915254237288,0.03389830508474576,0.2542372881355932,0.0,0.15254237288135594,0.1016949152542373
119,3pUcZ8QeYKlf9f2viDDcDs,No Sugar in My Coffee,No Sugar in My Coffee,Caught A Ghost,2013-04-30,0,209785,0.697,0.581,0.651,3.72e-06,0.12,0.39,-5.212,0.111,84.983,8,4,surprised,0.12,0.06,0.12,0.04,0.02,0.02,0.34,0.08,0.18,0.02
120,06V8tMMLJS1lNNejvWFzDt,Not OK,Not OK,Robert Grace,2022-11-25,54,159216,0.723,0.317,0.627,0.0,0.188,0.711,-5.863,0.0292,87.973,6,4,surprised,0.21621621621621623,0.02702702702702703,0.2702702702702703,0.08108108108108109,0.02702702702702703,0.02702702702702703,0.10810810810810811,0.05405405405405406,0.05405405405405406,0.13513513513513514
121,27rdGxbavYJeBphck5MZAF,Nothing Breaks Like a Heart (feat. Miley Cyrus),Nothing Breaks Like a Heart (feat. Miley Cyrus),Mark Ronson,2018-11-30,69,217466,0.601,0.00987,0.794,1.36e-06,0.388,0.244,-5.844,0.0671,114.066,7,4,surprised,0.05844155844155844,0.15584415584415584,0.2077922077922078,0.24025974025974026,0.12987012987012986,0.025974025974025976,0.07142857142857142,0.032467532467532464,0.07142857142857142,0.006493506493506494
122,1KQc37jezhunxnOPhvdwSG,Numb Little Bug,Egg in the Backseat,Em Beihold,2022-07-22,68,169237,0.742,0.327,0.527,0.0,0.25,0.638,-6.892,0.0769,84.974,8,4,surprised,0.05813953488372093,0.13953488372093023,0.27906976744186046,0.12790697674418605,0.03488372093023256,0.023255813953488372,0.1744186046511628,0.046511627906976744,0.06976744186046512,0.046511627906976744
123,52iLDrSoRtf9lcgFuLVfqE,Older,Older,Sasha Alex Sloan,2018-11-09,70,191001,0.681,0.743,0.292,0.0,0.0974,0.162,-9.599,0.0483,64.002,11,4,surprised,0.10144927536231885,0.057971014492753624,0.07246376811594203,0.2028985507246377,0.0,0.10144927536231885,0.17391304347826086,0.057971014492753624,0.13043478260869565,0.10144927536231885
124,1thr8mgcxoXWF2O5iBFQ5S,Oldest,"I'm Sorry, Tokyo",Brooke Alexx,2022-01-13,0,187372,0.723,0.0802,0.357,0.0,0.609,0.269,-6.227,0.0283,85.008,0,4,surprised,0.18072289156626506,0.04819277108433735,0.10843373493975904,0.08433734939759036,0.012048192771084338,0.14457831325301204,0.1686746987951807,0.03614457831325301,0.12048192771084337,0.0963855421686747
125,62ke5zFUJN6RvtXZgVH0F8,Only Love Can Hurt Like This,A Perfect Contradiction (Outsiders' Expanded Edition),Paloma Faith,2014-03-10,77,232893,0.566,0.0958,0.885,9.97e-05,0.334,0.304,-4.528,0.0818,90.99,8,4,surprised,0.011299435028248588,0.14124293785310735,0.14689265536723164,0.14124293785310735,0.13559322033898305,0.022598870056497175,0.1638418079096045,0.02824858757062147,0.1638418079096045,0.04519774011299435
126,63mdJr3NMY3wReOkNE6c6W,People You Know,Rare,Selena Gomez,2020-01-10,73,194900,0.695,0.0881,0.62,5.43e-05,0.111,0.619,-8.082,0.0521,150.032,8,4,surprised,0.05263157894736842,0.13157894736842105,0.21052631578947367,0.13157894736842105,0.13157894736842105,0.05263157894736842,0.05263157894736842,0.13157894736842105,0.05263157894736842,0.05263157894736842
127,1SUsGMX8nuBOo9kvVTXWMr,Pretty Eyes,Pretty Eyes,Bryce Savage,2022-10-04,44,207230,0.778,0.0165,0.662,0.0,0.11,0.441,-6.679,0.0435,129.993,0,4,surprised,0.16494845360824742,0.010309278350515464,0.08247422680412371,0.05154639175257732,0.0,0.020618556701030927,0.26804123711340205,0.0,0.2268041237113402,0.17525773195876287
128,7BmpRLqZg1vLheYi1SI1Rw,QUARTER LIFE CRISIS,QUARTER LIFE CRISIS,Taylor Bickett,2022-10-14,0,198436,0.816,0.737,0.72,0.0,0.163,0.646,-4.015,0.0434,117.975,5,4,surprised,0.09615384615384616,0.038461538461538464,0.21153846153846154,0.07692307692307693,0.057692307692307696,0.15384615384615385,0.23076923076923078,0.057692307692307696,0.038461538461538464,0.038461538461538464
129,6mGt5QiWYv3HxiwjJdXFWC,Reason For Living,Reason For Living,Morgan Page,2019-08-29,37,213500,0.685,0.0965,0.689,0.0,0.305,0.313,-4.913,0.0441,127.931,2,4,surprised,0.06542056074766354,0.12149532710280374,0.1588785046728972,0.12149532710280374,0.102803738317757,0.07476635514018691,0.1308411214953271,0.07476635514018691,0.06542056074766354,0.08411214953271028
130,61U0vXDPz3BhHelGfglTxB,Run For Your Life - From The Original Motion Picture “Tomb Raider”,Run For Your Life (From The Original Motion Picture “Tomb Raider”),K.Flay,2018-02-16,35,201823,0.609,0.0108,0.569,0.0827,0.0709,0.191,-11.045,0.045,96.058,6,3,surprised,0.07142857142857142,0.08928571428571429,0.2857142857142857,0.05357142857142857,0.14285714285714285,0.05357142857142857,0.07142857142857142,0.07142857142857142,0.05357142857142857,0.10714285714285714
131,1XwRuyt6x8GHpYPqwIprMK,Sad Songs,Sad Songs,Kyd the Band,2017-11-03,33,181383,0.621,0.00949,0.949,5.41e-05,0.356,0.601,-5.008,0.0572,90.999,7,4,surprised,0.0970873786407767,0.07766990291262135,0.22330097087378642,0.11650485436893204,0.10679611650485436,0.009708737864077669,0.1553398058252427,0.11650485436893204,0.04854368932038835,0.04854368932038835
132,5hrGstK33Ed9PgdL9yEMHh,"Set It All Free - From ""Sing"" Original Motion Picture Soundtrack",Sing (Original Motion Picture Soundtrack / Deluxe),Various Artists,2016-12-09,50,214546,0.484,7.36e-06,0.853,0.0139,0.111,0.499,-4.548,0.124,134.077,6,4,surprised,0.0,0.0,0.0,0.0,0.0,0.0,0.0,0.0,0.0,0.0
133,3vWzyGTu6Ovo1GdrcJqH6e,Scared of the Dark (feat. XXXTENTACION),Spider-Man: Into the Spider-Verse (Soundtrack From & Inspired by the Motion Picture),Various Artists,2018-12-14,68,233000,0.549,0.0485,0.625,0.0,0.239,0.158,-6.717,0.0682,79.949,0,4,surprised,0.11009174311926606,0.10091743119266056,0.1743119266055046,0.1834862385321101,0.03669724770642202,0.01834862385321101,0.1559633027522936,0.009174311926605505,0.09174311926605505,0.11926605504587157
134,2u3HTlrmGMP9jQv17o6UCz,Shapeshifting,Shapeshifting,Taylor Acorn,2022-05-13,52,196098,0.609,0.0523,0.859,0.0,0.117,0.663,-3.108,0.0479,94.998,5,4,surprised,0.05405405405405406,0.1891891891891892,0.16216216216216217,0.10810810810810811,0.05405405405405406,0.05405405405405406,0.08108108108108109,0.05405405405405406,0.05405405405405406,0.1891891891891892
135,76OGwb5RA9h4FxQPT33ekc,SNAP,SNAP,Rosa Linn,2022-03-19,63,179551,0.565,0.107,0.636,9.9e-06,0.447,0.525,-8.198,0.0638,170.01,0,4,surprised,0.0,0.0,0.0,0.0,0.0,0.0,0.0,0.0,0.0,0.0
136,3xtiXNDbSKxy20I7D6vFUg,"Soldier, Poet, King",Dear Wormwood,The Oh Hellos,2015-10-16,72,165673,0.347,0.031,0.758,0.000659,0.109,0.484,-7.753,0.0706,117.959,8,4,surprised,0.2033898305084746,0.01694915254237288,0.2542372881355932,0.01694915254237288,0.06779661016949153,0.0,0.22033898305084745,0.2033898305084746,0.01694915254237288,0.0
137,3KkXRkHbMCARz0aVfEt68P,Sunflower - Spider-Man: Into the Spider-Verse,Spider-Man: Into the Spider-Verse (Soundtrack From & Inspired by the Motion Picture),Various Artists,2018-12-14,79,158040,0.76,0.552,0.478,0.0,0.0703,0.913,-5.574,0.0467,89.908,2,4,surprised,0.010309278350515464,0.14432989690721648,0.1958762886597938,0.12371134020618557,0.08247422680412371,0.10309278350515463,0.14432989690721648,0.08247422680412371,0.07216494845360824,0.041237113402061855
138,760jhRscwGbIIe1m1IIQpU,Surface Pressure,Encanto (Original Motion Picture Soundtrack),Lin-Manuel Miranda,2021-11-19,69,202226,0.65,0.0174,0.584,1.54e-06,0.042,0.37,-8.286,0.307,180.088,2,4,surprised,0.06382978723404255,0.1276595744680851,0.30851063829787234,0.10638297872340426,0.06382978723404255,0.05319148936170213,0.09574468085106383,0.031914893617021274,0.0425531914893617,0.10638297872340426
139,0VjHGd8FeRA9fZq9D9UI2A,Tell Me I Can't,Tell Me I Can't,Michelle Khare,2018-06-02,21,228500,0.66,0.259,0.661,0.00151,0.107,0.125,-6.82,0.042,120.015,1,4,surprised,0.14444444444444443,0.06111111111111111,0.11666666666666667,0.06111111111111111,0.011111111111111112,0.05555555555555555,0.2,0.05555555555555555,0.18333333333333332,0.1111111111111111
140,0V8FYVlBFuXXTIvRnMbZyS,The Climb,Hannah Montana The Movie,Various Artists,2009-01-01,63,236066,0.327,0.0834,0.588,0.0,0.104,0.329,-6.611,0.0336,161.074,4,4,surprised,0.05714285714285714,0.14285714285714285,0.2,0.1,0.08571428571428572,0.04285714285714286,0.11428571428571428,0.04285714285714286,0.07142857142857142,0.14285714285714285
141,4sa1IK77sp1GLMRXOJ91mU,The Last Time (feat. Gary Lightbody of Snow Patrol) (Taylor’s Version),Red (Taylor’s Version): The Slow Motion Chapter,Taylor Swift,2022-01-19,22,299080,0.504,0.0403,0.55,0.0,0.111,0.165,-6.148,0.028,93.993,2,4,surprised,0.09375,0.0625,0.078125,0.046875,0.015625,0.09375,0.109375,0.0,0.0,0.5
142,4lszNcJSaz61QT6gpMhFU1,Think Before I Talk,Think Before I Talk,Astrid S,2017-08-25,44,184908,0.776,0.367,0.599,0.0,0.149,0.536,-5.588,0.147,121.997,5,4,surprised,0.07142857142857142,0.12142857142857143,0.15714285714285714,0.12142857142857143,0.11428571428571428,0.03571428571428571,0.12857142857142856,0.07857142857142857,0.08571428571428572,0.08571428571428572
143,45aBsnKRWUzhwbcqOJLwfe,This Is Me,The Greatest Showman (Original Motion Picture Soundtrack),Various Artists,2017-12-08,70,234706,0.284,0.00583,0.704,0.000115,0.0424,0.1,-7.276,0.186,191.702,2,4,surprised,0.039473684210526314,0.25,0.25,0.17105263157894737,0.07894736842105263,0.05263157894736842,0.06578947368421052,0.02631578947368421,0.039473684210526314,0.02631578947368421
144,3pQ2cHpl1W4whakvbrUca0,this is me trying,folklore: the sleepless nights chapter,Taylor Swift,2020-08-24,32,195097,0.515,0.314,0.476,4.74e-05,0.171,0.412,-9.843,0.0328,135.886,9,4,surprised,0.0,0.19230769230769232,0.3076923076923077,0.15384615384615385,0.19230769230769232,0.0,0.038461538461538464,0.07692307692307693,0.0,0.038461538461538464
145,3Zwu2K0Qa5sT6teCCHPShP,Thnks fr th Mmrs,Infinity On High,Fall Out Boy,2007-01-01,78,203506,0.46,0.0051,0.892,0.0,0.106,0.59,-5.046,0.0619,154.844,10,4,surprised,0.10416666666666667,0.0625,0.08333333333333333,0.0625,0.0625,0.08333333333333333,0.14583333333333334,0.020833333333333332,0.08333333333333333,0.2916666666666667
146,6WC5fhc9XMaCrUNKNjm9xE,Thumbs,EVOLution,Sabrina Carpenter,2016-10-14,72,216466,0.73,0.0284,0.718,0.0,0.0892,0.127,-3.496,0.0478,135.045,8,4,surprised,0.24444444444444444,0.044444444444444446,0.1111111111111111,0.08888888888888889,0.0,0.0,0.2222222222222222,0.022222222222222223,0.1111111111111111,0.15555555555555556
147,3qrH2YFnbEiQeUe4wzgOuP,"Try Everything - From ""Zootropolis""","Try Everything (From ""Zootropolis"")",Shakira,2016-02-05,62,196706,0.704,0.0283,0.598,0.0,0.106,0.472,-4.922,0.0309,115.483,1,4,surprised,0.0,0.0,0.0,0.0,0.0,0.0,0.0,0.0,0.0,0.0
148,734AzdSzwjjJLpyuqowTi4,Twenty Eight,Twenty Eight,Taylor Acorn,2022-12-16,33,206685,0.707,0.71,0.451,0.0,0.088,0.242,-7.054,0.0282,111.956,11,4,surprised,0.017543859649122806,0.08771929824561403,0.3684210526315789,0.05263157894736842,0.14035087719298245,0.0,0.12280701754385964,0.12280701754385964,0.07017543859649122,0.017543859649122806
149,0nrRP2bk19rLc0orkWPQk2,Wake Me Up,True,Avicii,2013-01-01,84,247426,0.532,0.0038,0.783,0.0012,0.161,0.643,-5.697,0.0523,124.08,2,4,surprised,0.034482758620689655,0.06896551724137931,0.1724137931034483,0.22413793103448276,0.017241379310344827,0.08620689655172414,0.10344827586206896,0.017241379310344827,0.10344827586206896,0.1724137931034483
150,3oRW9ZGPRbLRMneQ5lwflt,Waiting On A Miracle,Encanto (Original Motion Picture Soundtrack),Lin-Manuel Miranda,2021-11-19,63,161840,0.48,0.171,0.554,0.0,0.131,0.267,-8.145,0.069,190.066,1,3,surprised,0.0,0.0,0.0,0.0,0.0,0.0,0.0,0.0,0.0,0.0
151,0H5g2iaL1PZTxfK3vXWcu6,What Are We Fighting For,Road Through Hell,The Federal Empire,2020-03-25,40,215915,0.494,0.036,0.677,0.0,0.266,0.594,-6.974,0.0405,79.992,3,4,surprised,0.12213740458015267,0.07633587786259542,0.22900763358778625,0.061068702290076333,0.1297709923664122,0.061068702290076333,0.11450381679389313,0.0,0.09923664122137404,0.10687022900763359
152,69QrHCOS1eb2Md6fFchWbF,What Doesn’t Kill You Mutates and Tries Again,What Doesn’t Kill You Mutates and Tries Again,iamnotshane,2022-10-05,0,176440,0.638,0.37,0.566,0.0,0.092,0.412,-7.146,0.0657,163.918,11,4,surprised,0.10619469026548672,0.12389380530973451,0.1592920353982301,0.13274336283185842,0.07079646017699115,0.02654867256637168,0.1504424778761062,0.02654867256637168,0.1504424778761062,0.05309734513274336
153,5zsHmE2gO3RefVsPyw2e3T,What's Up Danger (with Black Caviar),Spider-Man: Into the Spider-Verse (Soundtrack From & Inspired by the Motion Picture),Various Artists,2018-12-14,69,222306,0.701,0.00363,0.755,0.000814,0.121,0.116,-5.82,0.0417,95.041,2,4,surprised,0.0472972972972973,0.25,0.2972972972972973,0.20270270270270271,0.0472972972972973,0.033783783783783786,0.06756756756756757,0.02702702702702703,0.006756756756756757,0.02027027027027027
154,5xor0JUXi9FATXga9StAJI,White Horse (Taylor’s Version),Fearless (Taylor's Version): The Halfway Out The Door Chapter,Taylor Swift,2021-05-13,20,234515,0.423,0.369,0.517,0.0,0.177,0.366,-7.377,0.0486,185.262,0,4,surprised,0.15789473684210525,0.02631578947368421,0.21052631578947367,0.10526315789473684,0.02631578947368421,0.07894736842105263,0.17105263157894737,0.013157894736842105,0.10526315789473684,0.10526315789473684
155,1QxcWlk8PivolUaWcpAoNq,Who Is She ?,Neveroddoreven,I Monster,2005-01-27,70,213373,0.392,0.076,0.802,0.00908,0.0925,0.101,-4.014,0.0418,152.734,1,4,surprised,0.10526315789473684,0.02631578947368421,0.10526315789473684,0.10526315789473684,0.02631578947368421,0.10526315789473684,0.23684210526315788,0.0,0.15789473684210525,0.13157894736842105
156,0tBbt8CrmxbjRP0pueQkyU,Wolves,Wolves,Selena Gomez,2017-10-25,75,197993,0.725,0.124,0.804,0.0,0.204,0.31,-4.614,0.0422,124.996,11,4,surprised,0.1130952380952381,0.03571428571428571,0.21428571428571427,0.08928571428571429,0.05952380952380952,0.11904761904761904,0.1488095238095238,0.05952380952380952,0.13690476190476192,0.023809523809523808
157,45bE4HXI0AwGZXfZtMp8JR,you broke me first,you broke me first,Tate McRae,2020-04-17,18,169265,0.667,0.785,0.373,0.0,0.0906,0.0823,-9.389,0.05,124.148,4,4,surprised,0.014492753623188406,0.2028985507246377,0.2463768115942029,0.2028985507246377,0.08695652173913043,0.043478260869565216,0.08695652173913043,0.07246376811594203,0.0,0.043478260869565216
158,7Bjf96uNizpvXLvNyOJpst,You Need To Calm Down - Clean Bandit Remix,You Need To Calm Down (Clean Bandit Remix),Taylor Swift,2019-08-20,45,152773,0.726,0.072,0.88,0.000462,0.0906,0.739,-4.137,0.0581,95.037,2,4,surprised,0.037037037037037035,0.12962962962962962,0.14814814814814814,0.09259259259259259,0.09259259259259259,0.037037037037037035,0.2222222222222222,0.09259259259259259,0.07407407407407407,0.07407407407407407
159,4VbErhGDMTnvPAnt5z70DL,You're Not Sorry - CSI Remix,You're Not Sorry (CSI Remix),Taylor Swift,2020-02-07,31,262440,0.601,0.0516,0.744,0.0111,0.117,0.484,-5.269,0.0369,133.95,6,4,surprised,0.04,0.1,0.18,0.12,0.04,0.0,0.24,0.02,0.1,0.16
160,0pqnGHJpmpxLKifKRmU6WP,Believer,Evolve,Imagine Dragons,2017-06-23,86,204346,0.776,0.0622,0.78,0.0,0.081,0.666,-4.374,0.128,124.949,10,4,surprised,0.168,0.152,0.2,0.184,0.04,0.032,0.144,0.008,0.048,0.024
161,2E43WFS4rRc09za2r2GmZl,My Songs Know What You Did In The Dark (Light Em Up),Save Rock And Roll,Fall Out Boy,2013-04-12,74,186826,0.557,0.0271,0.924,3.32e-06,0.537,0.566,-4.341,0.064,151.988,9,4,surprised,0.06153846153846154,0.12307692307692308,0.1076923076923077,0.3230769230769231,0.06153846153846154,0.015384615384615385,0.12307692307692308,0.015384615384615385,0.07692307692307693,0.09230769230769231
162,7jwDuO7UZvWs77KNj9HbvF,The Phoenix,Save Rock And Roll,Fall Out Boy,2013-04-12,69,244960,0.561,0.000557,0.964,1.46e-06,0.579,0.411,-2.993,0.0719,138.064,4,4,surprised,0.023622047244094488,0.2125984251968504,0.16535433070866143,0.07874015748031496,0.05511811023622047,0.031496062992125984,0.16535433070866143,0.023622047244094488,0.08661417322834646,0.15748031496062992
163,3Te8uLyit6X3ncNW8Fp3K2,Immortals,American Beauty/American Psycho,Fall Out Boy,2015-01-16,72,189386,0.616,0.00131,0.868,1.54e-06,0.671,0.475,-3.606,0.0699,108.016,2,4,surprised,0.058823529411764705,0.11764705882352941,0.11764705882352941,0.11764705882352941,0.058823529411764705,0.0,0.14705882352941177,0.029411764705882353,0.029411764705882353,0.3235294117647059
164,04aAxqtGp5pv12UXAg4pkq,Centuries,American Beauty/American Psycho,Fall Out Boy,2015-01-16,79,228360,0.393,0.00359,0.858,0.0,0.102,0.56,-2.868,0.0729,176.042,4,4,surprised,0.05172413793103448,0.10344827586206896,0.27586206896551724,0.13793103448275862,0.06896551724137931,0.034482758620689655,0.15517241379310345,0.034482758620689655,0.06896551724137931,0.06896551724137931
165,6TfBA04WJ3X1d1wXhaCFVT,"You're Gonna Go Far, Kid","Rise And Fall, Rage And Grace",The Offspring,2008-06-17,81,177826,0.55,0.00428,0.917,0.0,0.197,0.601,-3.159,0.0638,126.115,0,4,surprised,0.16216216216216217,0.05405405405405406,0.11711711711711711,0.02702702702702703,0.14414414414414414,0.12612612612612611,0.17117117117117117,0.018018018018018018,0.12612612612612611,0.05405405405405406
166,4xkOaSrkexMciUUogZKVTS,Till I Collapse,The Eminem Show,Eminem,2002-05-26,82,297786,0.548,0.0622,0.847,0.0,0.0816,0.1,-3.237,0.186,171.447,1,4,surprised,0.0,0.0,0.0,0.0,0.0,0.0,0.0,0.0,0.0,0.0
167,7vwkKw2Xd7Pks1X712Au0T,Remember the Name (feat. Styles of Beyond),The Rising Tied (Deluxe Edition),Fort Minor,2005-11-15,6,230493,0.688,0.0583,0.835,2.87e-06,0.0795,0.88,-4.162,0.0911,84.858,8,4,surprised,0.1095890410958904,0.10273972602739725,0.1506849315068493,0.0958904109589041,0.0821917808219178,0.06164383561643835,0.15753424657534246,0.06164383561643835,0.0821917808219178,0.0958904109589041
168,2EtDBM1HREttw143IwZvJ0,Dreamin (with blackbear),Pressure,The Score,2019-02-01,52,198640,0.609,0.00252,0.726,0.0,0.0745,0.616,-3.947,0.108,79.967,1,4,surprised,0.16393442622950818,0.04918032786885246,0.18032786885245902,0.04918032786885246,0.08196721311475409,0.04918032786885246,0.16393442622950818,0.04918032786885246,0.06557377049180328,0.14754098360655737
169,5rJt3Z3WQC8VA4v6yOM3lf,Dreams of Reality,Dreams of Reality - Single,Fame Or Juliet,2012-02-04,26,178312,0.71,0.379,0.831,0.0,0.0501,0.347,-4.308,0.0825,139.994,6,4,surprised,0.0,0.0,0.0,0.0,0.0,0.0,0.0,0.0,0.0,0.0
170,2gf1bITfaG6Q7q7Clwh0Ma,Rise / The Greatest,Rise / The Greatest,Jacob Sutherland,2016-11-17,0,197688,0.754,0.338,0.552,0.000441,0.315,0.101,-7.965,0.0897,105.973,8,4,surprised,0.0,0.0,0.0,0.0,0.0,0.0,0.0,0.0,0.0,0.0
171,7Fv8Qp3tTSbSS2VjryUF7L,Revolution,ATLAS,The Score,2017-10-13,62,231986,0.574,0.0611,0.833,0.0,0.105,0.574,-6.239,0.0563,86.008,8,4,surprised,0.05333333333333334,0.12,0.15555555555555556,0.1288888888888889,0.1111111111111111,0.10666666666666667,0.1688888888888889,0.03111111111111111,0.008888888888888889,0.11555555555555555
172,7D0RhFcb3CrfPuTJ0obrod,Sparks,Parachutes,Coldplay,2000-07-10,86,227093,0.371,0.748,0.268,0.0517,0.104,0.165,-10.506,0.0281,102.617,1,3,surprised,0.1875,0.0,0.125,0.1875,0.0,0.0,0.1875,0.0,0.1875,0.125
173,7oRNU7Tmek0nm2lqyDojoG,Beach Baby,Blood Bank,Bon Iver,2009-01-20,0,160093,0.668,0.983,0.081,0.42,0.114,0.0925,-17.282,0.0366,114.358,0,3,surprised,0.0,0.0,0.1111111111111111,0.1111111111111111,0.0,0.2222222222222222,0.1111111111111111,0.0,0.2222222222222222,0.2222222222222222
174,0u2vn9lTw6nhFK315OrQtE,All alright,Með suð í eyrum við spilum endalaust,Sigur Rós,2008-06-20,28,377566,0.319,0.959,0.0319,0.583,0.134,0.0812,-19.446,0.0452,132.376,2,5,surprised,0.09803921568627451,0.058823529411764705,0.0784313725490196,0.0392156862745098,0.0392156862745098,0.29411764705882354,0.1568627450980392,0.0,0.11764705882352941,0.11764705882352941
175,4Q66chx9WzqWcLItXoZ5r4,Cherry Wine - Live,Hozier,Hozier,2014-09-19,65,240147,0.475,0.952,0.111,0.00333,0.0982,0.233,-14.848,0.0366,101.487,1,4,surprised,0.11290322580645161,0.06451612903225806,0.16129032258064516,0.04838709677419355,0.12903225806451613,0.06451612903225806,0.1935483870967742,0.03225806451612903,0.08064516129032258,0.11290322580645161
176,4LGJ2pLDvTRnul3EcZoYkX,Like Real People Do,Hozier,Hozier,2014-09-19,67,198029,0.571,0.914,0.183,0.376,0.106,0.13,-14.371,0.0296,70.062,7,3,surprised,0.13636363636363635,0.0,0.022727272727272728,0.022727272727272728,0.0,0.13636363636363635,0.3181818181818182,0.022727272727272728,0.13636363636363635,0.20454545454545456
177,18UsAG7SfOQ5sxJEdjAMH0,Be My Mistake,A Brief Inquiry Into Online Relationships,The 1975,2018-11-30,64,256687,0.576,0.834,0.155,0.000137,0.0906,0.0946,-14.405,0.0341,109.843,6,3,surprised,0.1,0.0,0.3333333333333333,0.16666666666666666,0.03333333333333333,0.0,0.1,0.03333333333333333,0.1,0.13333333333333333
178,0742PcMPo2Akmo4vHC29VZ,this is how you fall in love,this is how you fall in love,Jeremy Zucker,2021-01-15,0,174586,0.52,0.733,0.204,2.53e-05,0.126,0.274,-12.488,0.0355,79.682,7,4,surprised,0.0847457627118644,0.03389830508474576,0.11864406779661017,0.0847457627118644,0.0,0.03389830508474576,0.3559322033898305,0.0,0.23728813559322035,0.05084745762711865
179,5PzWVmfzu7rePAuFkxPQf0,Repeat Until Death,Birthplace,Novo Amor,2018-10-19,66,234080,0.233,0.982,0.15,0.36,0.154,0.0875,-11.736,0.0336,143.887,1,3,surprised,0.2,0.06666666666666667,0.13333333333333333,0.06666666666666667,0.0,0.13333333333333333,0.2,0.06666666666666667,0.06666666666666667,0.06666666666666667
180,7qH9Z4dJEN0l9bidizW7fq,Anchor,Bathing Beach,Novo Amor,2017-05-26,78,257533,0.457,0.805,0.407,0.884,0.126,0.126,-11.475,0.0308,117.053,9,4,surprised,0.0,0.0,0.0,0.0,0.0,0.0,0.0,0.0,0.0,0.0
181,4fbvXwMTXPWaFyaMWUm9CR,Holocene,Bon Iver,Bon Iver,2011-06-21,0,336613,0.374,0.943,0.304,0.298,0.126,0.147,-14.52,0.0302,147.969,1,4,surprised,0.15789473684210525,0.02631578947368421,0.13157894736842105,0.02631578947368421,0.0,0.10526315789473684,0.23684210526315788,0.05263157894736842,0.15789473684210525,0.10526315789473684
182,0CwLue2qwkPcQpovNGNtVx,i looked into your eyes,i looked into your eyes,Sky McCreery,2021-03-19,54,148556,0.475,0.853,0.0989,0.0,0.271,0.3,-9.55,0.0474,133.713,10,4,surprised,0.125,0.09722222222222222,0.16666666666666666,0.08333333333333333,0.08333333333333333,0.013888888888888888,0.1527777777777778,0.041666666666666664,0.1527777777777778,0.08333333333333333
183,0i5w6z3hhpfVMkRUdv9jQ4,Call U Tomorrow,Call U Tomorrow,Montell Fish,2021-10-15,0,186666,0.376,0.911,0.253,0.00956,0.0962,0.207,-16.029,0.0349,108.145,8,4,surprised,0.03225806451612903,0.0967741935483871,0.12903225806451613,0.12903225806451613,0.03225806451612903,0.03225806451612903,0.03225806451612903,0.03225806451612903,0.03225806451612903,0.45161290322580644
184,19DIgGR0KFZhoE1lOrzspa,Those Eyes,Those Eyes,New West,2019-05-10,0,220750,0.602,0.728,0.353,3.49e-05,0.313,0.237,-8.033,0.0282,119.991,4,3,surprised,0.02702702702702703,0.08108108108108109,0.3783783783783784,0.1891891891891892,0.0,0.02702702702702703,0.13513513513513514,0.0,0.13513513513513514,0.02702702702702703
185,1HYnjKqSSHh1tdl2Hi57zH,"Wasteland, Baby!","Wasteland, Baby!",Hozier,2019-03-01,61,266466,0.427,0.612,0.407,0.386,0.109,0.244,-9.665,0.0382,168.844,2,4,surprised,0.058333333333333334,0.09166666666666666,0.125,0.075,0.05,0.03333333333333333,0.25833333333333336,0.025,0.225,0.058333333333333334
186,0djZ2ndRfAL69WYNra5jRC,April Come She Will,Sounds Of Silence,Simon & Garfunkel,1966-01-17,63,109386,0.489,0.863,0.186,0.000152,0.2,0.349,-16.237,0.029,102.245,9,4,surprised,0.0,0.3076923076923077,0.23076923076923078,0.07692307692307693,0.0,0.07692307692307693,0.23076923076923078,0.0,0.07692307692307693,0.0
187,3ou9rSNUQnE7XYmJkUUIOc,Green Eyes,A Rush of Blood to the Head,Coldplay,2002-08-27,62,223040,0.607,0.539,0.405,6.7e-06,0.231,0.233,-8.607,0.0265,129.543,9,4,surprised,0.06930693069306931,0.07425742574257425,0.22277227722772278,0.19306930693069307,0.034653465346534656,0.04950495049504951,0.16336633663366337,0.0049504950495049506,0.1485148514851485,0.039603960396039604
188,1ydKLmtx7LYnDe1udTu96w,Suffocate,Suffocate,Hayd,2020-02-06,0,241967,0.653,0.847,0.0584,0.000361,0.175,0.163,-21.98,0.0442,122.057,4,4,surprised,0.019230769230769232,0.019230769230769232,0.11538461538461539,0.09615384615384616,0.038461538461538464,0.057692307692307696,0.3076923076923077,0.038461538461538464,0.19230769230769232,0.11538461538461539
189,01Dc5vTMc9axpkvDUy0yiD,Words,This Empty Northern Hemisphere,Gregory Alan Isakov,2009-01-01,55,241626,0.45,0.931,0.137,0.0259,0.111,0.108,-17.71,0.0372,118.018,1,3,surprised,0.04838709677419355,0.0,0.27419354838709675,0.016129032258064516,0.24193548387096775,0.016129032258064516,0.1935483870967742,0.0,0.1774193548387097,0.03225806451612903
190,2keT649m2xIywngAVJHsuC,Forever & Always,Forever & Always,Zeph,2018-12-26,0,249704,0.496,0.989,0.102,0.924,0.111,0.357,-23.562,0.0455,154.871,8,4,surprised,0.0,0.0,0.0,0.0,0.0,0.0,0.0,0.0,0.0,0.0
191,7KhzNtBj6hmB08fyJCIRb3,Changes,Changes - EP,Hayd,2021-09-17,58,214814,0.624,0.941,0.115,3.47e-05,0.11,0.287,-17.139,0.0446,120.198,6,4,surprised,0.11320754716981132,0.14622641509433962,0.18867924528301888,0.09905660377358491,0.07075471698113207,0.02830188679245283,0.14622641509433962,0.05660377358490566,0.04716981132075472,0.10377358490566038
192,5s4EvlbE1S74qznd9W1jCf,Faces,Changes - EP,Hayd,2021-09-17,41,161786,0.525,0.948,0.145,2.87e-05,0.343,0.191,-17.602,0.0754,184.149,5,4,surprised,0.16326530612244897,0.0,0.0,0.0,0.0,0.16326530612244897,0.24489795918367346,0.0,0.24489795918367346,0.1836734693877551
193,3CeKc83EsgRPItgvlDHo5B,Head In The Clouds,Changes - EP,Hayd,2021-09-17,61,184559,0.778,0.967,0.134,0.00352,0.0936,0.287,-17.927,0.0506,116.078,4,4,surprised,0.12903225806451613,0.0967741935483871,0.12903225806451613,0.0,0.03225806451612903,0.0967741935483871,0.1935483870967742,0.0,0.03225806451612903,0.2903225806451613
194,7sTDqaGUr9NM8NHQ5SNHi1,That's Us,Songs I Wrote in My Bedroom,Anson Seabra,2020-05-08,56,270461,0.621,0.968,0.108,1.67e-05,0.137,0.204,-15.399,0.0493,129.285,10,4,surprised,0.023255813953488372,0.0,0.11627906976744186,0.046511627906976744,0.0,0.13953488372093023,0.2558139534883721,0.0,0.16279069767441862,0.2558139534883721
195,3pt2acuxLXvIGproniPoq9,Closure,Changes - EP,Hayd,2021-09-17,54,196277,0.692,0.967,0.107,0.0,0.302,0.377,-16.182,0.0463,123.999,2,4,surprised,0.07476635514018691,0.08878504672897196,0.16355140186915887,0.07476635514018691,0.12149532710280374,0.06542056074766354,0.1542056074766355,0.0794392523364486,0.102803738317757,0.07476635514018691
196,6Py8QOQ4I1286xM9KncPQ4,lvr boy,lvr boy,awfultune,2018-04-23,52,295751,0.498,0.949,0.0283,1.76e-06,0.251,0.0653,-25.021,0.0427,85.473,6,4,surprised,0.10294117647058823,0.029411764705882353,0.2426470588235294,0.058823529411764705,0.029411764705882353,0.014705882352941176,0.13970588235294118,0.14705882352941177,0.13970588235294118,0.09558823529411764
197,3JOF9NzQVkUXtCcJbEQuAb,Heart Like Yours,If I Stay (Original Motion Picture Soundtrack),Various Artists,2014-08-22,53,199960,0.465,0.874,0.259,0.0,0.102,0.337,-9.849,0.0318,93.301,7,4,surprised,0.0,0.0,0.0,0.0,0.0,0.0,0.0,0.0,0.0,0.0
198,2AHKsVXN6BjBO8SEVX6cBC,Broken,Songs I Wrote in My Bedroom,Anson Seabra,2020-05-08,52,305675,0.481,0.956,0.0759,0.0,0.154,0.234,-14.2,0.0601,98.979,6,4,surprised,0.047058823529411764,0.10588235294117647,0.16470588235294117,0.11764705882352941,0.07058823529411765,0.047058823529411764,0.10588235294117647,0.047058823529411764,0.08235294117647059,0.21176470588235294
199,2uam91rxWQIlJkYMIlI21o,The Idea Of You,Changes - EP,Hayd,2021-09-17,39,181075,0.521,0.893,0.225,1.81e-06,0.299,0.298,-17.63,0.0468,138.218,6,5,surprised,0.047619047619047616,0.0,0.14285714285714285,0.0,0.0,0.047619047619047616,0.35714285714285715,0.0,0.2857142857142857,0.11904761904761904
200,1BGfRhzOfggqjNyqFKIRnT,Old Lovers in Dressing Rooms,Kindly Now,Keaton Henson,2016-09-16,31,305579,0.433,0.934,0.12,1.49e-05,0.303,0.16,-14.716,0.0426,130.438,1,4,surprised,0.11475409836065574,0.08196721311475409,0.13114754098360656,0.06557377049180328,0.03278688524590164,0.06557377049180328,0.21311475409836064,0.01639344262295082,0.14754098360655737,0.13114754098360656
201,5rTjMOVDiXDxkJavr2GxEL,Lonely Shade of Blue,LEMONS,Nick Leng,2020-04-24,41,262600,0.672,0.888,0.129,6.03e-05,0.0891,0.17,-12.984,0.0336,114.935,4,4,surprised,0.025,0.05,0.175,0.2,0.025,0.0125,0.2375,0.025,0.2375,0.0125
202,2h96laC0Hjwx49xROS1rYz,Everything Has Its Place,Young Mister,Young Mister,2016-06-24,0,252925,0.303,0.723,0.252,0.144,0.0887,0.291,-11.814,0.0366,80.148,9,1,surprised,0.14285714285714285,0.0,0.21428571428571427,0.14285714285714285,0.0,0.14285714285714285,0.21428571428571427,0.0,0.07142857142857142,0.07142857142857142
203,7I8ftQPSknxqIH8jiuh6iv,All I've Ever Known,Bahamas Is Afie,Bahamas,2014-08-19,46,375973,0.681,0.688,0.202,0.247,0.108,0.254,-11.16,0.0317,126.05,5,4,surprised,0.034482758620689655,0.20689655172413793,0.1724137931034483,0.13793103448275862,0.10344827586206896,0.034482758620689655,0.06896551724137931,0.034482758620689655,0.06896551724137931,0.13793103448275862
204,6KXjVls7c18oAxdVFXvy8i,Tenenbaum,States,The Paper Kites,2013-09-02,41,219080,0.505,0.889,0.176,0.608,0.0965,0.436,-18.457,0.0372,88.859,1,4,surprised,0.17307692307692307,0.038461538461538464,0.09615384615384616,0.057692307692307696,0.038461538461538464,0.038461538461538464,0.21153846153846154,0.038461538461538464,0.21153846153846154,0.09615384615384616
205,5BTHMC1yaJGHmUi2nRpXfq,"Honey, It's Alright",The Weatherman,Gregory Alan Isakov,2013-07-09,57,191080,0.471,0.94,0.0775,0.00675,0.106,0.0839,-15.664,0.0562,132.02,0,3,surprised,0.06896551724137931,0.06896551724137931,0.13793103448275862,0.10344827586206896,0.06896551724137931,0.034482758620689655,0.3448275862068966,0.034482758620689655,0.10344827586206896,0.034482758620689655
206,6iq7Jv43ULC1zRqtdpYDnI,Still Feel It All,it's OK,MARO,2018-11-30,0,201272,0.488,0.949,0.141,0.00153,0.0929,0.225,-16.96,0.035,105.01,9,4,surprised,0.0,0.23809523809523808,0.2857142857142857,0.0,0.047619047619047616,0.047619047619047616,0.09523809523809523,0.09523809523809523,0.0,0.19047619047619047
207,2FKbisOVZcinq7VtYUFD4H,As Much as I Ever Could,Bring Me Your Love (Special Edition),City and Colour,2008-11-25,34,324786,0.56,0.906,0.241,0.000329,0.257,0.148,-12.621,0.0341,118.462,9,3,surprised,0.07547169811320754,0.05660377358490566,0.1320754716981132,0.07547169811320754,0.07547169811320754,0.03773584905660377,0.2830188679245283,0.018867924528301886,0.16981132075471697,0.07547169811320754
208,3hRV0jL3vUpRrcy398teAU,The Night We Met,Strange Trails,Lord Huron,2015-04-06,88,208211,0.448,0.968,0.369,0.272,0.638,0.0998,-9.514,0.0452,174.097,9,3,surprised,0.0,0.3157894736842105,0.3157894736842105,0.21052631578947367,0.05263157894736842,0.0,0.05263157894736842,0.05263157894736842,0.0,0.0
209,4Hvm9R3JYXBF8fcdi2F3oA,I Love You Too,I Love You Too,Peter McPoland,2020-04-17,44,189868,0.54,0.939,0.0534,0.00111,0.0986,0.145,-18.585,0.0432,94.111,10,3,surprised,0.10714285714285714,0.03571428571428571,0.03571428571428571,0.05952380952380952,0.023809523809523808,0.011904761904761904,0.3333333333333333,0.011904761904761904,0.3333333333333333,0.047619047619047616
210,7io1erAh1tMxG5VMBC8rVw,Hugging You - Acoustic,Z-Sides,Tom Rosenthal,2018-10-26,55,233557,0.4,0.957,0.037,4.22e-05,0.0964,0.316,-20.456,0.0503,77.936,8,4,surprised,0.058823529411764705,0.17647058823529413,0.20588235294117646,0.19117647058823528,0.058823529411764705,0.029411764705882353,0.08823529411764706,0.04411764705882353,0.07352941176470588,0.07352941176470588
211,6GrH3wl9FqtpNazArMvsP0,It's U,Lemon Boy,Cavetown,2018-01-01,50,252708,0.613,0.564,0.364,0.0,0.119,0.149,-11.474,0.0274,120.082,6,4,surprised,0.06437768240343347,0.1072961373390558,0.19313304721030042,0.09871244635193133,0.1459227467811159,0.060085836909871244,0.09871244635193133,0.09871244635193133,0.05150214592274678,0.0815450643776824
212,0NlGoUyOJSuSHmngoibVAs,All I Want,In A Perfect World (Expanded Edition),Kodaline,2013-06-17,77,305746,0.188,0.174,0.411,0.153,0.0843,0.159,-9.733,0.0484,187.376,0,3,surprised,0.10144927536231885,0.014492753623188406,0.014492753623188406,0.014492753623188406,0.028985507246376812,0.057971014492753624,0.3333333333333333,0.028985507246376812,0.3188405797101449,0.08695652173913043
213,5Wjf9NsW6QCmBiDIdVvMbP,Love Like This - Acoustic,In A Perfect World (Collection),Kodaline,2013-06-17,52,241640,0.398,0.961,0.151,0.0443,0.0923,0.0749,-14.402,0.0342,107.068,4,4,surprised,0.07017543859649122,0.07017543859649122,0.10526315789473684,0.07017543859649122,0.0,0.03508771929824561,0.2982456140350877,0.0,0.24561403508771928,0.10526315789473684
214,1IF5UcqRO42D12vYwceOY6,From the Dining Table,Harry Styles,Harry Styles,2017-05-12,69,211960,0.671,0.804,0.156,0.0518,0.113,0.201,-16.288,0.0371,94.08,8,4,surprised,0.1,0.0,0.4,0.1,0.0,0.1,0.2,0.0,0.1,0.0
215,2BYiebB5e5zuQ5BSmemJpD,"Lover, Please Stay",Nothing But Thieves (Track by Track),Nothing But Thieves,2015-10-09,41,247200,0.401,0.954,0.123,0.0,0.0925,0.129,-10.427,0.0306,73.735,1,4,surprised,0.18421052631578946,0.05263157894736842,0.13157894736842105,0.07894736842105263,0.0,0.0,0.18421052631578946,0.0,0.18421052631578946,0.18421052631578946
216,5RKUztud1fb5UhO4gljjl7,It's Ok - Slowed,It's Ok (Slowed),Edith Whiskers,2021-05-12,60,214371,0.58,0.978,0.183,0.0119,0.111,0.196,-13.6,0.0321,131.762,6,4,surprised,0.13333333333333333,0.0,0.0,0.06666666666666667,0.0,0.0,0.4,0.0,0.4,0.0
217,7JqzV029PvaPKDhUiU4spi,Last Chance,Chapter Three,CHPTRS,2018-05-29,39,304117,0.457,0.6,0.427,0.00194,0.105,0.0697,-9.848,0.0291,102.047,3,4,surprised,0.0,0.0,0.0,0.0,0.0,0.0,0.0,0.0,0.0,0.0
218,4IeGLYWTUvuqaLjBWGxix2,Found,Found,Zach Webb,2022-03-28,60,311170,0.232,0.904,0.0332,0.00333,0.36,0.0824,-23.396,0.0346,80.977,10,1,surprised,0.2727272727272727,0.030303030303030304,0.07575757575757576,0.030303030303030304,0.015151515151515152,0.0,0.3181818181818182,0.0,0.22727272727272727,0.030303030303030304
219,5k5ZVVrn8Pu6ltw3wKuPCO,Talk 2 Me,Talk 2 Me,Montell Fish,2021-07-09,0,139805,0.464,0.816,0.126,3.67e-06,0.559,0.181,-16.383,0.0647,103.176,11,4,surprised,0.045454545454545456,0.045454545454545456,0.045454545454545456,0.045454545454545456,0.0,0.0,0.5909090909090909,0.0,0.045454545454545456,0.18181818181818182
220,5HKv1sFHbXgmXBih203HxT,I Don't Wanna Be Okay Without You,Live in Peter's Attic,Charlie Burg,2016-12-20,0,243796,0.532,0.399,0.319,2.52e-05,0.138,0.166,-7.461,0.0288,62.984,5,4,surprised,0.06451612903225806,0.12903225806451613,0.1935483870967742,0.16129032258064516,0.06451612903225806,0.03225806451612903,0.16129032258064516,0.0,0.12903225806451613,0.06451612903225806
221,5eXnC2B5RU5fAhfwvV2ABD,Oceans,Tell Me It's Real (Expanded Edition),Seafret,2016-01-29,58,215440,0.372,0.267,0.462,9.91e-06,0.101,0.176,-9.1,0.0317,129.026,9,3,surprised,0.2159090909090909,0.03409090909090909,0.022727272727272728,0.0,0.011363636363636364,0.045454545454545456,0.38636363636363635,0.0,0.125,0.1590909090909091
222,1K0AENxzuLi4M420wUlvPT,Unrequited Love (& other clichés),Unrequited Love (& other clichés),Breakup Shoes,2018-03-01,51,286012,0.385,0.291,0.468,0.0293,0.0892,0.248,-9.588,0.0251,81.331,4,3,surprised,0.0,0.0,0.0,0.0,0.0,0.0,0.0,0.0,0.0,0.0
223,2LthqyP0MLhGUBICwR1535,Re: Stacks,"For Emma, Forever Ago",Bon Iver,2008-02-19,0,401413,0.676,0.979,0.0812,0.416,0.118,0.314,-22.846,0.0398,125.053,2,4,surprised,0.10256410256410256,0.07692307692307693,0.1282051282051282,0.10256410256410256,0.10256410256410256,0.10256410256410256,0.1282051282051282,0.02564102564102564,0.1282051282051282,0.10256410256410256
224,0nO25NiPrKX64oy7lz5ZaJ,I Exist I Exist I Exist,"Scotland, I Wish You Had Stayed.",Flatsound,2009-09-09,52,314500,0.445,0.35,0.157,0.761,0.153,0.121,-18.2,0.0385,118.511,7,4,surprised,0.07246376811594203,0.17391304347826086,0.2753623188405797,0.10144927536231885,0.057971014492753624,0.043478260869565216,0.10144927536231885,0.028985507246376812,0.057971014492753624,0.08695652173913043
225,2Tbym0L4Xlox9nol0YzPct,Funeral,Stranger in the Alps,Phoebe Bridgers,2017-09-22,0,232373,0.215,0.947,0.263,0.00028,0.0919,0.307,-14.416,0.0378,172.332,11,4,surprised,0.1111111111111111,0.0,0.2222222222222222,0.3333333333333333,0.0,0.0,0.0,0.0,0.0,0.3333333333333333
226,6IGejZNdxjCsWQumaHD6LE,Bookstore Girl,"Two, Moonlight",Charlie Burg,2018-07-20,0,203076,0.615,0.852,0.159,6.74e-06,0.0991,0.241,-18.066,0.0339,129.971,2,4,surprised,0.10714285714285714,0.03571428571428571,0.14285714285714285,0.07142857142857142,0.0,0.03571428571428571,0.32142857142857145,0.03571428571428571,0.07142857142857142,0.17857142857142858
227,5gVMHBodcPKPvFTxnFV5BT,Aging out of the 20th Century,Off (EP),Trash Panda,2016-09-05,37,206684,0.532,0.951,0.132,0.0021,0.117,0.236,-15.643,0.0386,115.193,10,4,surprised,0.02127659574468085,0.1702127659574468,0.2553191489361702,0.0425531914893617,0.0425531914893617,0.0425531914893617,0.1276595744680851,0.0425531914893617,0.1276595744680851,0.1276595744680851
228,30QNjcM3Q1GnLFIIJjWQL1,Places We Won't Walk,A Song For Every Moon,Bruno Major,2017-08-31,0,169410,0.388,0.969,0.0859,7.35e-05,0.108,0.19,-16.061,0.0472,88.253,7,3,surprised,0.1111111111111111,0.027777777777777776,0.1111111111111111,0.1388888888888889,0.0,0.1111111111111111,0.2222222222222222,0.05555555555555555,0.16666666666666666,0.05555555555555555
229,3lw0CSMQ88LcN0ZMP6DlWi,That Moon Song,This Empty Northern Hemisphere,Gregory Alan Isakov,2009-01-01,54,214226,0.255,0.653,0.394,0.1,0.148,0.267,-12.609,0.0309,145.315,2,3,surprised,0.045454545454545456,0.18181818181818182,0.22727272727272727,0.13636363636363635,0.045454545454545456,0.0,0.13636363636363635,0.09090909090909091,0.045454545454545456,0.09090909090909091
230,4ZJXI6GhniCI0kSuin51lF,Lost With You,Lost With You,Patrick Watson,2020-10-30,6,175644,0.373,0.98,0.157,0.0103,0.0837,0.319,-16.714,0.0331,77.483,4,4,surprised,0.0967741935483871,0.06451612903225806,0.1935483870967742,0.12903225806451613,0.06451612903225806,0.03225806451612903,0.16129032258064516,0.0967741935483871,0.0967741935483871,0.06451612903225806
231,5RWA30VaTsYkFrkzxKL3aK,Luminous,Luminous,Ludovico Einaudi,2021-10-15,55,283280,0.307,0.992,0.00229,0.931,0.098,0.281,-34.977,0.0519,67.775,1,5,surprised,0.0,0.0,0.0,0.0,0.0,0.0,0.0,0.0,0.0,0.0
232,0V5cvmTKsYmF5FmGGEAfmS,Je te laisserai des mots,Je te laisserai des mots,Patrick Watson,2010-09-10,26,160853,0.303,0.989,0.187,0.499,0.102,0.212,-16.757,0.0356,132.679,2,4,surprised,1.0,0.0,0.0,0.0,0.0,0.0,0.0,0.0,0.0,0.0
233,6l8EbYRtQMgKOyc1gcDHF9,Bridge Over Troubled Water,Bridge Over Troubled Water,Simon & Garfunkel,1970-01-26,67,293120,0.149,0.822,0.206,0.000649,0.115,0.264,-13.888,0.0323,79.764,3,4,surprised,0.11428571428571428,0.08571428571428572,0.14285714285714285,0.11428571428571428,0.05714285714285714,0.02857142857142857,0.22857142857142856,0.02857142857142857,0.11428571428571428,0.08571428571428572
234,0p8N7QE1DJtY6IVmLy1YZc,Love You Twice,Love You Twice,Lilla Vargen,2020-04-24,34,204736,0.497,0.864,0.118,4.13e-05,0.116,0.164,-11.996,0.0319,95.044,7,3,surprised,0.06521739130434782,0.10869565217391304,0.13043478260869565,0.08695652173913043,0.043478260869565216,0.043478260869565216,0.21739130434782608,0.021739130434782608,0.17391304347826086,0.10869565217391304
235,7bY5R1aMqo72yntoqhw72e,Prayer,Prayer,Keaton Henson,2020-08-12,27,357080,0.188,0.974,0.0389,0.0736,0.1,0.0386,-17.189,0.0361,82.565,1,3,surprised,0.07692307692307693,0.1282051282051282,0.15384615384615385,0.15384615384615385,0.07692307692307693,0.0,0.20512820512820512,0.10256410256410256,0.0,0.10256410256410256
236,2e9FI85RP5YVM7LYODatUp,Parking Lot - Stripped,Parking Lot (Stripped),Genevieve Stokes,2021-07-23,25,159845,0.528,0.959,0.154,0.0,0.0993,0.287,-14.639,0.0448,143.702,0,4,surprised,0.0,0.0,0.0,0.0,0.0,0.0,0.0,0.0,0.0,0.0
237,7bhI6rnvaVw8qgZPn32qE0,Looking Too Closely,Hard Believer,Fink,2014-07-14,61,310693,0.477,0.328,0.519,0.748,0.0949,0.102,-12.461,0.0358,175.094,2,4,surprised,0.010638297872340425,0.26595744680851063,0.2765957446808511,0.24468085106382978,0.14893617021276595,0.0,0.010638297872340425,0.010638297872340425,0.0,0.031914893617021274
238,0MIqB2F979ng3e9fLKEAt6,"You Needed Love, I Needed You",Tomb,Angelo De Augustine,2019-01-11,46,205657,0.523,0.93,0.18,0.00537,0.109,0.537,-13.981,0.0429,88.613,2,4,surprised,0.0,0.05555555555555555,0.05555555555555555,0.0,0.05555555555555555,0.0,0.3888888888888889,0.0,0.3333333333333333,0.1111111111111111
239,0gOz9JUXsaKVzLTSmFDtdo,A Soulmate Who Wasn’t Meant to Be,"Do You Love Me, or Are You Just Lonely?",Jess Benko,2019-07-19,61,316556,0.571,0.948,0.0274,6.43e-06,0.322,0.087,-20.274,0.0649,124.209,9,3,surprised,0.02127659574468085,0.2765957446808511,0.3404255319148936,0.06382978723404255,0.02127659574468085,0.10638297872340426,0.10638297872340426,0.0,0.0425531914893617,0.02127659574468085
240,68RI4I6SKm57SxjG06OYvN,The Wisp Sings,The Wisp Sings,Winter Aid,2013-11-11,1,313252,0.521,0.988,0.0889,0.182,0.0965,0.0479,-19.457,0.0507,115.43,4,4,surprised,0.03125,0.09375,0.15625,0.125,0.03125,0.03125,0.25,0.0,0.21875,0.0625
241,1eKvw144NYPlDjR0wQoGLW,Where's My Love - Acoustic,Where's My Love,SYML,2017-07-07,0,239880,0.554,0.892,0.225,0.0321,0.107,0.221,-11.324,0.0281,104.007,3,4,surprised,0.0,0.125,0.3125,0.125,0.0625,0.125,0.125,0.0,0.125,0.0
242,0pdKRp2sUthTPe7RLWpPqQ,You're Somebody Else,You're Somebody Else,flora cash,2018-06-19,67,218883,0.713,0.841,0.452,0.0038,0.105,0.235,-9.638,0.0295,102.963,1,4,surprised,0.02,0.16,0.2,0.12,0.02,0.04,0.18,0.04,0.04,0.18
243,7CoMBpPTwQi2wPT0U0Nr9b,State Lines,Birthplace,Novo Amor,2018-10-19,73,208653,0.509,0.959,0.31,0.229,0.0963,0.151,-10.623,0.0313,137.474,9,3,surprised,0.07142857142857142,0.14285714285714285,0.21428571428571427,0.14285714285714285,0.07142857142857142,0.0,0.2857142857142857,0.07142857142857142,0.0,0.0
244,1sQJKC3jQkuMX1wvMgKcdE,English Rose,All Mod Cons (Remastered Version),The Jam,1978-11-03,0,169333,0.53,0.953,0.116,0.000337,0.384,0.144,-20.804,0.0373,113.824,8,1,surprised,0.045454545454545456,0.045454545454545456,0.3181818181818182,0.09090909090909091,0.045454545454545456,0.09090909090909091,0.13636363636363635,0.045454545454545456,0.09090909090909091,0.09090909090909091
245,31MQR9rOHRXyg4J01hRY1h,Fall in Love with You.,Fall in Love with You.,Montell Fish,2021-11-05,0,132000,0.483,0.922,0.0394,0.0125,0.112,0.146,-19.525,0.0537,73.984,4,4,surprised,0.0392156862745098,0.0,0.13725490196078433,0.13725490196078433,0.0196078431372549,0.0,0.3333333333333333,0.0,0.29411764705882354,0.0392156862745098
246,2KnLkZ3z7PO3kgVGHGqDpD,It'll Be Okay,It'll Be Okay,Shawn Mendes,2021-12-01,69,222800,0.398,0.616,0.286,0.000146,0.0912,0.0666,-11.881,0.033,78.262,7,4,surprised,0.08571428571428572,0.07142857142857142,0.12857142857142856,0.12857142857142856,0.04285714285714286,0.05714285714285714,0.15714285714285714,0.08571428571428572,0.15714285714285714,0.08571428571428572
247,2jcGfz4bpHaOCvrcd9IHn9,Dancefloor,Mary Glenn,Mary Glenn,2017-10-10,30,322478,0.554,0.982,0.0138,0.000795,0.215,0.143,-22.37,0.0462,121.751,6,4,surprised,0.0975609756097561,0.14146341463414633,0.16097560975609757,0.13658536585365855,0.0975609756097561,0.07317073170731707,0.11219512195121951,0.07804878048780488,0.0975609756097561,0.004878048780487805
248,5Qnrgqy1pAm9GyNQOgyVFz,Fourth of July,Carrie & Lowell,Sufjan Stevens,2015-03-31,77,279316,0.435,0.973,0.104,0.33,0.119,0.162,-22.39,0.0445,120.484,6,4,surprised,0.043478260869565216,0.2028985507246377,0.2318840579710145,0.21739130434782608,0.014492753623188406,0.0,0.15942028985507245,0.028985507246376812,0.043478260869565216,0.057971014492753624
249,6VzcQuzTNTMFnJ6rBSaLH9,Fine Line,Fine Line,Harry Styles,2019-12-13,76,377960,0.306,0.172,0.347,0.00013,0.0485,0.0511,-8.5,0.0334,120.996,2,4,surprised,0.07142857142857142,0.17857142857142858,0.25,0.07142857142857142,0.07142857142857142,0.03571428571428571,0.10714285714285714,0.07142857142857142,0.03571428571428571,0.10714285714285714
250,56Flq6c5fJbAgPeIKWZx40,Breathe Again,"Covers, Vol. 3",Sleeping At Last,2020-03-27,29,284242,0.336,0.95,0.14,0.0,0.095,0.205,-11.371,0.0531,173.661,4,4,surprised,0.13793103448275862,0.05747126436781609,0.06896551724137931,0.04597701149425287,0.011494252873563218,0.034482758620689655,0.2988505747126437,0.0,0.28735632183908044,0.05747126436781609
251,2tJUcBxiQEYSCzC3BdIOk8,Love is Pain,Optimist,FINNEAS,2021-10-15,50,224278,0.609,0.927,0.141,0.000104,0.0923,0.107,-15.33,0.0394,78.233,9,4,surprised,0.05434782608695652,0.14130434782608695,0.20652173913043478,0.13043478260869565,0.07608695652173914,0.03260869565217391,0.13043478260869565,0.05434782608695652,0.10869565217391304,0.06521739130434782
252,7lQUiU7ig8VnBUF0cHZGOH,you.,To Whom It May Concern,Oscar Lang,2018-08-17,51,157013,0.51,0.94,0.227,0.0402,0.116,0.0466,-9.729,0.0302,143.323,4,4,surprised,0.0,0.0,0.0,0.0,0.0,0.0,0.0,0.0,0.0,0.0
253,0byJI4UB0ibHxUVz5Fz5Ne,squares,squares / y 13,Cavetown,2022-01-14,37,267031,0.641,0.894,0.154,0.229,0.101,0.0396,-16.087,0.034,130.056,0,4,surprised,0.1282051282051282,0.05128205128205128,0.2564102564102564,0.2564102564102564,0.05128205128205128,0.05128205128205128,0.05128205128205128,0.05128205128205128,0.05128205128205128,0.05128205128205128
254,5xYpEeGFXmkGMBQ22NfKfO,Keep Me,"Cannot Be, Whatsoever",Novo Amor,2020-11-06,63,194560,0.567,0.888,0.131,0.0553,0.158,0.0657,-14.124,0.029,104.784,1,4,surprised,0.0,0.0,0.0,0.0,0.0,0.0,0.0,0.0,0.0,0.0
255,2rPe95TgVgmyQokYu1FQ2K,Out of Love,Out of Love,Peter Manos,2019-01-21,0,164946,0.628,0.949,0.187,0.0513,0.0886,0.266,-16.576,0.0427,120.063,1,3,surprised,0.08771929824561403,0.1286549707602339,0.19298245614035087,0.0935672514619883,0.10526315789473684,0.029239766081871343,0.1695906432748538,0.05263157894736842,0.12280701754385964,0.017543859649122806
256,3OWfN5MUXzqp7PmaoxIEPd,I’ll Never Let You Go,I’ll Never Let You Go,Zach Webb,2021-05-21,42,274337,0.42,0.973,0.0805,0.000429,0.231,0.204,-23.775,0.0389,157.195,0,3,surprised,0.09302325581395349,0.06976744186046512,0.13953488372093023,0.06976744186046512,0.023255813953488372,0.06976744186046512,0.23255813953488372,0.046511627906976744,0.11627906976744186,0.13953488372093023
257,19mjVU7yGJQTZPBs7NuTop,Nothing Arrived - Live from Spotify London,So Simpatico,Villagers,2021-07-01,38,219093,0.577,0.928,0.417,0.0018,0.669,0.418,-11.599,0.0395,102.712,7,4,surprised,0.16666666666666666,0.03333333333333333,0.06666666666666667,0.0,0.06666666666666667,0.2,0.23333333333333334,0.0,0.13333333333333333,0.1
258,07XaOyTS5hyaWiUK1Bc3bR,True Love Waits,A Moon Shaped Pool,Radiohead,2016-05-08,61,283463,0.401,0.938,0.132,0.102,0.1,0.0381,-15.569,0.0355,136.142,0,4,surprised,0.0784313725490196,0.0784313725490196,0.21568627450980393,0.19607843137254902,0.0392156862745098,0.13725490196078433,0.11764705882352941,0.0,0.11764705882352941,0.0196078431372549
259,06vNG6CiV4k8oNA0wUUAO7,Until I Found You - Piano Version,Until I Found You (Piano Version),Stephen Sanchez,2022-03-11,63,184895,0.603,0.927,0.148,0.0,0.101,0.228,-10.449,0.0279,95.451,7,3,surprised,0.1232876712328767,0.0410958904109589,0.2191780821917808,0.2191780821917808,0.0410958904109589,0.0,0.1780821917808219,0.0,0.1780821917808219,0.0
260,4CxFN5zON70B3VOPBYbd6P,you were good to me,brent,Jeremy Zucker,2019-05-03,69,219146,0.561,0.913,0.0848,2.62e-05,0.112,0.206,-15.099,0.0404,102.128,2,4,surprised,0.0,0.0,0.0,0.0,0.0,0.0,0.0,0.0,0.0,0.0
261,13CgWZWZ0duVzOrGZTcnKq,Have We Met Before?,Z-Sides,Tom Rosenthal,2018-10-26,48,159040,0.491,0.948,0.121,0.00716,0.113,0.251,-19.363,0.0351,140.237,8,3,surprised,0.047619047619047616,0.047619047619047616,0.23809523809523808,0.19047619047619047,0.09523809523809523,0.0,0.23809523809523808,0.047619047619047616,0.0,0.09523809523809523
262,27rlIFzVI6vn4zj4GeiTI8,Coffee Cups and Cigarettes,Coffee Cups and Cigarettes,Tomo,2020-09-25,0,207598,0.459,0.995,0.063,0.803,0.108,0.15,-14.446,0.0366,131.704,8,4,surprised,0.07142857142857142,0.03571428571428571,0.2857142857142857,0.17857142857142858,0.03571428571428571,0.10714285714285714,0.10714285714285714,0.03571428571428571,0.07142857142857142,0.07142857142857142
263,0MVeLASrPyBrC6hwwhIMwu,Even If It's a Lie - Demo,Even If It's a Lie (Demo),Matt Maltese,2015-04-27,48,237928,0.481,0.948,0.293,7.11e-05,0.11,0.134,-5.999,0.0294,82.965,2,4,surprised,0.0641025641025641,0.01282051282051282,0.14102564102564102,0.11538461538461539,0.08974358974358974,0.02564102564102564,0.20512820512820512,0.07692307692307693,0.1794871794871795,0.08974358974358974
264,40cdOygiI7mkjRfdXD4iOk,Center of Gravity,The Ever Dying Bristlecone Man,The Brazen Youth,2016-11-28,48,327907,0.521,0.264,0.33,0.000247,0.106,0.314,-12.142,0.0288,130.492,1,3,surprised,0.5263157894736842,0.05263157894736842,0.0,0.05263157894736842,0.0,0.0,0.2631578947368421,0.0,0.0,0.10526315789473684
265,3g62EjDXLltUvmgEFDn9eN,j's lullaby (darlin' i'd wait for you),(i would have followed you),Delaney Bailey,2022-12-16,25,289040,0.434,0.465,0.104,0.000866,0.0763,0.174,-20.075,0.0384,114.532,8,3,surprised,0.16666666666666666,0.0,0.037037037037037035,0.0,0.018518518518518517,0.14814814814814814,0.2037037037037037,0.0,0.16666666666666666,0.25925925925925924
266,3Kj2EWpIBnvETsYq4cq0IH,Big Black Car,This Empty Northern Hemisphere,Gregory Alan Isakov,2009-01-01,76,217466,0.6,0.909,0.186,0.00102,0.104,0.468,-15.926,0.0317,110.044,3,4,surprised,0.125,0.075,0.05,0.05,0.0,0.05,0.25,0.0,0.175,0.225
267,2oa53bhiNPCz2CGh26AYxi,Colourway,Bathing Beach,Novo Amor,2017-05-26,59,228164,0.261,0.96,0.371,0.856,0.109,0.149,-10.112,0.0313,158.924,3,4,surprised,0.08888888888888889,0.022222222222222223,0.17777777777777778,0.044444444444444446,0.0,0.022222222222222223,0.3111111111111111,0.1111111111111111,0.08888888888888889,0.13333333333333333
268,401MfYscl2EMF4nDbnbG0K,Are You With Me,Are You With Me,nilu,2018-01-24,60,249661,0.172,0.687,0.409,6.8e-05,0.103,0.0607,-8.668,0.0324,83.914,9,4,surprised,0.12121212121212122,0.12121212121212122,0.12121212121212122,0.2727272727272727,0.0,0.0,0.24242424242424243,0.0,0.12121212121212122,0.0
269,7nDXmx3FuyeX7FI7PFl2iX,The Wisp Sings,The Wisp Sings: 10th Anniversary Edition,Winter Aid,2023-11-10,67,313252,0.521,0.988,0.0889,0.185,0.0965,0.0478,-19.457,0.0506,115.428,4,4,surprised,0.03125,0.09375,0.15625,0.125,0.03125,0.03125,0.25,0.0,0.21875,0.0625
270,7zVZF0OgDJkFJohnlKwEpa,Amos Moses,Georgia Sunshine,Jerry Reed,1970-12-01,53,139226,0.738,0.4,0.723,0.00134,0.0166,0.95,-10.356,0.0728,105.541,2,4,surprised,0.14814814814814814,0.13580246913580246,0.18518518518518517,0.04938271604938271,0.037037037037037035,0.024691358024691357,0.12345679012345678,0.14814814814814814,0.07407407407407407,0.07407407407407407
271,1jDJFeK9x3OZboIAHsY9k2,I'm Still Standing,Too Low For Zero,Elton John,1983-05-30,83,183440,0.505,0.355,0.904,0.118,0.14,0.773,-6.863,0.179,176.811,6,4,surprised,0.07954545454545454,0.06818181818181818,0.09090909090909091,0.056818181818181816,0.056818181818181816,0.06818181818181818,0.3068181818181818,0.06818181818181818,0.11363636363636363,0.09090909090909091
272,1O0xeZrBDbq7HPREdmYUYK,"Bad, Bad Leroy Brown",Life & Times,Jim Croce,1973-07-01,3,182240,0.697,0.706,0.676,0.0,0.0824,0.852,-10.742,0.0402,148.072,7,4,surprised,0.02857142857142857,0.12380952380952381,0.19047619047619047,0.09523809523809523,0.17142857142857143,0.009523809523809525,0.12380952380952381,0.1619047619047619,0.0380952380952381,0.05714285714285714
273,5yrsBzgHkfu2idkl2ILQis,You Don't Mess Around with Jim,You Don't Mess Around With Jim,Jim Croce,1972-04-01,3,184640,0.705,0.607,0.581,1.52e-05,0.117,0.967,-11.379,0.0455,163.24,11,4,surprised,0.13186813186813187,0.04395604395604396,0.14285714285714285,0.08791208791208792,0.07692307692307693,0.03296703296703297,0.23076923076923078,0.13186813186813187,0.07692307692307693,0.04395604395604396
274,5RgFlk1fcClZd0Y4SGYhqH,She's Always a Woman,The Stranger (Legacy Edition),Billy Joel,1977,74,201373,0.292,0.797,0.324,0.000473,0.12,0.384,-11.996,0.0346,176.631,3,3,surprised,0.07142857142857142,0.08571428571428572,0.15714285714285714,0.1,0.05714285714285714,0.07142857142857142,0.17142857142857143,0.07142857142857142,0.11428571428571428,0.1
275,4TgekX34JDPcwvvAdvPfmI,The Longest Time,50 Years of the Piano Man,Billy Joel,2022-04-08,24,218584,0.635,0.206,0.382,0.0,0.122,0.59,-7.747,0.0257,84.086,3,4,surprised,0.1,0.05,0.08333333333333333,0.05,0.016666666666666666,0.06666666666666667,0.13333333333333333,0.05,0.11666666666666667,0.3333333333333333
276,1ynmMEK1fkyiZ6Z6F3ThEt,Centerfold,Freeze Frame,The J. Geils Band,1981,69,216533,0.653,0.249,0.677,0.0,0.403,0.888,-12.244,0.0396,114.374,0,4,surprised,0.14634146341463414,0.024390243902439025,0.10569105691056911,0.024390243902439025,0.016260162601626018,0.16260162601626016,0.17886178861788618,0.016260162601626018,0.16260162601626016,0.16260162601626016
277,0WHi11uzahqpEtPGYCW6oQ,If I Killed Someone For You,Narrated For You,Alec Benjamin,2018-11-16,68,185122,0.514,0.774,0.605,2.91e-06,0.121,0.409,-5.363,0.0337,120.894,7,4,surprised,0.1276595744680851,0.19148936170212766,0.06382978723404255,0.0425531914893617,0.0,0.0425531914893617,0.23404255319148937,0.0,0.1702127659574468,0.1276595744680851
278,2nsU500CyT77T4YB02TwyL,Little Miss Perfect,Write out Loud,Write Out Loud,2019-09-09,0,198412,0.598,0.828,0.192,0.0,0.0949,0.525,-12.578,0.124,81.42,6,4,surprised,0.1595744680851064,0.0425531914893617,0.14893617021276595,0.06382978723404255,0.031914893617021274,0.0425531914893617,0.22340425531914893,0.02127659574468085,0.11702127659574468,0.14893617021276595
279,4euAGZTszWPrriggYK0HG9,Lay All Your Love On Me,Super Trouper,ABBA,1980,75,274466,0.678,0.117,0.727,0.00396,0.354,0.71,-7.844,0.0258,133.481,2,4,surprised,0.05747126436781609,0.10344827586206896,0.20689655172413793,0.11494252873563218,0.04597701149425287,0.011494252873563218,0.19540229885057472,0.08045977011494253,0.16091954022988506,0.022988505747126436
280,0k664IuFwVP557Gnx7RhIl,Juice,Cuz I Love You,Lizzo,2019-04-19,66,195144,0.767,0.00611,0.889,0.0,0.402,0.843,-2.988,0.0963,119.93,7,4,surprised,0.0423728813559322,0.11016949152542373,0.2288135593220339,0.11864406779661017,0.07627118644067797,0.05084745762711865,0.1271186440677966,0.07627118644067797,0.11864406779661017,0.05084745762711865
281,0xfUxRKugVG1K6u65uBSFC,Back in Town,Return to Wherever,TWRP,2019-07-11,19,154546,0.52,0.00248,0.833,0.0316,0.0881,0.816,-9.161,0.0379,119.981,0,4,surprised,0.13333333333333333,0.13333333333333333,0.17777777777777778,0.13333333333333333,0.06666666666666667,0.044444444444444446,0.17777777777777778,0.0,0.06666666666666667,0.06666666666666667
282,46q5BtHso0ECuTKeq70ZhW,How Bizarre,How Bizarre (Deluxe),OMC,1996,64,225699,0.772,0.247,0.705,0.0,0.23,0.834,-6.255,0.0411,124.908,0,4,surprised,0.05384615384615385,0.1,0.15384615384615385,0.07692307692307693,0.08461538461538462,0.1076923076923077,0.16153846153846155,0.0,0.1076923076923077,0.15384615384615385
283,0EhYGqH7kjogumPfbKWh0t,Cecily Smith (Bonus Track),Fly By Night (Original Off-Broadway Cast Recording),Various Artists,2015-06-09,37,289893,0.771,0.821,0.263,0.0,0.0872,0.372,-13.072,0.0816,119.726,7,4,surprised,0.15454545454545454,0.06363636363636363,0.1,0.07272727272727272,0.07272727272727272,0.08181818181818182,0.17272727272727273,0.02727272727272727,0.15454545454545454,0.1
284,1NrbnHlR2BFREcyWXHIHip,When I'm Sixty Four - Remastered 2009,Sgt. Pepper's Lonely Hearts Club Band (Remastered),The Beatles,1967-06-01,61,157666,0.704,0.625,0.241,2.8e-05,0.0868,0.661,-13.258,0.0476,140.411,1,4,surprised,0.15625,0.03125,0.09375,0.15625,0.03125,0.03125,0.28125,0.03125,0.125,0.0625
285,5iEmv7Alt5FlUY8kvJJv02,For the Dancing and the Dreaming,For the Dancing and the Dreaming,Lizz Robinett,2015-08-06,0,137744,0.592,0.868,0.204,0.0,0.317,0.38,-9.482,0.0722,106.362,0,3,surprised,0.09411764705882353,0.1411764705882353,0.10588235294117647,0.011764705882352941,0.09411764705882353,0.047058823529411764,0.2235294117647059,0.0,0.18823529411764706,0.09411764705882353
286,2gdt70w8DOCWGq1HdkgSUd,Crazy for This Girl,evan and jaron,Evan And Jaron,2000-08-29,44,202026,0.457,0.000487,0.926,5.69e-05,0.0949,0.41,-5.461,0.038,93.964,0,4,surprised,0.1509433962264151,0.20754716981132076,0.22641509433962265,0.22641509433962265,0.1320754716981132,0.0,0.03773584905660377,0.0,0.0,0.018867924528301886
287,4CnvP5at8ZrQcTRgN80ser,Starlight Brigade,Together Through Time,TWRP,2018-05-18,0,328706,0.519,0.0249,0.663,0.0,0.0384,0.359,-8.052,0.0507,128.026,5,4,surprised,0.07692307692307693,0.13186813186813187,0.25274725274725274,0.12087912087912088,0.054945054945054944,0.01098901098901099,0.18681318681318682,0.07692307692307693,0.03296703296703297,0.054945054945054944
288,4n3axXPWHMpFBMGZ4GMhgM,The Fishmonger's Daughter,The Witcher (Music from the Netflix Original Series),Sonya Belousova,2020-01-24,37,76146,0.551,0.844,0.447,0.0172,0.119,0.323,-9.159,0.0694,114.391,0,4,surprised,0.0,0.027777777777777776,0.08333333333333333,0.027777777777777776,0.027777777777777776,0.05555555555555555,0.3333333333333333,0.05555555555555555,0.3055555555555556,0.08333333333333333
289,57V4uc2b2diZ4RPHXWecb9,Like Real People Do,Hozier (Expanded Edition),Hozier,2014-09-19,71,198026,0.539,0.921,0.179,0.393,0.106,0.145,-14.33,0.0309,140.01,7,3,surprised,0.13636363636363635,0.0,0.022727272727272728,0.022727272727272728,0.0,0.13636363636363635,0.3181818181818182,0.022727272727272728,0.13636363636363635,0.20454545454545456
290,5mSOUTYlWToh8NrFNbAxEI,Dreams To Dream (Tanya's Version) - Fievel Goes West/Soundtrack Version,An American Tail: Fievel Goes West,James Horner,1991-01-01,26,154426,0.171,0.885,0.0196,0.00105,0.0851,0.0827,-26.458,0.0496,127.225,0,5,surprised,0.25,0.0,0.05,0.05,0.0,0.0,0.3,0.0,0.25,0.1
291,1mkiabiLN9Zu0KwpsdweOt,Sugar Daddy,Hedwig and the Angry Inch - Original Motion Picture Soundtrack,Stephen Trask,2001,26,237240,0.745,0.112,0.777,1.93e-05,0.0838,0.647,-8.639,0.033,109.162,11,4,surprised,0.06015037593984962,0.045112781954887216,0.09022556390977443,0.045112781954887216,0.06015037593984962,0.05263157894736842,0.3082706766917293,0.03007518796992481,0.2556390977443609,0.05263157894736842
292,471sXvN5C5vfMSBdKrGpo7,Seagulls! (Stop It Now),Seagulls! (Stop It Now),Bad Lip Reading,2017-01-01,51,192484,0.936,0.0536,0.687,3.05e-05,0.0851,0.746,-5.797,0.12,119.995,10,4,surprised,0.058823529411764705,0.029411764705882353,0.17647058823529413,0.029411764705882353,0.08823529411764706,0.04411764705882353,0.19117647058823528,0.029411764705882353,0.22058823529411764,0.1323529411764706
293,3BK9WHEfNSZwKArLAVzjKR,Daddy's Girl,Trouble,Natalia Kills,2013-01-01,26,213093,0.677,0.292,0.73,0.0,0.0291,0.659,-4.754,0.136,99.942,0,4,surprised,0.125,0.10416666666666667,0.13541666666666666,0.14583333333333334,0.0,0.07291666666666667,0.13541666666666666,0.0,0.10416666666666667,0.17708333333333334
294,6VojZJpMyuKClbwyilWlQj,Wouldn't It Be Nice,Greatest Hits,The Beach Boys,2012-01-01,57,153866,0.385,0.724,0.657,0.0,0.105,0.672,-6.975,0.0342,124.885,5,4,surprised,0.14285714285714285,0.031746031746031744,0.047619047619047616,0.031746031746031744,0.0,0.07936507936507936,0.2698412698412698,0.0,0.23809523809523808,0.15873015873015872
295,2mXsZsJBThTaJXbNcg5QD4,Mama's Broken Heart,Four The Record,Miranda Lambert,2011-11-01,65,177773,0.768,0.278,0.809,0.0,0.139,0.748,-4.204,0.0616,111.989,4,4,surprised,0.06493506493506493,0.18181818181818182,0.24675324675324675,0.18181818181818182,0.12987012987012986,0.03896103896103896,0.05194805194805195,0.025974025974025976,0.012987012987012988,0.06493506493506493
296,4Fx3LVYQXplhz70cfoqbgq,"Rainbow Connection - From ""The Muppet Movie""/Soundtrack Version",The Muppet Movie (Original Motion Picture Soundtrack),Various Artists,1979-01-01,52,195813,0.709,0.53,0.311,0.0,0.0976,0.361,-13.637,0.0386,115.147,9,3,surprised,0.0,0.0,0.0,0.0,0.0,0.0,0.0,0.0,0.0,0.0
297,5blMgwkCj2ONNKMGwNrYvG,The Puppy Song,You've Got Mail,Various Artists,1998-12-01,32,162466,0.709,0.759,0.46,0.0,0.276,0.624,-8.877,0.0341,120.506,7,4,surprised,0.29411764705882354,0.0,0.023529411764705882,0.0,0.0,0.011764705882352941,0.3176470588235294,0.0,0.2823529411764706,0.07058823529411765
298,7L6G0wpIUiPXuvoo7qhb06,oops!,Gasanova,Yung Gravy,2020-10-02,62,139759,0.886,0.0358,0.743,0.000198,0.0511,0.941,-6.797,0.0812,131.902,6,4,surprised,0.0625,0.0375,0.1375,0.1125,0.025,0.025,0.3,0.0375,0.2375,0.025
299,3Yn97I3qIj7Px0Bi4rkD2q,Evermore,Beauty and the Beast (Original Motion Picture Soundtrack/Deluxe Edition),Various Artists,2017-03-10,59,194541,0.285,0.674,0.396,6.6e-05,0.102,0.219,-8.741,0.0318,79.442,1,3,surprised,0.027777777777777776,0.1388888888888889,0.2361111111111111,0.18055555555555555,0.1111111111111111,0.027777777777777776,0.09722222222222222,0.09722222222222222,0.027777777777777776,0.05555555555555555
0,3Qpj345VRGBSwuOSwFgoQI,Romeo and Juliet Suite No. 2 Montague and Capulets (Excerpt) Op. 64ter,Romeo and Juliet: Suite No. 2 Montague and Capulets (Excerpt) Op. 64ter,Sergei Prokofiev,2024-10-09,47,236374,0.271,0.764,0.33,0.317,0.239,0.161,-8.34,0.0341,81.634,9,4,angry,0.0,0.0,0.0,0.0,0.0,0.0,0.0,0.0,0.0,0.0
1,35xaDoyCRAi1JqpwDT8P1x,William Tell: Overture (Finale),William Tell: Overture (Finale),Gioachino Rossini,2024-10-09,43,213170,0.42,0.537,0.751,0.947,0.255,0.513,-7.822,0.0687,146.346,4,4,angry,0.0,0.0,0.0,0.0,0.0,0.0,0.0,0.0,0.0,0.0
2,6JyihARD2zGUa4uB4NfQiv,"Swan Lake (Suite), Op. 20a, TH.219: I. Scene - Swan Theme",Tchaikovsky: Swan Lake Suites,Pyotr Ilyich Tchaikovsky,2024-03-02,56,177246,0.0904,0.883,0.241,0.884,0.111,0.0548,-13.845,0.035,72.111,4,3,angry,0.0,0.0,0.0,0.0,0.0,0.0,0.0,0.0,0.0,0.0
3,76BfKpZqnuNCZtbN8N3s4C,"Concerto No. 4 in F Minor, Op. 8, RV 297, ""L'inverno"" (Winter): I. Allegro Non Molto",Vivaldi: The Four Seasons,Antonio Vivaldi,2009-07-01,54,211198,0.412,0.861,0.25,0.771,0.0912,0.235,-12.613,0.0466,146.939,5,4,angry,0.0,0.0,0.0,0.0,0.0,0.0,0.0,0.0,0.0,0.0
4,2ygeBLTP9uu3OW3VTulD8N,"Symphony No. 5 in C Minor, Op. 67: I. Allegro con brio",Originals Beethoven Box,Ludwig van Beethoven,1995-01-01,60,442000,0.247,0.957,0.298,0.9,0.0943,0.157,-15.661,0.0395,97.784,0,4,angry,0.0,0.0,0.0,0.0,0.0,0.0,0.0,0.0,0.0,0.0
5,5fPJEybjtk8fjQzEEUeSPx,Gnossienne: No. 1 (Arr. for Viola and Harp),Gnossienne: No. 1 (Arr. for Viola and Harp),Carrie Frey,2023-03-31,51,216028,0.285,0.973,0.0719,0.933,0.112,0.0529,-19.419,0.0404,91.804,5,4,angry,0.0,0.0,0.0,0.0,0.0,0.0,0.0,0.0,0.0,0.0
6,35cWKZdNsSKxrcLz2oPDRm,"Peer Gynt Suite No. 1, Op. 46: IV. In the Hall of the Mountain King",Mythical Horizons,The City of Prague Philharmonic Orchestra,2023-06-29,47,176738,0.468,0.845,0.155,0.324,0.0838,0.352,-13.959,0.0609,89.456,11,4,angry,0.0,0.0,0.0,0.0,0.0,0.0,0.0,0.0,0.0,0.0
7,4quC8GgYCGt7umJpINBkCf,"Hungarian Dance No. 5 in G Minor, WoO 1",Brahms: Hungarian Dance No.5,Johannes Brahms,2024-03-29,50,187281,0.367,0.701,0.159,0.438,0.236,0.493,-14.049,0.039,124.476,7,4,angry,0.0,0.0,0.0,0.0,0.0,0.0,0.0,0.0,0.0,0.0
8,2NCZGul65RgVTCIcQA94TE,"Radetzky March, Op. 228","Radetzky March, Op. 228",Johann Strauss I,2024-10-09,39,136805,0.6,0.792,0.564,0.0282,0.365,0.874,-9.394,0.0359,111.351,9,4,angry,0.0,0.0,0.0,0.0,0.0,0.0,0.0,0.0,0.0,0.0
9,3IKzcR0MRKVJ5QRjX0EU4m,"Swan Lake (Suite), Op. 20a, TH.219: 3. Scene - Danse de Petits Cygnes",Tchaikovsky: Swan Lake Suites,Pyotr Ilyich Tchaikovsky,2024-03-02,39,92143,0.547,0.967,0.252,0.966,0.144,0.833,-13.305,0.1,204.474,6,4,angry,0.0,0.0,0.0,0.0,0.0,0.0,0.0,0.0,0.0,0.0
10,6Ymt2WH3CVaBs40jC0Ubew,"Barber: Adagio For Strings, Op. 11","Barber: Adagio For Strings, Op. 11",Samuel Barber,2024-04-12,51,483750,0.105,0.88,0.245,0.884,0.18,0.0332,-13.52,0.0374,77.709,10,5,angry,0.0,0.0,0.0,0.0,0.0,0.0,0.0,0.0,0.0,0.0
11,4968cRJBEC7u8Tz5dQFWoR,Fantasia On Greensleeves,Fantasia On Greensleeves,Ralph Vaughan Williams,2024-04-12,44,255831,0.0969,0.828,0.114,0.913,0.166,0.1,-22.092,0.0372,84.054,0,4,angry,0.0,0.0,0.0,0.0,0.0,0.0,0.0,0.0,0.0,0.0
12,0n6YgVRCdQzUJq4WT4dQmZ,"Danse Macabre in G Minor, Op. 40","Danse Macabre in G Minor, Op. 40",Camille Saint-Saëns,2024-02-25,47,450662,0.386,0.9,0.329,0.796,0.123,0.106,-12.977,0.0404,114.731,0,4,angry,0.0,0.0,0.0,0.0,0.0,0.0,0.0,0.0,0.0,0.0
13,2A7qdr3UNP9Pxjcxa5Jj53,Ride of the Valkyries,Wagner: Works for Orchestra,Richard Wagner,2011-11-01,48,283440,0.234,0.944,0.227,0.869,0.0854,0.0703,-18.535,0.0373,101.636,11,3,angry,0.0,0.0,0.0,0.0,0.0,0.0,0.0,0.0,0.0,0.0
14,5FjHmO8izoYkZXDgPnCdZC,Asturias (Leyenda),Autumn’s Gaze,Andrés Madariaga,2023-11-10,49,416946,0.337,0.958,0.151,0.886,0.103,0.228,-21.482,0.0513,120.083,4,3,angry,0.0,0.0,0.0,0.0,0.0,0.0,0.0,0.0,0.0,0.0
15,3nSBqN1Ml2s14g9UdHAoxA,"Symphony No. 9 Op. 95 ""New World Symphony"" IV. Allegro Con Fuoco",Memories of Prague: Dvořák: Serenade For Strings / Smetana: Die Moldau,The City of Prague Philharmonic Orchestra,2009-08-18,45,676544,0.226,0.908,0.238,0.942,0.0957,0.103,-12.339,0.0324,138.123,4,4,angry,0.0,0.0,0.0,0.0,0.0,0.0,0.0,0.0,0.0,0.0
16,5X6dxHyKrguHpYhe4AI7cj,"Salut d'Amour, Op.12","Salut d'Amour, Op.12",Edward Elgar,2024-10-09,37,205125,0.17,0.653,0.304,0.907,0.109,0.0456,-12.629,0.0358,134.156,4,4,angry,0.0,0.0,0.0,0.0,0.0,0.0,0.0,0.0,0.0,0.0
17,70EAyoNV7Coaw5ACubFL3F,Gymnopédie No.1,Gymnopédie No.1,Erik Satie,2024-02-09,55,200031,0.0624,0.845,0.189,0.868,0.0966,0.0501,-17.085,0.0462,62.219,7,5,angry,0.0,0.0,0.0,0.0,0.0,0.0,0.0,0.0,0.0,0.0
18,1ParFlOM2MXGhpIXC71l9V,O rubor sanguinis,O rubor sanguinis,Hildegard von Bingen,2024-08-22,41,100356,0.205,0.948,0.175,1.54e-06,0.123,0.0803,-13.839,0.0407,71.838,7,4,angry,0.0,0.0,0.0,0.0,0.0,0.0,0.0,0.0,0.0,0.0
19,2vx4Vn7sMvwkllWnoT1PXo,Gnossienne: No. 1,Autumn’s Gaze,Andrés Madariaga,2023-11-10,38,208042,0.515,0.993,0.018,0.964,0.106,0.0806,-27.996,0.0521,96.126,5,4,angry,0.0,0.0,0.0,0.0,0.0,0.0,0.0,0.0,0.0,0.0
20,51UP9zgTckoB2M526whpMd,Anhelo,Polaris,José Salinas,2024-09-20,14,199567,0.372,0.991,0.0478,0.927,0.0846,0.0438,-25.747,0.0338,82.815,7,3,angry,0.0,0.0,0.0,0.0,0.0,0.0,0.0,0.0,0.0,0.0
21,7AO4qERV9ib2H9SR4Y1hbt,Carmen: Overture,Epic Orchestra,The City of Prague Philharmonic Orchestra,2010-01-18,42,133461,0.258,0.675,0.476,0.904,0.0924,0.507,-10.006,0.0413,131.008,4,4,angry,0.0,0.0,0.0,0.0,0.0,0.0,0.0,0.0,0.0,0.0
22,3gtQ9EUJfwIUW0IWZJrB1d,"Concerto No. 2 in G Minor, Op. 8, RV 315, “L’estate” (Summer): III. Presto",Vivaldi: The Four Seasons,Antonio Vivaldi,2009-07-01,44,166645,0.265,0.92,0.451,0.826,0.0951,0.5,-11.309,0.0336,145.711,7,3,angry,0.0,0.0,0.0,0.0,0.0,0.0,0.0,0.0,0.0,0.0
23,3z0f4Cx7vad4HVaVwxcKQa,"Peer Gynt Suite No. 1, Op. 46: II. The Death Of Aase",Mythical Horizons,The City of Prague Philharmonic Orchestra,2023-06-29,33,247015,0.0625,0.724,0.12,0.312,0.13,0.0376,-17.702,0.0419,44.109,11,4,angry,0.0,0.0,0.0,0.0,0.0,0.0,0.0,0.0,0.0,0.0
24,3nSBqN1Ml2s14g9UdHAoxA,"Symphony No. 9 Op. 95 ""New World Symphony"" IV. Allegro Con Fuoco",Memories of Prague: Dvořák: Serenade For Strings / Smetana: Die Moldau,The City of Prague Philharmonic Orchestra,2009-08-18,45,676544,0.226,0.908,0.238,0.942,0.0957,0.103,-12.339,0.0324,138.123,4,4,angry,0.0,0.0,0.0,0.0,0.0,0.0,0.0,0.0,0.0,0.0
25,6RLwSsknomGUcImWZePZqa,Masquerade Suite: Waltz,Masquerade Suite: Waltz,Aram Khachaturian,2024-03-16,46,268290,0.186,0.75,0.376,0.939,0.627,0.137,-13.381,0.0421,179.003,4,3,angry,0.0,0.0,0.0,0.0,0.0,0.0,0.0,0.0,0.0,0.0
26,41uSe6NMrbW7EjC6yE0ruU,"Waltzes, Op. 64: No. 2 in C-Sharp Minor. Tempo giusto","Waltzes, Op. 64: No. 2 in C-Sharp Minor. Tempo giusto",Frédéric Chopin,2024-08-23,43,215364,0.339,0.989,0.102,0.91,0.123,0.154,-24.587,0.0442,73.185,1,3,angry,0.0,0.0,0.0,0.0,0.0,0.0,0.0,0.0,0.0,0.0
27,1opYoyv6nJuxTsLARXVBcS,Polaris,Polaris,José Salinas,2024-09-20,40,140239,0.241,0.994,0.043,0.898,0.0893,0.253,-29.254,0.0372,195.341,0,4,angry,0.0,0.19047619047619047,0.19047619047619047,0.14285714285714285,0.19047619047619047,0.0,0.047619047619047616,0.14285714285714285,0.0,0.09523809523809523
28,1CiQLTserlabm0rYFkfTpn,"2 Arabesques, L. 66: Arabesque No. 1","2 Arabesques, L. 66: Arabesque No. 1",Claude Debussy,2023-03-17,45,255388,0.294,0.994,0.0736,0.929,0.108,0.112,-26.905,0.0481,127.802,9,4,angry,0.0,0.0,0.0,0.0,0.0,0.0,0.0,0.0,0.0,0.0
29,7M6g8OjANjibSLdupnTXO2,"Les chemins de l'amour, ""The Paths of Love"" (Arr. for Flute and Piano)","Les chemins de l'amour, ""The Paths of Love"" (Arr. for Flute and Piano)",Francis Poulenc,2024-08-16,42,227372,0.217,0.99,0.115,0.932,0.129,0.11,-21.376,0.0417,79.351,1,4,angry,0.0,0.0,0.0,0.0,0.0,0.0,0.0,0.0,0.0,0.0
30,5cBlxWA7KWcApq9rs6YKBq,Romanza (Spanish Romance),An Idea,Andrés Madariaga,2022-10-22,44,151413,0.298,0.96,0.0988,0.893,0.109,0.206,-22.028,0.046,113.359,4,4,angry,0.0,0.0,0.0,0.0,0.0,0.0,0.0,0.0,0.0,0.0
31,5YzPNf30PnKgmdwA5H0reP,Après un rêve (arr. Akira Eguchi),Après un rêve,Gabriel Fauré,2024-06-02,35,174914,0.192,0.959,0.179,0.799,0.13,0.0717,-15.018,0.0414,102.643,5,4,angry,0.0,0.0,0.0,0.0,0.0,0.0,0.0,0.0,0.0,0.0
32,5y4lSt7RzBCxt5JjQUEKAp,Chôros No. 1,An Idea,Andrés Madariaga,2022-10-22,40,294000,0.348,0.959,0.198,0.883,0.124,0.176,-20.956,0.0517,83.057,4,3,angry,0.0,0.0,0.0,0.0,0.0,0.0,0.0,0.0,0.0,0.0
33,3IKzcR0MRKVJ5QRjX0EU4m,"Swan Lake (Suite), Op. 20a, TH.219: 3. Scene - Danse de Petits Cygnes",Tchaikovsky: Swan Lake Suites,Pyotr Ilyich Tchaikovsky,2024-03-02,39,92143,0.547,0.967,0.252,0.966,0.144,0.833,-13.305,0.1,204.474,6,4,angry,0.0,0.0,0.0,0.0,0.0,0.0,0.0,0.0,0.0,0.0
34,2yapbtHyRXtnkHgjbwiXPF,"Fantaisie, Op. 79: Allegro","Fauré: Fantaisie, Op. 79",Gabriel Fauré,2024-08-23,38,192798,0.432,0.987,0.16,0.923,0.158,0.597,-18.088,0.0419,137.7,0,4,angry,0.0,0.0,0.0,0.0,0.0,0.0,0.0,0.0,0.0,0.0
35,2F8zvO8WFzQPGTgeh54Yqv,O Euchari in leta via,O Euchari in leta via,Hildegard von Bingen,2024-08-22,39,123869,0.31,0.97,0.177,0.0,0.103,0.29,-12.915,0.0391,83.698,10,1,angry,0.0,0.0,0.0,0.0,0.0,0.0,0.0,0.0,0.0,0.0
36,0OkV3wL5dbW3fiY8IUKmVw,"Serenade in G Major, K. 525 ""Eine kleine Nachtmusik"": I. Allegro","Mozart: Symphony No. 40, Eine Kleine Nachtmusick & Other Mozart Favorites",Wolfgang Amadeus Mozart,2009-07-16,36,356249,0.499,0.927,0.288,0.949,0.0815,0.415,-10.85,0.0372,133.219,7,4,angry,0.0,0.0,0.0,0.0,0.0,0.0,0.0,0.0,0.0,0.0
37,4Qs9FqBjUbiqRdimNv19pK,Recuerdos de la Alhambra,An Idea,Andrés Madariaga,2022-10-22,39,325271,0.209,0.843,0.294,0.88,0.0948,0.269,-19.431,0.0359,78.974,2,3,angry,0.0,0.0,0.0,0.0,0.0,0.0,0.0,0.0,0.0,0.0
38,0Z6877OqQFGXowmMhfNS9a,"Pavane, Op. 50",Faure: Pavane / Sicilienne,Gabriel Fauré,2024-04-04,36,422183,0.171,0.971,0.0479,0.932,0.117,0.0523,-23.218,0.0409,126.625,6,4,angry,0.0,0.0,0.0,0.0,0.0,0.0,0.0,0.0,0.0,0.0
39,57kvtb1ltRYbJfaE1SMqks,"Concerto No. 1 in E Major, Op. 8, RV 269, “La primavera” (Spring) : II. Largo",Vivaldi: The Four Seasons,Antonio Vivaldi,2009-07-01,33,148930,0.25,0.961,0.211,0.346,0.0966,0.079,-14.489,0.0401,84.763,1,5,angry,0.0,0.0,0.0,0.0,0.0,0.0,0.0,0.0,0.0,0.0
40,417uD2jzW3c4oTrOauWumy,"Sicilienne, Op. 78",Faure: Pavane / Sicilienne,Gabriel Fauré,2024-04-04,35,244075,0.116,0.871,0.0917,0.93,0.107,0.0639,-23.721,0.0405,83.368,7,4,angry,0.0,0.0,0.0,0.0,0.0,0.0,0.0,0.0,0.0,0.0
41,7elGa98KXTWCCkvbHVjMs3,"Concerto No. 1 in E Major, Op. 8, RV 269, “La primavera” (Spring) : I. Allegro",Vivaldi: The Four Seasons,Antonio Vivaldi,2009-07-01,43,191544,0.477,0.829,0.218,0.785,0.344,0.313,-10.728,0.0342,106.772,4,4,angry,0.0,0.0,0.0,0.0,0.0,0.0,0.0,0.0,0.0,0.0
42,1JCSHol2fd785RZGIt6G39,The Arts and the Hours,The Arts and the Hours,Jean-Philippe Rameau,2024-04-04,33,461523,0.169,0.538,0.232,0.768,0.246,0.0833,-15.936,0.0375,113.086,2,4,angry,0.0,0.0,0.0,0.0,0.0,0.0,0.0,0.0,0.0,0.0
43,1ZauqNrrbC4pYMwMtA2S27,Serenade for Strings in E Major II. Waltz Op. 22,Memories of Prague: Dvořák: Serenade For Strings / Smetana: Die Moldau,The City of Prague Philharmonic Orchestra,2009-08-18,40,407544,0.176,0.872,0.109,0.893,0.168,0.117,-17.132,0.0411,169.017,9,3,angry,0.0,0.0,0.0,0.0,0.0,0.0,0.0,0.0,0.0,0.0
44,7cXWUfkLQlMJXdVPDiJTdS,Cavalleria Rusticana: Intermezzo,Cavalleria Rusticana: Intermezzo,Pietro Mascagni,2024-04-04,35,195690,0.132,0.802,0.244,0.945,0.234,0.0369,-14.183,0.0374,73.26,5,3,angry,0.0,0.0,0.0,0.0,0.0,0.0,0.0,0.0,0.0,0.0
45,1yLuvfTQPqmyG0usSuVQYP,"Hungarian Dance No. 1 in G Minor, WoO 1","Hungarian Dance No. 1 in G Minor, WoO 1",Johannes Brahms,2024-03-29,34,215735,0.276,0.792,0.2,0.882,0.52,0.364,-16.671,0.0372,125.779,7,4,angry,0.0,0.0,0.0,0.0,0.0,0.0,0.0,0.0,0.0,0.0
46,4EOSoJQe6HhU1PejD8pr42,"Ouvertüre nach Französischer Art, BWV 831: 8. Echo",Enfleurage,Arseniy Gusev,2023-04-26,39,187158,0.514,0.978,0.192,0.889,0.126,0.938,-19.695,0.0548,97.211,11,4,angry,0.0,0.0,0.0,0.0,0.0,0.0,0.0,0.0,0.0,0.0
47,4vGAA5ZOgkD0mNJOEfNG0L,"Swan Lake (Suite), Op. 20a, TH.219: 2. Scene - Valse in A Major",Tchaikovsky: Swan Lake Suites,Pyotr Ilyich Tchaikovsky,2024-03-02,42,467476,0.27,0.907,0.179,0.489,0.133,0.147,-13.32,0.0356,99.892,9,1,angry,0.0,0.0,0.0,0.0,0.0,0.0,0.0,0.0,0.0,0.0
48,1Sjrt5860is34jNmAdjl5W,Barcarolle,Barcarolle,Jacques Offenbach,2024-04-04,35,216344,0.232,0.834,0.089,0.805,0.384,0.0898,-23.644,0.0305,76.595,2,3,angry,0.0,0.0,0.0,0.0,0.0,0.0,0.0,0.0,0.0,0.0
49,2r8oNeRBsSlXG6LiNwMbyw,"Symphony No. 40 In G Minor: I. Allegro, K. 550",The Glory of Mozart,Wolfgang Amadeus Mozart,2010-01-18,36,426171,0.351,0.944,0.307,0.946,0.115,0.19,-13.204,0.033,114.631,7,4,angry,0.0,0.0,0.0,0.0,0.0,0.0,0.0,0.0,0.0,0.0
50,4NhuGX3w3HxYEbI1WMmws2,"Two Pieces, Op. 47: 1. Lotus Land","Two Pieces, Op. 47: 1. Lotus Land",Cyril Scott,2023-03-28,40,307411,0.384,0.986,0.0215,0.948,0.105,0.0358,-26.477,0.0469,68.027,3,3,angry,0.0,0.0,0.0,0.0,0.0,0.0,0.0,0.0,0.0,0.0
51,2aKZ0gsXIAo8WkAn7w8Wp4,Faun’s Riddle (Acertijo del Fauno),Faun’s Riddle (Acertijo del Fauno),Julián Fueyo,2023-06-14,34,146760,0.296,0.995,0.0497,0.899,0.0847,0.0371,-31.104,0.0457,104.386,6,4,angry,0.0,0.0,0.0,0.0,0.0,0.0,0.0,0.0,0.0,0.0
52,0ewKoLCxSmhkYvwNKMtmDj,"Intermezzo, Op. 117, No. 2 in B-Flat Minor",Enfleurage,Arseniy Gusev,2023-04-26,31,310043,0.286,0.988,0.0114,0.955,0.123,0.0395,-30.29,0.0412,84.683,3,4,angry,0.0,0.0,0.0,0.0,0.0,0.0,0.0,0.0,0.0,0.0
53,7peGuJtU76TKrTYpwmxGBU,Lagoon of Forgotten Dreams (Laguna de los Sueños Olvidados),Lagoon of Forgotten Dreams (Laguna de los Sueños Olvidados),Julián Fueyo,2023-02-24,45,142444,0.342,0.991,0.013,0.935,0.144,0.0982,-30.436,0.0347,76.632,2,4,angry,0.0,0.0,0.0,0.0,0.0,0.0,0.0,0.0,0.0,0.0
54,2PVGV2o83ZFdwM0E6H4AiW,La Gioconda / Act 3: Dance of the Hours,La Gioconda / Act 3: Dance of the Hours,Amilcare Ponchielli,2024-03-29,37,85506,0.618,0.93,0.11,0.411,0.503,0.413,-17.787,0.055,65.497,4,4,angry,0.0,0.0,0.0,0.0,0.0,0.0,0.0,0.0,0.0,0.0
55,3766ThQKYzY9qy1GmyxJPg,"Prélude, Fugue et Variation, Op. 18: Prélude (Arr. Bauer)",Enfleurage,Arseniy Gusev,2023-04-26,31,267373,0.505,0.995,0.013,0.966,0.076,0.293,-30.228,0.0427,66.385,11,4,angry,0.0,0.0,0.0,0.0,0.0,0.0,0.0,0.0,0.0,0.0
56,22Jl3U3TwB9jYy0rPZiT6C,"The Nutcracker, Op. 71, Act II, Scene XIV: Waltz of the Flowers",Classical Christmas: Greatest Orchestral Holiday Classics,Various Artists,2010-10-18,52,432569,0.17,0.929,0.151,0.938,0.0532,0.127,-17.12,0.0448,176.716,2,3,angry,0.0,0.0,0.0,0.0,0.0,0.0,0.0,0.0,0.0,0.0
57,0tJMJJdG2Vo0aHrEFy86nw,"Sonatine, M. 40: II. Mouvement de menuet",Enfleurage,Arseniy Gusev,2023-04-26,32,198299,0.369,0.99,0.0346,0.948,0.097,0.0988,-25.467,0.0385,50.574,1,4,angry,0.0,0.0,0.0,0.0,0.0,0.0,0.0,0.0,0.0,0.0
58,1JYwhewZxE6sD338aNe3Bm,La Vida Breve: Danza Española No. 1 (Arr. for Harp & Guitar),¡Viva la danza!,Duo Multicorde,2021-11-01,33,219196,0.359,0.978,0.149,0.941,0.0946,0.218,-20.64,0.0345,96.086,9,3,angry,0.0,0.0,0.0,0.0,0.0,0.0,0.0,0.0,0.0,0.0
59,5to42me5301ochDzLEDeJv,"Le nozze di Figaro, K.492: Overture","Le nozze di Figaro, K.492: Overture",Wolfgang Amadeus Mozart,2024-02-17,39,264734,0.329,0.843,0.211,0.9,0.113,0.295,-14.296,0.0343,132.968,2,4,angry,0.0,0.0,0.0,0.0,0.0,0.0,0.0,0.0,0.0,0.0
60,6EOwtE7JCREMWtntEFR4ho,"Piano Sonata No. 8 In A Minor: I. Allegro Maestoso, K. 310",The Glory of Mozart,Wolfgang Amadeus Mozart,2010-01-18,11,318175,0.309,0.952,0.412,0.936,0.0933,0.382,-11.335,0.0296,142.082,9,4,angry,0.0,0.0,0.0,0.0,0.0,0.0,0.0,0.0,0.0,0.0
61,3R4Z0U3SgolyJ9s3ynWfGw,"Peer Gynt Suite No. 1, Op. 46: I. Morning Mood",Mythical Horizons,The City of Prague Philharmonic Orchestra,2023-06-29,42,235662,0.21,0.904,0.122,0.933,0.117,0.0397,-16.105,0.0376,70.72,4,3,angry,0.0,0.0,0.0,0.0,0.0,0.0,0.0,0.0,0.0,0.0
62,4sueBN15eHYAQvys4Kfl8T,"Waltz in A-Flat Major, Op. 39 No. 15","16 Waltzes, Op. 39 - No. 15 in A-Flat Major",Johannes Brahms,2023-05-11,35,57246,0.385,0.987,0.0656,0.951,0.103,0.349,-24.516,0.0626,64.886,8,3,angry,0.0,0.0,0.0,0.0,0.0,0.0,0.0,0.0,0.0,0.0
63,4ohUFvRY2eR17Lxq4p0Xrt,"Rêverie, L.68","Rêverie, L.68",Claude Debussy,2023-02-17,37,241286,0.36,0.993,0.0636,0.946,0.106,0.148,-26.695,0.0506,112.856,5,4,angry,0.0,0.0,0.0,0.0,0.0,0.0,0.0,0.0,0.0,0.0
64,7xYKMuWbTwzMIsmUCM5neF,"On the Beautiful Blue Danube Waltz, Op. 314",Epic Orchestra,The City of Prague Philharmonic Orchestra,2010-01-18,37,675594,0.204,0.945,0.161,0.876,0.0818,0.11,-13.362,0.0364,175.859,2,3,angry,0.0,0.0,0.0,0.0,0.0,0.0,0.0,0.0,0.0,0.0
65,62RyPhW73NShV3grNMYlCz,"La Source, Op.44","La Source, Op.44",Alphonse Hasselmans,2023-12-10,34,267784,0.242,0.973,0.149,0.825,0.107,0.0477,-20.557,0.0353,75.819,5,3,angry,0.0,0.0,0.0,0.0,0.0,0.0,0.0,0.0,0.0,0.0
66,5gejjt3uQ3tiyvxnjLyVuR,"Prelude, BWV 998",Autumn’s Gaze,Andrés Madariaga,2023-11-10,31,205142,0.309,0.969,0.152,0.962,0.118,0.24,-24.198,0.0515,93.584,3,1,angry,0.0,0.0,0.0,0.0,0.0,0.0,0.0,0.0,0.0,0.0
67,15E2QgeTo2OsZirxbK24FQ,"String Quartet No. 8 in F Major: IV. Allegro, K. 168",The Glory of Mozart,Wolfgang Amadeus Mozart,2010-01-18,31,114391,0.544,0.945,0.414,0.779,0.148,0.815,-12.96,0.0345,129.117,5,4,angry,0.0,0.0,0.0,0.0,0.0,0.0,0.0,0.0,0.0,0.0
68,2NERuuRckm3vIwufXnu9uP,"Concerto No. 4 in F Minor, Op. 8, RV 297, ""L'inverno"" (Winter): III. Allegro",Vivaldi: The Four Seasons,Antonio Vivaldi,2009-07-01,33,205057,0.294,0.913,0.174,0.154,0.29,0.117,-13.652,0.0409,92.674,5,3,angry,0.0,0.0,0.0,0.0,0.0,0.0,0.0,0.0,0.0,0.0
69,7AO4qERV9ib2H9SR4Y1hbt,Carmen: Overture,Epic Orchestra,The City of Prague Philharmonic Orchestra,2010-01-18,42,133461,0.258,0.675,0.476,0.904,0.0924,0.507,-10.006,0.0413,131.008,4,4,angry,0.0,0.0,0.0,0.0,0.0,0.0,0.0,0.0,0.0,0.0
70,1ZKfC5G9lYZ38agIuiGYCY,"The Nutcracker, Op. 71, Act II, Scene XV: Dance of the Sugar-Plum Fairy",Classical Christmas: Greatest Orchestral Holiday Classics,Various Artists,2010-10-18,42,114209,0.47,0.908,0.0919,0.923,0.0585,0.0727,-21.768,0.0356,116.286,4,4,angry,0.0,0.0,0.0,0.0,0.0,0.0,0.0,0.0,0.0,0.0
71,01LfK4VZNyUcSM4JEnTqTc,Viejo Zortzico,¡Viva la danza!,Duo Multicorde,2021-11-01,33,340311,0.284,0.984,0.0605,0.893,0.12,0.0533,-19.572,0.0463,75.827,0,3,angry,0.0,0.0,0.0,0.0,0.0,0.0,0.0,0.0,0.0,0.0
72,6LG4mo88s1W4NVgoCg8BN7,Un Día de Noviembre,Autumn’s Gaze,Andrés Madariaga,2023-11-10,39,330527,0.349,0.984,0.0781,0.949,0.108,0.142,-20.418,0.0475,77.772,9,3,angry,0.0,0.0,0.0,0.0,0.0,0.0,0.0,0.0,0.0,0.0
73,4zJ6esgBOzoDa7tDmbQ5zV,"Symphony No. 40 In G Major: IV. Allegro Finale, K. 550",The Glory of Mozart,Wolfgang Amadeus Mozart,2010-01-18,20,406354,0.39,0.96,0.343,0.931,0.0967,0.3,-12.623,0.037,130.818,7,4,angry,0.0,0.0,0.0,0.0,0.0,0.0,0.0,0.0,0.0,0.0
74,0LglYHppprzwRfr5NJA30y,"The Nutcracker, Op. 71, Act I, Scene II: March",Classical Christmas: Greatest Orchestral Holiday Classics,Various Artists,2010-10-18,42,154435,0.598,0.957,0.227,0.945,0.0328,0.562,-13.784,0.0351,70.028,4,4,angry,0.0,0.0,0.0,0.0,0.0,0.0,0.0,0.0,0.0,0.0
75,2AesyFXaHB5kI0s6zCNPaR,Gymnopédie No.1,Autumn’s Gaze,Andrés Madariaga,2023-11-10,40,208684,0.567,0.994,0.0131,0.957,0.102,0.142,-27.406,0.0749,76.423,4,3,angry,0.0,0.0,0.0,0.0,0.0,0.0,0.0,0.0,0.0,0.0
76,2mQWMTbWoEmqUVKAkW1Bxv,Méditation from Thaïs (arr. for violin & harp),Rose Garden,Lily Honigberg,2023-06-22,32,294263,0.142,0.914,0.182,0.0772,0.0979,0.0955,-14.738,0.0426,81.565,4,5,angry,0.0,0.0,0.0,0.0,0.0,0.0,0.0,0.0,0.0,0.0
77,5CFotcNUp0goJUIQD9mA2x,"Oh Come, All Ye Faithful",Classical Christmas: Greatest Orchestral Holiday Classics,Various Artists,2010-10-18,19,147510,0.394,0.985,0.0846,0.924,0.0647,0.205,-13.164,0.0296,104.862,2,4,angry,0.2847682119205298,0.0,0.033112582781456956,0.019867549668874173,0.0,0.0,0.2847682119205298,0.039735099337748346,0.19205298013245034,0.1456953642384106
78,262dNfumWroIA8hkBbXtkn,"Lyric Pieces, Book II, Op. 38: No. 7, Waltz",Enfleurage,Arseniy Gusev,2023-04-26,33,74793,0.394,0.995,0.0132,0.955,0.0877,0.253,-35.544,0.0541,137.743,4,4,angry,0.0,0.0,0.0,0.0,0.0,0.0,0.0,0.0,0.0,0.0
79,4fCgUwtcBQJycmvgeDU4tn,"La plus que lente, L. 121 (arr. for violin & harp)",Rose Garden,Lily Honigberg,2023-06-22,38,259272,0.284,0.959,0.177,0.0177,0.0785,0.124,-14.528,0.0454,129.415,7,5,angry,0.0,0.0,0.0,0.0,0.0,0.0,0.0,0.0,0.0,0.0
80,2KE3hsRXyWPIfZ2bx0MVXR,Villanesca (Arr. for Harp & Guitar),¡Viva la danza!,Duo Multicorde,2021-11-01,31,323221,0.573,0.984,0.074,0.908,0.0859,0.119,-22.221,0.0542,92.5,7,4,angry,0.0,0.0,0.0,0.0,0.0,0.0,0.0,0.0,0.0,0.0
81,1930AH4hS9RcKP5K6QeqiO,"Piano Sonata No. 10 In C Major: I. Allegro Moderato, K. 330",The Glory of Mozart,Wolfgang Amadeus Mozart,2010-01-18,31,396043,0.435,0.986,0.203,0.925,0.116,0.577,-14.871,0.0361,130.663,0,4,angry,0.0,0.0,0.0,0.0,0.0,0.0,0.0,0.0,0.0,0.0
82,4umtLH4mrp4awf9mb4Gvcb,Suite Mágica: II. Vals,¡Viva la danza!,Duo Multicorde,2021-11-01,31,123344,0.389,0.985,0.121,0.94,0.121,0.293,-24.83,0.0357,96.662,6,4,angry,0.0,0.0,0.0,0.0,0.0,0.0,0.0,0.0,0.0,0.0
83,3jYRflGk6qmjzq1hfSmiVB,"Piano Sonata No. 8 In A Minor: III. Presto, K. 310",The Glory of Mozart,Wolfgang Amadeus Mozart,2010-01-18,31,169308,0.367,0.968,0.499,0.952,0.0994,0.73,-11.051,0.0342,107.16,9,4,angry,0.0,0.0,0.0,0.0,0.0,0.0,0.0,0.0,0.0,0.0
84,24M5Xk2il3L9NEycnKE3cg,"Peer Gynt Suite No. 1, Op. 46: III. Anitra's Dance",Mythical Horizons,The City of Prague Philharmonic Orchestra,2023-06-29,33,142537,0.349,0.839,0.195,0.087,0.176,0.203,-18.65,0.04,143.251,4,3,angry,0.0,0.0,0.0,0.0,0.0,0.0,0.0,0.0,0.0,0.0
85,7FsksSVGUecef3IeSPEjp9,"Pavane pour une infante défunte, M. 19",Enfleurage,Arseniy Gusev,2023-04-26,37,389177,0.438,0.989,0.00573,0.953,0.0792,0.0931,-32.085,0.0498,102.927,4,4,angry,0.0,0.0,0.0,0.0,0.0,0.0,0.0,0.0,0.0,0.0
86,2yiEeNS3tsyU1sAlnVzqzC,"Magic Flute Overture, K. 620",The Glory of Mozart,Wolfgang Amadeus Mozart,2010-01-18,8,208383,0.175,0.976,0.123,0.902,0.189,0.121,-15.732,0.04,85.078,10,4,angry,0.0,0.0,0.0,0.0,0.0,0.0,0.0,0.0,0.0,0.0
87,3pTUjjMCleuOt2bKhMNHjH,"Symphony No. 9 in E Minor, Op. 95 ""From the New World"": IV. Allegro con fuoco",Epic Orchestra,The City of Prague Philharmonic Orchestra,2010-01-18,32,676544,0.226,0.908,0.238,0.942,0.0957,0.103,-12.339,0.0324,138.123,4,4,angry,0.0,0.0,0.0,0.0,0.0,0.0,0.0,0.0,0.0,0.0
88,2YcBjCelBsOa5v3A3xKh9n,Slavonic Dances No. 1 Op. 46,Memories of Prague: Dvořák: Serenade For Strings / Smetana: Die Moldau,The City of Prague Philharmonic Orchestra,2009-08-18,10,257044,0.325,0.843,0.315,0.879,0.233,0.31,-13.012,0.045,123.45,0,3,angry,0.0,0.0,0.0,0.0,0.0,0.0,0.0,0.0,0.0,0.0
89,0U45AuIBSdtlQw9wmyliPv,"Brandenburg Concerto No. 3 in G Major, BWV 1048: I. Allegro Moderato",The Glory of Bach,Johann Sebastian Bach,2010-03-21,34,399431,0.418,0.84,0.317,0.895,0.128,0.447,-11.701,0.0364,83.526,7,4,angry,0.0,0.0,0.0,0.0,0.0,0.0,0.0,0.0,0.0,0.0
90,7HE03zOd4X9ORs0oANpaEc,"Water Music Suite No. 1 in F Major, HWV 348: V. Air",The Glory of Handel,George Frideric Handel,2020-11-04,30,125120,0.0809,0.89,0.243,0.945,0.148,0.282,-16.152,0.0424,37.038,5,4,angry,0.0,0.0,0.0,0.0,0.0,0.0,0.0,0.0,0.0,0.0
91,5EpLuF3594qnpqeIfvJ9yH,Oriental (Arr. for Harp & Guitar),¡Viva la danza!,Duo Multicorde,2021-11-01,32,299444,0.408,0.982,0.0335,0.907,0.109,0.0614,-24.718,0.039,93.534,4,4,angry,0.0,0.0,0.0,0.0,0.0,0.0,0.0,0.0,0.0,0.0
92,2w7nmy1LVOrgQDVY3jDvLN,"Concerto Grosso In C, Alexander's Feast, HWV 318: I. Allegro",The Glory of Handel,George Frideric Handel,2020-11-04,31,253120,0.594,0.907,0.165,0.0437,0.101,0.698,-14.197,0.0324,98.515,7,4,angry,0.0,0.0,0.0,0.0,0.0,0.0,0.0,0.0,0.0,0.0
93,2RgTdATaLxh6PxJQ3ODMh9,Don Giovanni Overture,Memories of Prague: Dvořák: Serenade For Strings / Smetana: Die Moldau,The City of Prague Philharmonic Orchestra,2009-08-18,9,354213,0.34,0.917,0.189,0.944,0.0858,0.203,-13.144,0.0346,124.05,2,4,angry,0.0,0.0,0.0,0.0,0.0,0.0,0.0,0.0,0.0,0.0
94,2I32YvCQa04JV02VkAwfzz,Trois morceaux pour piano: II. D'un jardin clair,Enfleurage,Arseniy Gusev,2023-04-26,34,140027,0.425,0.981,0.0127,0.968,0.0982,0.087,-28.062,0.0445,95.725,11,4,angry,0.0,0.0,0.0,0.0,0.0,0.0,0.0,0.0,0.0,0.0
95,0MCCoNEKyjg9m3pUkh3yih,"Symphony No. 40 in G Minor, K. 550: IV. Finale (Allegro assai)","Mozart: Symphony No. 40, Eine Kleine Nachtmusick & Other Mozart Favorites",Wolfgang Amadeus Mozart,2009-07-16,30,406354,0.39,0.96,0.343,0.931,0.0967,0.3,-12.623,0.037,130.818,7,4,angry,0.0,0.0,0.0,0.0,0.0,0.0,0.0,0.0,0.0,0.0
96,5PtSjUpN1hp7dzAwBaFxcY,"Orchestral Suite No. 1 in C Major, BWV 1066: IV. Forlane",The Glory of Bach,Johann Sebastian Bach,2010-03-21,30,146523,0.202,0.953,0.286,0.952,0.0675,0.362,-10.389,0.0398,82.797,0,4,angry,0.0,0.0,0.0,0.0,0.0,0.0,0.0,0.0,0.0,0.0
97,4HxVnQIwUu3yzS21nQIhCC,"Má Vlast: Vltava ""Die Moldau""",Memories of Prague: Dvořák: Serenade For Strings / Smetana: Die Moldau,The City of Prague Philharmonic Orchestra,2009-08-18,37,633401,0.194,0.926,0.316,0.899,0.161,0.0387,-12.458,0.0354,104.239,4,4,angry,0.0,0.0,0.0,0.0,0.0,0.0,0.0,0.0,0.0,0.0
98,0GVKXM9Jngisk1SPfgDuVA,"Holberg Suite, Op. 40: IV. Air (Andante religioso)",Mythical Horizons,The City of Prague Philharmonic Orchestra,2023-06-29,32,398945,0.153,0.904,0.153,0.908,0.116,0.0375,-14.62,0.04,138.592,7,4,angry,0.0,0.0,0.0,0.0,0.0,0.0,0.0,0.0,0.0,0.0
99,45eOO5bJsNLhXmcLJhucHh,"Messiah, HWV 56, Pt. 2: Hallelujah Chorus",The Glory of Handel,George Frideric Handel,2020-11-04,31,222253,0.431,0.944,0.299,0.79,0.114,0.354,-13.361,0.0296,107.097,2,4,angry,0.0,0.0,0.0,0.0,0.0,0.0,0.0,0.0,0.0,0.0
100,1EQFOouqdKYdpbNoOHRVO2,abcdefu (angrier),abcdefu (angrier),GAYLE,2021-09-24,62,159836,0.671,0.0658,0.599,0.0,0.101,0.448,-6.18,0.0405,121.849,4,3,angry,0.04878048780487805,0.04878048780487805,0.14634146341463414,0.12195121951219512,0.12195121951219512,0.04878048780487805,0.1951219512195122,0.12195121951219512,0.07317073170731707,0.07317073170731707
101,66Ae3p10Em3KdTaM787Ptx,this is what heartbreak feels like,this is what heartbreak feels like (432Hz),JVKE,2022-10-04,60,157636,0.707,0.578,0.474,0.0,0.11,0.538,-4.603,0.0672,109.991,1,4,angry,0.0736196319018405,0.09815950920245399,0.22699386503067484,0.06748466257668712,0.049079754601226995,0.03680981595092025,0.1165644171779141,0.147239263803681,0.1165644171779141,0.06748466257668712
102,76cy1WJvNGJTj78UqeA5zr,IDGAF,Dua Lipa (Deluxe),Dua Lipa,2017-06-02,77,217946,0.836,0.0403,0.544,0.0,0.0824,0.51,-5.975,0.0943,97.028,7,4,angry,0.0821917808219178,0.0136986301369863,0.2328767123287671,0.0684931506849315,0.0273972602739726,0.0273972602739726,0.1780821917808219,0.1232876712328767,0.1506849315068493,0.0958904109589041
103,6Jkm5kUldvIqxzI1Pa7nXH,10 Things I Hate About You,10 Things I Hate About You,Leah Kate,2022-03-23,4,157138,0.544,0.00991,0.786,0.0,0.169,0.446,-2.97,0.0501,153.967,8,4,angry,0.08235294117647059,0.058823529411764705,0.27058823529411763,0.08235294117647059,0.10588235294117647,0.011764705882352941,0.1411764705882353,0.15294117647058825,0.08235294117647059,0.011764705882352941
104,5MWXOo8DJwgODtPGaietNz,cinderella's dead,cinderella's dead,EMELINE,2022-04-01,67,120666,0.596,0.33,0.607,0.0,0.103,0.531,-6.179,0.168,119.882,6,4,angry,0.014388489208633094,0.18705035971223022,0.2158273381294964,0.17985611510791366,0.16546762589928057,0.007194244604316547,0.02158273381294964,0.15827338129496402,0.014388489208633094,0.03597122302158273
105,6FZDfxM3a3UCqtzo5pxSLZ,Without Me,Manic,Halsey,2020-01-17,77,201660,0.752,0.293,0.488,9.2e-06,0.0936,0.533,-7.05,0.0705,136.07,6,4,angry,0.0,0.0,0.0,0.0,0.0,0.0,0.0,0.0,0.0,0.0
106,20R4HfKloPKgXDqU7UKk3x,Therefore I Am,Happier Than Ever,Billie Eilish,2021-07-30,73,173539,0.879,0.227,0.365,0.135,0.0583,0.663,-7.781,0.0924,94.016,2,4,angry,0.1375,0.05,0.15,0.0375,0.125,0.0125,0.175,0.125,0.1375,0.05
107,7aGyRfJWtLqgJaZoG9lJhE,Mad at Disney,Mad at Disney,salem ilese,2020-07-24,2,136838,0.738,0.424,0.621,7.39e-06,0.692,0.715,-7.313,0.0486,113.968,0,4,angry,0.0,0.0,0.0,0.0,0.0,0.0,0.0,0.0,0.0,0.0
108,4ZtFanR9U6ndgddUvNcjcG,good 4 u,SOUR,Olivia Rodrigo,2021-05-21,82,178146,0.563,0.335,0.664,0.0,0.0849,0.688,-5.044,0.154,166.928,9,4,angry,0.0,0.0,0.0,0.0,0.0,0.0,0.0,0.0,0.0,0.0
109,6WrI0LAC5M1Rw2MnX2ZvEg,Don't Start Now,Don't Start Now,Dua Lipa,2019-10-31,71,183290,0.794,0.0125,0.793,0.0,0.0952,0.677,-4.521,0.0842,123.941,11,4,angry,0.1694915254237288,0.1694915254237288,0.15254237288135594,0.15254237288135594,0.03389830508474576,0.03389830508474576,0.0847457627118644,0.0,0.03389830508474576,0.1694915254237288
110,0AUvWawuP0ibk4SQ3sIZjk,Daisy,Daisy,Ashnikko,2020-07-09,61,146523,0.834,0.235,0.663,0.0,0.372,0.774,-6.143,0.133,121.876,8,4,angry,0.038461538461538464,0.11538461538461539,0.2153846153846154,0.12307692307692308,0.09230769230769231,0.038461538461538464,0.16923076923076924,0.046153846153846156,0.08461538461538462,0.07692307692307693
111,4fkM7M4Uo5AUASnnsRC7EZ,Not Your Barbie Girl,Not Your Barbie Girl,Ava Max,2018-08-13,63,186520,0.745,0.103,0.642,0.0,0.0335,0.35,-4.138,0.0506,120.063,6,4,angry,0.16279069767441862,0.09302325581395349,0.06976744186046512,0.023255813953488372,0.023255813953488372,0.046511627906976744,0.3488372093023256,0.0,0.11627906976744186,0.11627906976744186
112,534P1wgOzlgSogu8At0B6b,I've Had Enough,I've Had Enough,Melina KB,2021-03-12,58,210828,0.742,0.26,0.607,0.0,0.0884,0.667,-5.744,0.0686,170.055,10,3,angry,0.05217391304347826,0.06956521739130435,0.17391304347826086,0.08695652173913043,0.10434782608695652,0.043478260869565216,0.22608695652173913,0.043478260869565216,0.12173913043478261,0.0782608695652174
113,3HWzoMvoF3TQfYg4UPszDq,Truth Hurts,Cuz I Love You (Super Deluxe),Lizzo,2019-04-19,68,173325,0.715,0.11,0.624,0.0,0.123,0.412,-3.046,0.114,158.087,4,4,angry,0.05737704918032787,0.12295081967213115,0.1557377049180328,0.13114754098360656,0.12295081967213115,0.07377049180327869,0.14754098360655737,0.05737704918032787,0.06557377049180328,0.06557377049180328
114,0yvPEnB032fojLfVluFjUv,Sorry Not Sorry,Tell Me You Love Me,Demi Lovato,2017-09-29,70,203760,0.705,0.0242,0.643,0.0,0.262,0.884,-6.929,0.232,143.944,11,4,angry,0.026595744680851064,0.15425531914893617,0.22340425531914893,0.1276595744680851,0.18085106382978725,0.02127659574468085,0.06382978723404255,0.14893617021276595,0.02127659574468085,0.031914893617021274
115,6xsEAm6w9oMQYYg3jkEkMT,Bad Blood,Bad Blood,Taylor Swift,2015-05-17,64,200106,0.654,0.0294,0.655,0.0,0.139,0.221,-7.388,0.106,170.16,11,4,angry,0.0335195530726257,0.12290502793296089,0.1340782122905028,0.12290502793296089,0.12290502793296089,0.01675977653631285,0.1564245810055866,0.11173184357541899,0.1564245810055866,0.0223463687150838
116,23T0OX7QOiIUFShSzbJ5Uo,I Hope,Goldmine,Gabby Barrett,2020-06-19,68,210772,0.466,0.0951,0.536,0.0,0.114,0.377,-6.227,0.0429,75.998,6,4,angry,0.1356382978723404,0.05851063829787234,0.08776595744680851,0.06382978723404255,0.047872340425531915,0.1595744680851064,0.14361702127659576,0.0398936170212766,0.13031914893617022,0.13297872340425532
117,45bE4HXI0AwGZXfZtMp8JR,you broke me first,you broke me first,Tate McRae,2020-04-17,18,169265,0.667,0.785,0.373,0.0,0.0906,0.0823,-9.389,0.05,124.148,4,4,angry,0.014492753623188406,0.2028985507246377,0.2463768115942029,0.2028985507246377,0.08695652173913043,0.043478260869565216,0.08695652173913043,0.07246376811594203,0.0,0.043478260869565216
118,3OHfY25tqY28d16oZczHc8,Kill Bill,SOS,SZA,2022-12-09,77,153946,0.644,0.0543,0.728,0.169,0.161,0.43,-5.75,0.0351,88.993,8,4,angry,0.06097560975609756,0.12195121951219512,0.17073170731707318,0.13414634146341464,0.06097560975609756,0.0,0.1951219512195122,0.04878048780487805,0.14634146341463414,0.06097560975609756
119,5Z2MiIZ5I3jJvvmeWMLbOQ,Escapism.,Escapism. / The Thrill Is Gone.,RAYE,2022-10-12,24,272373,0.538,0.138,0.742,4.67e-05,0.0934,0.25,-5.355,0.114,96.107,2,4,angry,0.13559322033898305,0.14124293785310735,0.22033898305084745,0.1694915254237288,0.03954802259887006,0.011299435028248588,0.1694915254237288,0.022598870056497175,0.04519774011299435,0.04519774011299435
120,2vwlzO0Qp8kfEtzTsCXfyE,Wrecking Ball,Bangerz (Deluxe Version),Miley Cyrus,2013-10-04,78,221360,0.53,0.407,0.422,0.0,0.107,0.349,-6.262,0.0342,119.964,5,4,angry,0.0,0.0,0.0,0.0,0.0,0.0,0.0,0.0,0.0,0.0
121,1r9xUipOqoNwggBpENDsvJ,Enemy (with JID) - from the series Arcane League of Legends,Enemy (with JID) [from the series Arcane League of Legends],Imagine Dragons,2021-10-28,73,173381,0.728,0.237,0.783,0.0,0.434,0.555,-4.424,0.266,77.011,11,4,angry,0.07647058823529412,0.14705882352941177,0.15294117647058825,0.07647058823529412,0.13529411764705881,0.052941176470588235,0.11764705882352941,0.11764705882352941,0.047058823529411764,0.07647058823529412
122,6wNeKPXF0RDKyvfKfri5hf,Dollhouse,Cry Baby (Deluxe Edition),Melanie Martinez,2015-08-14,72,231853,0.725,0.22,0.708,0.0,0.777,0.555,-5.331,0.0756,130.029,5,4,angry,0.20987654320987653,0.012345679012345678,0.07407407407407407,0.012345679012345678,0.024691358024691357,0.07407407407407407,0.20987654320987653,0.024691358024691357,0.20987654320987653,0.14814814814814814
123,0lUSd7TCG8srh6HpIAEIWL,Power,Glory Days (Expanded Edition),Little Mix,2016-11-18,70,247840,0.566,0.0372,0.855,0.000157,0.181,0.517,-4.016,0.211,172.966,7,4,angry,0.07777777777777778,0.08333333333333333,0.16111111111111112,0.1111111111111111,0.14444444444444443,0.06111111111111111,0.1111111111111111,0.08888888888888889,0.07222222222222222,0.08888888888888889
124,59tskctgqUmjCWAwhzYAFm,Looking at Me,Singular Act II,Sabrina Carpenter,2019-07-19,77,181120,0.681,0.00398,0.798,5.11e-06,0.0542,0.516,-4.367,0.0375,105.99,2,4,angry,0.06578947368421052,0.09210526315789473,0.18421052631578946,0.13157894736842105,0.039473684210526314,0.07894736842105263,0.23684210526315788,0.0,0.11842105263157894,0.05263157894736842
125,5lAnYvAIkSDNXqfo7DyFUm,Ain't Shit,Planet Her,Doja Cat,2021-06-25,73,174253,0.855,0.506,0.488,0.0,0.347,0.619,-4.601,0.208,124.097,3,4,angry,0.057692307692307696,0.057692307692307696,0.2403846153846154,0.057692307692307696,0.18269230769230768,0.0,0.08653846153846154,0.19230769230769232,0.0673076923076923,0.057692307692307696
126,7FGIEAVXfegxngH9Jg6VwA,What A Shame,What A Shame,Leyla Blue,2020-12-09,59,177200,0.699,0.315,0.463,0.0,0.0803,0.565,-7.828,0.475,143.99,0,4,angry,0.013888888888888888,0.1597222222222222,0.2222222222222222,0.1736111111111111,0.013888888888888888,0.027777777777777776,0.09722222222222222,0.1597222222222222,0.08333333333333333,0.04861111111111111
127,360Wr96ywrCQq4kTAJ8Pq6,Pacify Her,Cry Baby (Deluxe Edition),Melanie Martinez,2015-08-14,74,220013,0.576,0.0467,0.593,0.000767,0.237,0.373,-6.024,0.0306,157.993,9,4,angry,0.08602150537634409,0.03225806451612903,0.21505376344086022,0.043010752688172046,0.1827956989247312,0.010752688172043012,0.17204301075268819,0.13978494623655913,0.10752688172043011,0.010752688172043012
128,0Qh38w01QRXK6KHIv0e3hb,What About Us,Beautiful Trauma,P!nk,2017-10-13,73,269600,0.491,0.0281,0.588,2.01e-06,0.0906,0.193,-6.177,0.0506,113.608,1,4,angry,0.0958904109589041,0.0958904109589041,0.0958904109589041,0.1095890410958904,0.0958904109589041,0.0684931506849315,0.1095890410958904,0.0547945205479452,0.1095890410958904,0.1643835616438356
129,198ZUXC5jCr5DiQNlKBiNV,Get Down,Six: The Musical (Studio Cast Recording),SIX,2018-08-31,57,253993,0.898,0.00986,0.406,0.0,0.0509,0.39,-9.905,0.102,102.985,4,4,angry,0.14492753623188406,0.07246376811594203,0.07246376811594203,0.07246376811594203,0.0,0.028985507246376812,0.34782608695652173,0.0,0.2608695652173913,0.0
130,23L5CiUhw2jV1OIMwthR3S,In the Name of Love,In the Name of Love,Martin Garrix,2016-07-29,78,195706,0.501,0.109,0.519,0.0,0.454,0.168,-5.88,0.0409,133.99,4,4,angry,0.021739130434782608,0.13043478260869565,0.14130434782608695,0.09782608695652174,0.08695652173913043,0.03260869565217391,0.2391304347826087,0.043478260869565216,0.1956521739130435,0.010869565217391304
131,4svaKoxMMP7ImmKrD5hfQu,Victoria's Secret,Victoria’s Secret,Jax,2022-06-30,61,175934,0.586,0.00655,0.556,0.0,0.0836,0.517,-7.639,0.0592,167.018,6,4,angry,0.23636363636363636,0.05454545454545454,0.09090909090909091,0.01818181818181818,0.14545454545454545,0.09090909090909091,0.14545454545454545,0.03636363636363636,0.09090909090909091,0.09090909090909091
132,3Jb00jDoYOA7xHq4L2mWpZ,AVA (Sped Up),AVA (Sped Up),Natalie Jane,2022-12-02,40,137594,0.675,0.147,0.477,4.76e-05,0.0864,0.334,-5.684,0.0377,100.748,11,4,angry,0.0,0.0,0.0,0.0,0.0,0.0,0.0,0.0,0.0,0.0
133,78qd8dvwea0Gosb6Fe6j3k,Boss Bitch,Boss Bitch,Doja Cat,2020-01-23,74,134239,0.707,0.127,0.955,0.0,0.202,0.575,-4.593,0.222,125.989,10,4,angry,0.038461538461538464,0.13286713286713286,0.17132867132867133,0.13986013986013987,0.14685314685314685,0.027972027972027972,0.15734265734265734,0.12937062937062938,0.03146853146853147,0.024475524475524476
134,1V6gIisPpYqgFeWbMLI0bA,Heart Attack,Demi,Demi Lovato,2013-01-01,78,210840,0.504,0.0738,0.785,0.0,0.239,0.502,-4.802,0.104,173.968,8,4,angry,0.09090909090909091,0.16233766233766234,0.23376623376623376,0.09090909090909091,0.1038961038961039,0.03896103896103896,0.11038961038961038,0.012987012987012988,0.09090909090909091,0.06493506493506493
135,1ue7zm5TVVvmoQV8lK6K2H,Pretty Girl,Pretty Girl,Maggie Lindemann,2016-09-30,58,219428,0.456,0.298,0.764,0.0,0.229,0.383,-3.584,0.148,124.971,10,5,angry,0.17543859649122806,0.03508771929824561,0.14035087719298245,0.08771929824561403,0.03508771929824561,0.03508771929824561,0.14035087719298245,0.07017543859649122,0.14035087719298245,0.14035087719298245
136,4uqh9bualXNHXXwO2wPorc,Daisies,Daisies,Katy Perry,2020-05-15,53,173123,0.639,0.0837,0.546,0.0,0.122,0.149,-5.382,0.0407,122.179,1,4,angry,0.10204081632653061,0.05102040816326531,0.1326530612244898,0.09183673469387756,0.08163265306122448,0.07142857142857142,0.17346938775510204,0.02040816326530612,0.14285714285714285,0.1326530612244898
137,2YyLNljkMy2viVcXoFGTDY,Tears of Gold,Tears of Gold,Faouzia,2019-11-20,64,176117,0.587,0.128,0.664,0.0,0.323,0.617,-5.698,0.0523,149.957,5,4,angry,0.036036036036036036,0.12612612612612611,0.23423423423423423,0.18018018018018017,0.0990990990990991,0.02702702702702703,0.10810810810810811,0.036036036036036036,0.08108108108108109,0.07207207207207207
138,27rdGxbavYJeBphck5MZAF,Nothing Breaks Like a Heart (feat. Miley Cyrus),Nothing Breaks Like a Heart (feat. Miley Cyrus),Mark Ronson,2018-11-30,69,217466,0.601,0.00987,0.794,1.36e-06,0.388,0.244,-5.844,0.0671,114.066,7,4,angry,0.05844155844155844,0.15584415584415584,0.2077922077922078,0.24025974025974026,0.12987012987012986,0.025974025974025976,0.07142857142857142,0.032467532467532464,0.07142857142857142,0.006493506493506494
139,5r0cOO77xkM5jjHk67Z2Lt,"Baby, I'm Jealous (feat. Doja Cat)",Better Mistakes,Bebe Rexha,2021-05-07,58,175873,0.737,0.0398,0.867,0.0,0.32,0.506,-2.259,0.0458,98.05,11,4,angry,0.04918032786885246,0.0273224043715847,0.22404371584699453,0.02185792349726776,0.1912568306010929,0.0,0.14207650273224043,0.20765027322404372,0.13114754098360656,0.00546448087431694
140,6HU7h9RYOaPRFeh0R3UeAr,deja vu,SOUR,Olivia Rodrigo,2021-05-21,83,215506,0.442,0.584,0.612,5.7e-06,0.37,0.178,-7.222,0.112,180.917,2,4,angry,0.13580246913580246,0.04938271604938271,0.12345679012345678,0.037037037037037035,0.04938271604938271,0.04938271604938271,0.30864197530864196,0.07407407407407407,0.16049382716049382,0.012345679012345678
141,5ajjAnNRh8bxFvaVHzpPjh,Reckless,Reckless,Madison Beer,2021-06-04,71,203384,0.386,0.807,0.426,0.0,0.14,0.261,-6.642,0.0363,180.104,3,3,angry,0.07228915662650602,0.1566265060240964,0.18072289156626506,0.12048192771084337,0.12048192771084337,0.04819277108433735,0.0963855421686747,0.03614457831325301,0.07228915662650602,0.0963855421686747
142,12cZWGf5ZgLcKubEW9mx5q,HOPE,HOPE,NF,2023-02-16,66,264473,0.546,0.396,0.787,0.0,0.0619,0.497,-4.023,0.212,100.559,0,3,angry,0.09174311926605505,0.1743119266055046,0.2018348623853211,0.14678899082568808,0.06422018348623854,0.027522935779816515,0.13761467889908258,0.027522935779816515,0.05504587155963303,0.07339449541284404
143,6IbnUaczZBT34DhaD6S18F,Bubblegum Bitch,Electra Heart (Deluxe),MARINA,2012-04-27,74,154666,0.495,0.000219,0.856,0.0,0.103,0.609,-5.123,0.0311,158.024,0,4,angry,0.02654867256637168,0.06637168141592921,0.17699115044247787,0.13716814159292035,0.14601769911504425,0.05752212389380531,0.13716814159292035,0.04424778761061947,0.16371681415929204,0.04424778761061947
144,59CfNbkERJ3NoTXDvoURjj,Boyfriend,Boyfriend,Dove Cameron,2022-02-11,71,153000,0.345,0.232,0.612,0.0,0.194,0.232,-6.543,0.0608,179.773,7,3,angry,0.11320754716981132,0.11320754716981132,0.11320754716981132,0.07547169811320754,0.07547169811320754,0.09433962264150944,0.22641509433962265,0.03773584905660377,0.09433962264150944,0.05660377358490566
145,5NEbSFTrxg63xy3j7jiQAe,I'm an Albatraoz,I'm an Albatraoz,CDM Project,2019-01-16,22,166000,0.745,0.0895,0.739,0.0037,0.0844,0.612,-9.095,0.0572,128.011,0,4,angry,0.11764705882352941,0.058823529411764705,0.058823529411764705,0.029411764705882353,0.17647058823529413,0.11764705882352941,0.14705882352941177,0.058823529411764705,0.11764705882352941,0.11764705882352941
146,4eWQlBRaTjPPUlzacqEeoQ,Never Be the Same,Camila,Camila Cabello,2018-01-12,75,226973,0.637,0.181,0.713,0.000637,0.137,0.243,-4.333,0.0747,129.923,0,4,angry,0.03571428571428571,0.08035714285714286,0.35714285714285715,0.044642857142857144,0.22321428571428573,0.044642857142857144,0.026785714285714284,0.13392857142857142,0.026785714285714284,0.026785714285714284
147,7k4t7uLgtOxPwTpFmtJNTY,Tusa,Tusa,KAROL G,2019-11-07,72,200960,0.803,0.295,0.715,0.000134,0.0574,0.574,-3.28,0.298,101.085,2,4,angry,0.02857142857142857,0.17142857142857143,0.22857142857142856,0.14285714285714285,0.17142857142857143,0.05714285714285714,0.08571428571428572,0.08571428571428572,0.0,0.02857142857142857
148,5OLcsBO28uWHMzS0EEeZNp,Little Girl Gone,Little Girl Gone,CHINCHILLA,2023-04-21,3,188596,0.706,0.177,0.675,0.0,0.0852,0.516,-6.351,0.237,159.961,1,4,angry,0.06818181818181818,0.1590909090909091,0.25757575757575757,0.08333333333333333,0.1590909090909091,0.10606060606060606,0.045454545454545456,0.05303030303030303,0.007575757575757576,0.06060606060606061
149,4OafepJy2teCjYJbvFE60J,breathin,Sweetener,Ariana Grande,2018-08-17,68,198160,0.568,0.0211,0.656,1.37e-05,0.213,0.364,-5.413,0.0433,100.049,8,4,angry,0.10714285714285714,0.0,0.21428571428571427,0.10714285714285714,0.07142857142857142,0.0,0.21428571428571427,0.07142857142857142,0.0,0.21428571428571427
150,4atLCK41iF1xFDydQ6WliG,PS5,PS5 (Super Pack),salem ilese,2022-07-06,0,152214,0.602,0.0131,0.642,5.33e-06,0.0668,0.54,-5.404,0.211,175.978,2,4,angry,0.09859154929577464,0.07042253521126761,0.15492957746478872,0.09859154929577464,0.028169014084507043,0.09859154929577464,0.15492957746478872,0.056338028169014086,0.1267605633802817,0.11267605633802817
151,7y9iMe8SOB6z3NoHE2OfXl,Bad At Love,hopeless fountain kingdom (Deluxe),Halsey,2017-06-02,23,181279,0.675,0.0604,0.751,0.0,0.0893,0.612,-3.539,0.0296,118.384,0,4,angry,0.022988505747126436,0.1206896551724138,0.16091954022988506,0.12643678160919541,0.13218390804597702,0.022988505747126436,0.10919540229885058,0.15517241379310345,0.09195402298850575,0.05747126436781609
152,6ZtiywT2Qm50a1uR0jlY35,"Sit Still, Look Pretty","Sit Still, Look Pretty",Daya,2016-10-07,33,207761,0.846,0.286,0.734,8.27e-05,0.425,0.717,-3.601,0.108,90.98,2,4,angry,0.1487603305785124,0.12396694214876033,0.1322314049586777,0.09504132231404959,0.024793388429752067,0.028925619834710745,0.1487603305785124,0.012396694214876033,0.14049586776859505,0.1446280991735537
153,7vu0JkJh0ldukEYbTVcqd0,Issues,Nervous System,Julia Michaels,2017-07-28,72,176320,0.728,0.401,0.415,0.0,0.0616,0.455,-6.852,0.0639,114.145,8,4,angry,0.08163265306122448,0.08163265306122448,0.1326530612244898,0.09183673469387756,0.11224489795918367,0.02040816326530612,0.17346938775510204,0.11224489795918367,0.15306122448979592,0.04081632653061224
154,7w3rcy1CrATkUgCoItTbId,Love Lies,"Love, Simon (Original Motion Picture Soundtrack)",Various Artists,2018-03-16,43,201253,0.702,0.108,0.573,0.0,0.114,0.394,-7.748,0.049,143.916,6,4,angry,0.0990990990990991,0.06306306306306306,0.14414414414414414,0.02702702702702703,0.07207207207207207,0.05405405405405406,0.1891891891891892,0.10810810810810811,0.1891891891891892,0.05405405405405406
155,72jCZdH0Lhg93z6Z4hBjgj,I Knew You Were Trouble.,Red,Taylor Swift,2012-10-22,59,217973,0.622,0.00454,0.469,2.25e-06,0.0398,0.679,-6.798,0.0363,77.019,3,4,angry,0.08695652173913043,0.11594202898550725,0.2608695652173913,0.11594202898550725,0.08695652173913043,0.028985507246376812,0.057971014492753624,0.14492753623188406,0.043478260869565216,0.057971014492753624
156,3yOlyBJuViE2YSGn3nVE1K,My Oh My (feat. DaBaby),Romance,Camila Cabello,2019-12-06,72,170746,0.724,0.018,0.491,1.29e-05,0.0887,0.383,-6.024,0.0296,105.046,8,4,angry,0.20192307692307693,0.038461538461538464,0.0673076923076923,0.04807692307692308,0.028846153846153848,0.09615384615384616,0.17307692307692307,0.009615384615384616,0.15384615384615385,0.18269230769230768
157,3nqQXoyQOWXiESFLlDF1hG,Unholy (feat. Kim Petras),Unholy (feat. Kim Petras),Sam Smith,2022-09-22,77,156943,0.719,0.0138,0.454,4.83e-06,0.318,0.224,-7.384,0.0707,131.007,2,4,angry,0.014705882352941176,0.08823529411764706,0.14705882352941177,0.0,0.08823529411764706,0.14705882352941177,0.22058823529411764,0.058823529411764705,0.22058823529411764,0.014705882352941176
158,0yLdNVWF3Srea0uzk55zFn,Flowers,Flowers,Miley Cyrus,2023-01-13,25,200454,0.707,0.0632,0.681,5.15e-06,0.0322,0.646,-4.325,0.0668,117.999,0,4,angry,0.01639344262295082,0.06557377049180328,0.13934426229508196,0.12295081967213115,0.02459016393442623,0.03278688524590164,0.319672131147541,0.00819672131147541,0.26229508196721313,0.00819672131147541
159,5vTPxzm4h2bY9rYyVrGEU5,Really Don't Care,Demi,Demi Lovato,2013-01-01,68,201600,0.706,0.123,0.728,0.0,0.185,0.851,-3.602,0.0852,121.017,7,4,angry,0.0410958904109589,0.1095890410958904,0.2876712328767123,0.1095890410958904,0.1780821917808219,0.0958904109589041,0.0821917808219178,0.0410958904109589,0.0273972602739726,0.0273972602739726
160,3o9kpgkIcffx0iSwxhuNI2,Numb Little Bug,Numb Little Bug,Em Beihold,2022-01-28,67,169237,0.742,0.327,0.527,0.0,0.25,0.638,-6.892,0.0769,84.974,8,4,angry,0.05813953488372093,0.13953488372093023,0.27906976744186046,0.12790697674418605,0.03488372093023256,0.023255813953488372,0.1744186046511628,0.046511627906976744,0.06976744186046512,0.046511627906976744
161,1c8gk2PeTE04A1pIDH9YMk,Rolling in the Deep,21,Adele,2011-01-24,77,228093,0.73,0.138,0.769,0.0,0.0473,0.507,-5.114,0.0298,104.948,8,4,angry,0.0673076923076923,0.08653846153846154,0.18269230769230768,0.20192307692307693,0.038461538461538464,0.07692307692307693,0.14423076923076922,0.038461538461538464,0.10576923076923077,0.057692307692307696
162,6xlOnm5MITIKtixzJW8R0j,DARKSIDE,Wars In A Wonderland,Neoni,2021-08-20,73,168000,0.533,0.31,0.714,1.58e-06,0.0869,0.454,-6.472,0.0608,165.037,7,3,angry,0.0,0.0,0.0,0.0,0.0,0.0,0.0,0.0,0.0,0.0
163,3MoV1UsAJmz64LHqyiRMp0,Say My Name,7,David Guetta,2018-09-14,53,198946,0.703,0.137,0.66,0.0,0.192,0.79,-5.119,0.123,95.031,10,4,angry,0.10344827586206896,0.1103448275862069,0.07586206896551724,0.006896551724137931,0.006896551724137931,0.041379310344827586,0.3586206896551724,0.006896551724137931,0.2896551724137931,0.0
164,6bTbMMEShyGyrcuIwtBlpA,Living Hell,Dolls EP,Bella Poarch,2022-08-12,59,174002,0.729,0.598,0.551,0.0,0.176,0.312,-6.935,0.056,124.044,0,4,angry,0.11363636363636363,0.10606060606060606,0.10606060606060606,0.06818181818181818,0.08333333333333333,0.030303030303030304,0.17424242424242425,0.08333333333333333,0.17424242424242425,0.06060606060606061
165,7uUahoeqGNRMbpdeiLj1rS,Panic Room,Panic Room,Au/Ra,2018-02-09,67,237772,0.495,0.152,0.426,5.65e-06,0.099,0.0636,-9.434,0.0736,97.91,8,4,angry,0.0,0.0,0.0,0.0,0.0,0.0,0.0,0.0,0.0,0.0
166,58HvfVOeJY7lUuCqF0m3ly,MIDDLE OF THE NIGHT,MIDDLE OF THE NIGHT,Elley Duhé,2020-01-10,75,184447,0.41,0.0228,0.611,0.0,0.116,0.0899,-8.271,0.0467,185.727,4,3,angry,0.13636363636363635,0.09090909090909091,0.045454545454545456,0.045454545454545456,0.045454545454545456,0.045454545454545456,0.09090909090909091,0.045454545454545456,0.09090909090909091,0.36363636363636365
167,0yLdNVWF3Srea0uzk55zFn,Flowers,Flowers,Miley Cyrus,2023-01-13,25,200454,0.707,0.0632,0.681,5.15e-06,0.0322,0.646,-4.325,0.0668,117.999,0,4,angry,0.01639344262295082,0.06557377049180328,0.13934426229508196,0.12295081967213115,0.02459016393442623,0.03278688524590164,0.319672131147541,0.00819672131147541,0.26229508196721313,0.00819672131147541
168,4dh34dyav8M5jCN3yidn8Z,Big Weenie,Encore (Deluxe Version),Eminem,2004-11-12,62,266933,0.622,0.242,0.539,0.0,0.107,0.315,-4.331,0.502,173.662,1,4,angry,0.0,0.0,0.0,0.0,0.0,0.0,0.0,0.0,0.0,0.0
169,1KixkQVDUHggZMU9dUobgm,My Head & My Heart,Heaven & Hell,Ava Max,2020-09-18,70,174760,0.614,0.0697,0.934,0.0,0.121,0.436,-3.709,0.07,116.001,9,4,angry,0.0,0.0,0.0,0.0,0.0,0.0,0.0,0.0,0.0,0.0
170,6zBqlhWjEhNyH4Z8eUDzMT,Twinkle Twinkle,Twinkle Twinkle,Leah Kate,2022-06-24,0,156937,0.571,0.0151,0.854,0.0,0.251,0.6,-4.753,0.125,160.035,7,4,angry,0.08695652173913043,0.0,0.0,0.0,0.0,0.0,0.34782608695652173,0.0,0.30434782608695654,0.2608695652173913
171,2tGvwE8GcFKwNdAXMnlbfl,happier,SOUR,Olivia Rodrigo,2021-05-21,82,175933,0.395,0.765,0.443,9.67e-06,0.0839,0.338,-9.72,0.133,168.924,6,3,angry,0.18095238095238095,0.009523809523809525,0.047619047619047616,0.01904761904761905,0.02857142857142857,0.0761904761904762,0.21904761904761905,0.0380952380952381,0.21904761904761905,0.1619047619047619
172,42ydLwx4i5V49RXHOozJZq,Scars To Your Beautiful,Know-It-All (Deluxe),Alessia Cara,2016-03-11,68,230226,0.319,0.0285,0.739,0.0,0.111,0.449,-5.74,0.272,194.169,0,4,angry,0.08108108108108109,0.13513513513513514,0.05405405405405406,0.06306306306306306,0.009009009009009009,0.02702702702702703,0.2972972972972973,0.0,0.25225225225225223,0.08108108108108109
173,3XF5xLJHOQQRbWya6hBp7d,you should see me in a crown,"WHEN WE ALL FALL ASLEEP, WHERE DO WE GO?",Billie Eilish,2019-03-29,76,180952,0.678,0.462,0.533,0.219,0.139,0.323,-10.485,0.186,150.455,4,4,angry,0.09523809523809523,0.19047619047619047,0.14285714285714285,0.07936507936507936,0.031746031746031744,0.015873015873015872,0.12698412698412698,0.031746031746031744,0.1111111111111111,0.1746031746031746
174,04aAxqtGp5pv12UXAg4pkq,Centuries,American Beauty/American Psycho,Fall Out Boy,2015-01-16,79,228360,0.393,0.00359,0.858,0.0,0.102,0.56,-2.868,0.0729,176.042,4,4,angry,0.05172413793103448,0.10344827586206896,0.27586206896551724,0.13793103448275862,0.06896551724137931,0.034482758620689655,0.15517241379310345,0.034482758620689655,0.06896551724137931,0.06896551724137931
175,1y4eb6hmAvsqlDOl3fx9kk,Hot N Cold,One Of The Boys,Katy Perry,2008-06-17,70,220226,0.706,7.73e-05,0.842,0.0,0.0688,0.861,-3.956,0.0417,132.032,7,4,angry,0.04918032786885246,0.12295081967213115,0.2459016393442623,0.09836065573770492,0.10655737704918032,0.09016393442622951,0.10655737704918032,0.00819672131147541,0.09836065573770492,0.07377049180327869
176,1Xi84slp6FryDSCbzq4UCD,Arcade,Arcade,Duncan Laurence,2019-03-07,73,183624,0.459,0.817,0.331,0.00104,0.135,0.271,-12.603,0.0421,72.023,9,3,angry,0.09433962264150944,0.03773584905660377,0.2641509433962264,0.16981132075471697,0.1509433962264151,0.0,0.1320754716981132,0.018867924528301886,0.11320754716981132,0.018867924528301886
177,4TgyIbBZCW0UIwS8eua06z,Hate You,Hate You,Jordi,2022-11-18,51,176540,0.636,0.762,0.473,3.82e-06,0.152,0.399,-8.311,0.0389,87.034,0,4,angry,0.03225806451612903,0.08602150537634409,0.22580645161290322,0.17204301075268819,0.12903225806451613,0.010752688172043012,0.12903225806451613,0.11827956989247312,0.08602150537634409,0.010752688172043012
178,3S8jK1mGzQi24ilFb45DAZ,Lonely (with benny blanco),Justice,Justin Bieber,2021-03-19,74,149189,0.619,0.9,0.241,0.0,0.116,0.0719,-7.102,0.046,79.461,11,4,angry,0.05,0.13333333333333333,0.16666666666666666,0.16666666666666666,0.15,0.03333333333333333,0.06666666666666667,0.16666666666666666,0.03333333333333333,0.03333333333333333
179,3udCid1W2whR6CQrVpsKUh,Cinderella Snapped,Cinderella Snapped,Jax,2023-03-03,53,173103,0.752,0.0193,0.522,0.0,0.105,0.65,-5.993,0.0507,139.936,1,3,angry,0.12790697674418605,0.046511627906976744,0.06976744186046512,0.011627906976744186,0.023255813953488372,0.046511627906976744,0.313953488372093,0.023255813953488372,0.20930232558139536,0.12790697674418605
180,5MAK1nd8R6PWnle1Q1WJvh,I See Red,I See Red,Everybody Loves an Outlaw,2018-10-31,72,230613,0.509,0.00713,0.448,0.0137,0.244,0.221,-7.552,0.0357,156.909,4,3,angry,0.0,0.2,0.3333333333333333,0.1111111111111111,0.2,0.022222222222222223,0.022222222222222223,0.06666666666666667,0.0,0.044444444444444446
181,2Ggr9IfS70wYQacW8nZKPG,labour,labour,Paris Paloma,2023-03-23,71,237744,0.65,0.396,0.574,0.000112,0.354,0.441,-10.3,0.101,83.963,11,4,angry,0.10897435897435898,0.09615384615384616,0.19230769230769232,0.07692307692307693,0.08333333333333333,0.0,0.16666666666666666,0.05128205128205128,0.10897435897435898,0.11538461538461539
182,1zu2GKHPJIsUu80SUJX4H4,Devil Doesn’t Bargain,(Un)Commentary,Alec Benjamin,2022-04-15,69,163613,0.448,0.577,0.606,0.0,0.217,0.483,-4.565,0.0609,121.15,3,4,angry,0.10119047619047619,0.1488095238095238,0.1488095238095238,0.08928571428571429,0.1130952380952381,0.023809523809523808,0.16071428571428573,0.09523809523809523,0.023809523809523808,0.09523809523809523
183,3u1FiuSpfsgVnekEMXgMwJ,"Tag, You're It",Cry Baby (Deluxe Edition),Melanie Martinez,2015-08-14,72,189026,0.559,0.24,0.835,0.019,0.185,0.382,-5.555,0.0424,114.908,5,4,angry,0.08333333333333333,0.041666666666666664,0.1875,0.041666666666666664,0.10416666666666667,0.14583333333333334,0.16666666666666666,0.041666666666666664,0.10416666666666667,0.08333333333333333
184,1P17dC1amhFzptugyAO7Il,Look What You Made Me Do,reputation,Taylor Swift,2017-11-10,79,211853,0.766,0.204,0.709,1.41e-05,0.126,0.506,-6.471,0.123,128.07,9,4,angry,0.09803921568627451,0.09803921568627451,0.1568627450980392,0.09803921568627451,0.13725490196078433,0.0196078431372549,0.09803921568627451,0.11764705882352941,0.0392156862745098,0.13725490196078433
185,0aU73DSJXOwjzMakUhlL9t,Just a Friend,Just a Friend,Jordi,2023-08-25,50,141147,0.785,0.0499,0.653,0.0,0.0899,0.589,-6.464,0.199,89.99,2,4,angry,0.23404255319148937,0.028368794326241134,0.04964539007092199,0.014184397163120567,0.02127659574468085,0.0425531914893617,0.28368794326241137,0.014184397163120567,0.23404255319148937,0.07801418439716312
186,6yARPLK0PV4heEyh7pVMGz,Part Of Me,Teenage Dream: The Complete Confection,Katy Perry,2012-01-01,70,216160,0.666,0.000348,0.922,0.0,0.0867,0.758,-4.645,0.0352,130.007,5,4,angry,0.034482758620689655,0.13793103448275862,0.20689655172413793,0.13793103448275862,0.034482758620689655,0.1724137931034483,0.10344827586206896,0.06896551724137931,0.06896551724137931,0.034482758620689655
187,04ZTP5KsCypmtCmQg5tH9R,I'm a Mess,Expectations,Bebe Rexha,2018-06-22,68,195519,0.63,0.00281,0.694,0.0,0.0719,0.216,-6.257,0.0253,97.005,11,4,angry,0.10852713178294573,0.015503875968992248,0.08527131782945736,0.015503875968992248,0.007751937984496124,0.07751937984496124,0.26356589147286824,0.06976744186046512,0.26356589147286824,0.09302325581395349
188,2qxmye6gAegTMjLKEBoR3d,Let Me Down Slowly,Narrated For You,Alec Benjamin,2018-11-16,83,169353,0.652,0.74,0.557,0.0,0.124,0.483,-5.714,0.0318,150.073,1,4,angry,0.07518796992481203,0.10526315789473684,0.20300751879699247,0.17293233082706766,0.05263157894736842,0.05263157894736842,0.14285714285714285,0.06766917293233082,0.09022556390977443,0.03759398496240601
189,3k79jB4aGmMDUQzEwa46Rz,vampire,vampire,Olivia Rodrigo,2023-06-30,16,219724,0.484,0.148,0.53,0.0,0.283,0.319,-5.82,0.054,136.874,5,4,angry,0.06956521739130435,0.1391304347826087,0.19130434782608696,0.12173913043478261,0.12173913043478261,0.017391304347826087,0.10434782608695652,0.13043478260869565,0.06956521739130435,0.034782608695652174
190,6cPh0IceWYeMEeYmbSgIMG,Pretty Distraction,Pretty Distraction,SkyDxddy,2023-09-08,54,175813,0.468,0.113,0.45,0.0,0.089,0.448,-7.981,0.0322,172.038,6,3,angry,0.08,0.12,0.14666666666666667,0.05333333333333334,0.12,0.04,0.2,0.08,0.12,0.04
191,2IGMVunIBsBLtEQyoI1Mu7,Paint The Town Red,Paint The Town Red,Doja Cat,2023-08-04,79,231750,0.868,0.269,0.538,3.34e-06,0.0901,0.732,-8.603,0.174,99.968,5,4,angry,0.04150943396226415,0.1509433962264151,0.18490566037735848,0.12830188679245283,0.16226415094339622,0.026415094339622643,0.07924528301886792,0.12830188679245283,0.03773584905660377,0.06037735849056604
192,2gyxAWHebV7xPYVxqoi86f,get him back!,GUTS,Olivia Rodrigo,2023-09-08,76,211141,0.553,0.0143,0.847,0.0,0.561,0.733,-5.736,0.187,162.024,5,4,angry,0.06363636363636363,0.15454545454545454,0.19545454545454546,0.15,0.07272727272727272,0.07272727272727272,0.09090909090909091,0.05454545454545454,0.07272727272727272,0.07272727272727272
193,4kkeuVl6gF3RMqE4Nn5W3E,E.T.,Teenage Dream,Katy Perry,2010-01-01,64,206373,0.603,0.0178,0.863,0.0,0.389,0.731,-5.423,0.0773,150.054,5,4,angry,0.06748466257668712,0.1411042944785276,0.2392638036809816,0.09202453987730061,0.04294478527607362,0.049079754601226995,0.09815950920245399,0.12269938650306748,0.06748466257668712,0.07975460122699386
194,0XqQxKtAdYbOC8OVIjWLZD,Dancing With The Devil,Dancing With The Devil…The Art of Starting Over,Demi Lovato,2021-04-02,47,243992,0.413,0.273,0.64,0.0,0.11,0.149,-5.811,0.0427,75.245,8,4,angry,0.04838709677419355,0.12903225806451613,0.1935483870967742,0.11290322580645161,0.12096774193548387,0.03225806451612903,0.06451612903225806,0.12096774193548387,0.03225806451612903,0.14516129032258066
195,0pXUVMtPaFDghiBgDs6U1f,My Problem,My Problem,Jordi,2023-10-27,48,146932,0.798,0.243,0.583,0.0,0.151,0.737,-5.547,0.0989,74.476,0,4,angry,0.0,0.24444444444444444,0.3333333333333333,0.24444444444444444,0.08888888888888889,0.0,0.0,0.08888888888888889,0.0,0.0
196,3QSjVPObHxuAJc3E5nrjRn,VILLAIN,ALL OUT,K/DA,2020-11-06,68,199125,0.653,0.0232,0.634,0.0,0.0908,0.306,-5.875,0.0391,160.013,5,4,angry,0.0,0.0,0.0,0.0,0.0,0.0,0.5,0.0,0.5,0.0
197,63mdJr3NMY3wReOkNE6c6W,People You Know,Rare,Selena Gomez,2020-01-10,73,194900,0.695,0.0881,0.62,5.43e-05,0.111,0.619,-8.082,0.0521,150.032,8,4,angry,0.05263157894736842,0.13157894736842105,0.21052631578947367,0.13157894736842105,0.13157894736842105,0.05263157894736842,0.05263157894736842,0.13157894736842105,0.05263157894736842,0.05263157894736842
198,6dgUya35uo964z7GZXM07g,Nonsense,emails i can't send,Sabrina Carpenter,2022-07-15,87,163648,0.74,0.0268,0.697,0.0,0.224,0.732,-4.912,0.034,138.992,8,4,angry,0.07446808510638298,0.06382978723404255,0.19148936170212766,0.07446808510638298,0.06382978723404255,0.10638297872340426,0.14893617021276595,0.06382978723404255,0.13829787234042554,0.07446808510638298
199,7aonAWn0J0AJ47ZU9WHCXC,INFERNO,INFERNO,Sub Urban,2021-08-13,59,133133,0.82,0.0766,0.611,2.5e-05,0.0684,0.637,-5.02,0.122,127.883,9,4,angry,0.0,0.0,0.0,0.0,0.0,0.0,0.0,0.0,0.0,0.0
200,7gvd8xj4QgPqbQSsn5pV7d,Sorry Not Sorry,Tell Me You Love Me (Deluxe),Demi Lovato,2017-09-29,1,203760,0.705,0.0237,0.64,0.0,0.262,0.887,-6.928,0.225,144.077,11,4,angry,0.026595744680851064,0.15425531914893617,0.22340425531914893,0.1276595744680851,0.18085106382978725,0.02127659574468085,0.06382978723404255,0.14893617021276595,0.02127659574468085,0.031914893617021274
201,1EQFOouqdKYdpbNoOHRVO2,abcdefu (angrier),abcdefu (angrier),GAYLE,2021-09-24,62,159836,0.671,0.0658,0.599,0.0,0.101,0.448,-6.18,0.0405,121.849,4,3,angry,0.04878048780487805,0.04878048780487805,0.14634146341463414,0.12195121951219512,0.12195121951219512,0.04878048780487805,0.1951219512195122,0.12195121951219512,0.07317073170731707,0.07317073170731707
202,50yHVBbU6M4iIfqBI1bxWx,Rumour Has It,21,Adele,2011-01-19,0,223266,0.612,0.617,0.748,0.0,0.167,0.574,-5.014,0.0445,120.052,0,4,angry,0.0851063829787234,0.0851063829787234,0.23404255319148937,0.0425531914893617,0.06382978723404255,0.0,0.2127659574468085,0.0851063829787234,0.1276595744680851,0.06382978723404255
203,32BeYxKPrig1LefHsC0Xuo,Happier Than Ever - Edit,Happier Than Ever (Edit),Billie Eilish,2021-07-28,69,151444,0.334,0.0468,0.599,0.000392,0.205,0.127,-5.742,0.0365,161.74,0,3,angry,0.05063291139240506,0.10126582278481013,0.189873417721519,0.11392405063291139,0.11392405063291139,0.05063291139240506,0.08860759493670886,0.13924050632911392,0.05063291139240506,0.10126582278481013
204,6SRsiMl7w1USE4mFqrOhHC,brutal,SOUR,Olivia Rodrigo,2021-05-21,76,143746,0.672,0.0311,0.526,1.37e-06,0.28,0.28,-6.446,0.0599,123.999,4,4,angry,0.06896551724137931,0.16379310344827586,0.1810344827586207,0.10344827586206896,0.1206896551724138,0.02586206896551724,0.10344827586206896,0.05172413793103448,0.07758620689655173,0.10344827586206896
205,6PERP62TejQjgHu81OHxgM,good 4 u,good 4 u,Olivia Rodrigo,2021-05-14,17,178147,0.556,0.3,0.661,0.0,0.101,0.668,-5.052,0.204,168.56,6,4,angry,0.0,0.0,0.0,0.0,0.0,0.0,0.0,0.0,0.0,0.0
206,0VwNdo84DaVYLIkbVO86ND,We Are Never Ever Getting Back Together,Red (Big Machine Radio Release Special),Taylor Swift,2012-10-22,69,193146,0.628,0.00957,0.676,2.65e-05,0.121,0.75,-5.911,0.0916,85.984,7,4,angry,0.08,0.1,0.1,0.06,0.04,0.02,0.38,0.04,0.08,0.1
207,6nhvIZeu7g6OsDCLj1DKLl,Tell Me Something I Don't Know,Kiss & Tell,Selena Gomez & The Scene,2009-01-01,51,175333,0.71,0.14,0.935,0.0,0.0593,0.914,-3.339,0.193,145.063,7,4,angry,0.07894736842105263,0.06578947368421052,0.10526315789473684,0.05263157894736842,0.06578947368421052,0.09210526315789473,0.15789473684210525,0.039473684210526314,0.15789473684210525,0.18421052631578946
208,6zegtH6XXd2PDPLvy1Y0n2,Don’t Call Me Angel (Charlie’s Angels) (with Miley Cyrus & Lana Del Rey),Charlie's Angels (Original Motion Picture Soundtrack),Various Artists,2019-11-01,67,190066,0.644,0.00243,0.755,8.55e-06,0.0859,0.351,-5.325,0.0449,102.854,1,4,angry,0.0,0.0,0.0,0.0,0.0,0.0,0.0,0.0,0.0,0.0
209,0hPuF2Z5fZjnuwYPvIdPC1,Really Don't Care,Demi,Demi Lovato,2013-01-01,0,201600,0.703,0.111,0.733,0.0,0.119,0.82,-3.598,0.0852,121.008,7,4,angry,0.0410958904109589,0.1095890410958904,0.2876712328767123,0.1095890410958904,0.1780821917808219,0.0958904109589041,0.0821917808219178,0.0410958904109589,0.0273972602739726,0.0273972602739726
210,76cy1WJvNGJTj78UqeA5zr,IDGAF,Dua Lipa (Deluxe),Dua Lipa,2017-06-02,77,217946,0.836,0.0403,0.544,0.0,0.0824,0.51,-5.975,0.0943,97.028,7,4,angry,0.07878787878787878,0.09090909090909091,0.13333333333333333,0.09090909090909091,0.11515151515151516,0.048484848484848485,0.15151515151515152,0.05454545454545454,0.10303030303030303,0.13333333333333333
211,1pwo8l3Ko7idwaz4LVUEC4,Shout Out to My Ex,Glory Days: The Platinum Edition,Little Mix,2017-11-24,0,246240,0.773,0.0239,0.747,8.23e-06,0.11,0.8,-4.061,0.0889,126.014,5,4,angry,0.12658227848101267,0.05063291139240506,0.11392405063291139,0.05063291139240506,0.0379746835443038,0.13924050632911392,0.24050632911392406,0.06329113924050633,0.12658227848101267,0.05063291139240506
212,0NTMtAO2BV4tnGvw9EgBVq,Bitch Better Have My Money,Bitch Better Have My Money,Rihanna,2015-03-26,73,219305,0.781,0.0509,0.728,1.94e-06,0.257,0.395,-4.981,0.0621,102.99,1,4,angry,0.08615384615384615,0.10153846153846154,0.12,0.10153846153846154,0.16923076923076924,0.06461538461538462,0.08615384615384615,0.10461538461538461,0.07692307692307693,0.08923076923076922
213,6ZANrVuAMp2rpjhfbOuJly,Same Old Love,Revival (Deluxe),Selena Gomez,2015-10-09,68,229080,0.672,0.0223,0.593,0.0,0.214,0.438,-4.01,0.0304,98.02,11,4,angry,0.03355704697986577,0.013422818791946308,0.16778523489932887,0.14093959731543623,0.020134228187919462,0.0,0.2214765100671141,0.1610738255033557,0.2214765100671141,0.020134228187919462
214,6xsEAm6w9oMQYYg3jkEkMT,Bad Blood,Bad Blood,Taylor Swift,2015-05-17,64,200106,0.654,0.0294,0.655,0.0,0.139,0.221,-7.388,0.106,170.16,11,4,angry,0.0335195530726257,0.12290502793296089,0.1340782122905028,0.12290502793296089,0.12290502793296089,0.01675977653631285,0.1564245810055866,0.11173184357541899,0.1564245810055866,0.0223463687150838
215,005lwxGU1tms6HGELIcUv9,I Kissed A Girl,One Of The Boys,Katy Perry,2008-06-17,69,179640,0.702,0.00226,0.76,0.0,0.132,0.696,-3.174,0.0684,129.996,5,4,angry,0.14516129032258066,0.03225806451612903,0.11290322580645161,0.03225806451612903,0.016129032258064516,0.11290322580645161,0.25806451612903225,0.0,0.16129032258064516,0.12903225806451613
216,15og0pCEcTFWEXOFKdcJlU,Hate Me,Brightest Blue,Ellie Goulding,2020-07-16,72,188066,0.64,0.0875,0.789,0.0,0.147,0.762,-4.891,0.0644,75.018,8,4,angry,0.06748466257668712,0.13496932515337423,0.2085889570552147,0.10429447852760736,0.1165644171779141,0.03067484662576687,0.09815950920245399,0.07975460122699386,0.0736196319018405,0.08588957055214724
217,3e9HZxeyfWwjeyPAMmWSSQ,"thank u, next","thank u, next",Ariana Grande,2019-02-08,78,207320,0.72,0.227,0.654,0.0,0.101,0.411,-5.634,0.0647,106.976,1,4,angry,0.15517241379310345,0.08620689655172414,0.13793103448275862,0.10344827586206896,0.04310344827586207,0.034482758620689655,0.20689655172413793,0.02586206896551724,0.11206896551724138,0.09482758620689655
218,4XE98WRGbBGRZ7jQ9wIwFt,Fuck You,"It's Not Me, It's You (Special Edition)",Lily Allen,2008-12-02,59,219893,0.775,0.0271,0.904,0.000303,0.06,0.84,-4.08,0.0437,130.009,1,4,angry,0.0,0.0,0.0,0.0,0.0,0.0,0.0,0.0,0.0,0.0
219,0ErK6K0kYr0Ow2RkPMhmMs,Shout Out to My Ex,Glory Days (Expanded Edition),Little Mix,2016-11-18,70,246240,0.773,0.0242,0.747,8.99e-06,0.109,0.801,-4.061,0.0885,126.014,5,4,angry,0.12658227848101267,0.05063291139240506,0.11392405063291139,0.05063291139240506,0.0379746835443038,0.13924050632911392,0.24050632911392406,0.06329113924050633,0.12658227848101267,0.05063291139240506
220,2sEk5R8ErGIFxbZ7rX6S2S,How to Be a Heartbreaker,Electra Heart (Deluxe),MARINA,2012-04-27,67,221493,0.69,0.0142,0.897,0.0,0.108,0.849,-4.696,0.0506,140.05,11,4,angry,0.06666666666666667,0.25333333333333335,0.3333333333333333,0.12,0.013333333333333334,0.05333333333333334,0.05333333333333334,0.013333333333333334,0.05333333333333334,0.04
221,1R0a2iXumgCiFb7HEZ7gUE,Don’t Blame Me,reputation,Taylor Swift,2017-11-10,83,236413,0.615,0.106,0.534,1.76e-05,0.0607,0.193,-6.719,0.0386,135.917,9,4,angry,0.08955223880597014,0.05970149253731343,0.14925373134328357,0.06467661691542288,0.08955223880597014,0.009950248756218905,0.23880597014925373,0.0945273631840796,0.13930348258706468,0.06467661691542288
222,5WHTFyqSii0lmT9R21abT8,Don't Call Me Up,Ivy To Roses (Mixtape),Mabel,2019-01-18,71,178480,0.674,0.296,0.881,3.01e-06,0.0793,0.234,-2.853,0.147,98.994,9,4,angry,0.09090909090909091,0.08264462809917356,0.17355371900826447,0.11570247933884298,0.05785123966942149,0.09090909090909091,0.1652892561983471,0.05785123966942149,0.09090909090909091,0.0743801652892562
223,76Tuo484SLohJakHLnGI3B,Sweet Melody,Confetti,Little Mix,2020-11-06,59,213693,0.448,0.0739,0.824,0.0,0.113,0.419,-4.249,0.057,119.965,5,4,angry,0.16831683168316833,0.0049504950495049506,0.08415841584158416,0.06435643564356436,0.019801980198019802,0.09900990099009901,0.21287128712871287,0.01485148514851485,0.18316831683168316,0.1485148514851485
224,6UtHBJDGixsNioxZkzNTdJ,Sociopath,Sociopath,Olivia O'Brien,2021-04-09,0,153500,0.719,0.0185,0.698,0.0,0.0426,0.292,-6.297,0.245,132.914,7,4,angry,0.0,0.0,0.0,0.0,0.0,0.0,0.0,0.0,0.0,0.0
225,5vTPxzm4h2bY9rYyVrGEU5,Really Don't Care,Demi,Demi Lovato,2013-01-01,68,201600,0.706,0.123,0.728,0.0,0.185,0.851,-3.602,0.0852,121.017,7,4,angry,0.0410958904109589,0.1095890410958904,0.2876712328767123,0.1095890410958904,0.1780821917808219,0.0958904109589041,0.0821917808219178,0.0410958904109589,0.0273972602739726,0.0273972602739726
226,017PF4Q3l4DBUiWoXk4OWT,Break My Heart,Future Nostalgia,Dua Lipa,2020-03-27,74,221820,0.73,0.167,0.729,1.39e-06,0.349,0.467,-3.434,0.0884,113.011,4,4,angry,0.014084507042253521,0.04225352112676056,0.18309859154929578,0.11267605633802817,0.014084507042253521,0.15492957746478872,0.2112676056338028,0.028169014084507043,0.18309859154929578,0.056338028169014086
227,1u8c2t2Cy7UBoG4ArRcF5g,Blank Space,1989 (Deluxe),Taylor Swift,2014-01-01,79,231826,0.76,0.103,0.703,0.0,0.0913,0.57,-5.412,0.054,95.997,5,4,angry,0.044,0.144,0.176,0.1,0.12,0.048,0.124,0.06,0.096,0.088
228,6LOZws7T3jqZz78unPgFF9,Dead To Me,Isolation,Kali Uchis,2018-04-06,73,199505,0.675,0.432,0.761,0.0,0.102,0.428,-4.469,0.0466,119.001,4,4,angry,0.07894736842105263,0.07894736842105263,0.18421052631578946,0.10526315789473684,0.07894736842105263,0.07894736842105263,0.18421052631578946,0.05263157894736842,0.10526315789473684,0.05263157894736842
229,3h3pOvw6hjOvZxRUseB7h9,i wanna be your girlfriend,i wanna be your girlfriend,girl in red,2018-03-02,1,204990,0.54,0.0217,0.381,0.000687,0.305,0.343,-14.323,0.0347,155.882,7,4,angry,0.04950495049504951,0.15841584158415842,0.16831683168316833,0.17326732673267325,0.04950495049504951,0.09405940594059406,0.10396039603960396,0.04950495049504951,0.09900990099009901,0.054455445544554455
230,043dDJ9u0PQ3ooAXMgcwOe,MOOO!,Amala (Deluxe Version),Doja Cat,2019-03-01,56,285053,0.869,0.517,0.532,0.0,0.103,0.509,-7.186,0.23,89.004,7,4,angry,0.0,0.0,0.0,0.0,0.0,0.0,0.0,0.0,0.0,0.0
231,7FGIEAVXfegxngH9Jg6VwA,What A Shame,What A Shame,Leyla Blue,2020-12-09,59,177200,0.699,0.315,0.463,0.0,0.0803,0.565,-7.828,0.475,143.99,0,4,angry,0.013888888888888888,0.1597222222222222,0.2222222222222222,0.1736111111111111,0.013888888888888888,0.027777777777777776,0.09722222222222222,0.1597222222222222,0.08333333333333333,0.04861111111111111
232,12KUFSHFgT0XCoiSlvdQi4,Break Free,My Everything (Deluxe),Ariana Grande,2014-08-22,75,214840,0.686,0.00637,0.702,4.46e-05,0.204,0.29,-5.325,0.0455,129.948,7,4,angry,0.036585365853658534,0.14634146341463414,0.25609756097560976,0.14634146341463414,0.0975609756097561,0.07317073170731707,0.06097560975609756,0.06097560975609756,0.06097560975609756,0.06097560975609756
233,4svZDCRz4cJoneBpjpx8DJ,I Did Something Bad,reputation,Taylor Swift,2017-11-10,74,238253,0.696,0.0679,0.602,2.11e-05,0.0696,0.305,-6.156,0.159,82.989,0,4,angry,0.12698412698412698,0.0582010582010582,0.07407407407407407,0.06878306878306878,0.06349206349206349,0.1164021164021164,0.14814814814814814,0.06349206349206349,0.14285714285714285,0.13756613756613756
234,6EMWT7sZBvG0oxdh9KXbb4,Juice,Cuz I Love You (Deluxe),Lizzo,2019-05-03,32,195144,0.767,0.00611,0.889,0.0,0.402,0.843,-2.988,0.0963,119.93,7,4,angry,0.0423728813559322,0.11016949152542373,0.2288135593220339,0.11864406779661017,0.07627118644067797,0.05084745762711865,0.1271186440677966,0.07627118644067797,0.11864406779661017,0.05084745762711865
235,3DXXKDbbZKyAZfNb96ST3q,Confident,Confident,Demi Lovato,2015-01-01,69,205745,0.594,0.00188,0.749,0.000139,0.0869,0.344,-6.251,0.0677,130.064,3,4,angry,0.16417910447761194,0.029850746268656716,0.11194029850746269,0.014925373134328358,0.07462686567164178,0.05970149253731343,0.26119402985074625,0.04477611940298507,0.14925373134328357,0.08955223880597014
236,3l3KNYbuDBpM9YBo878utU,Care Less More,Was It Even Real?,Olivia O'Brien,2019-04-26,35,176480,0.746,0.621,0.408,0.0,0.125,0.745,-8.307,0.277,128.165,5,4,angry,0.08139534883720931,0.05813953488372093,0.16279069767441862,0.08139534883720931,0.03488372093023256,0.09302325581395349,0.13953488372093023,0.10465116279069768,0.13953488372093023,0.10465116279069768
237,7ySUcLPVX7KudhnmNcgY2D,S&M,Loud (Japan Version),Rihanna,2010-01-01,81,243600,0.769,0.0105,0.685,0.000124,0.0887,0.836,-5.019,0.041,127.977,1,4,angry,0.0,0.0,0.0,0.0,0.0,0.0,0.0,0.0,0.0,0.0
238,35PLIvgitn0IviuJJr4jlK,Liar - Single Version,Liar,Davina Michelle,2020-11-20,32,241026,0.473,0.0757,0.546,0.0,0.139,0.147,-7.519,0.0373,74.964,3,4,angry,0.0,0.0,0.0,0.0,0.0,0.0,0.0,0.0,0.0,0.0
239,3W3KtDwAIg3mAruSpnfG3Q,Fancy,The New Classic (Deluxe Version),Iggy Azalea,2014-01-01,68,199938,0.912,0.0904,0.716,0.0,0.0491,0.377,-4.141,0.0698,94.981,10,4,angry,0.0392156862745098,0.0196078431372549,0.08823529411764706,0.029411764705882353,0.05392156862745098,0.03431372549019608,0.25980392156862747,0.014705882352941176,0.21568627450980393,0.24509803921568626
240,2vwlzO0Qp8kfEtzTsCXfyE,Wrecking Ball,Bangerz (Deluxe Version),Miley Cyrus,2013-10-04,78,221360,0.53,0.407,0.422,0.0,0.107,0.349,-6.262,0.0342,119.964,5,4,angry,0.0,0.0,0.0,0.0,0.0,0.0,0.0,0.0,0.0,0.0
241,54bFM56PmE4YLRnqpW6Tha,Therefore I Am,Therefore I Am,Billie Eilish,2020-11-12,69,174321,0.889,0.218,0.34,0.13,0.055,0.716,-7.773,0.0697,94.009,11,4,angry,0.1375,0.05,0.15,0.0375,0.125,0.0125,0.175,0.125,0.1375,0.05
242,2vDH0r4FU75wEivLDZcvze,Therapist,Therapist,Mae Muller,2020-01-23,42,183726,0.61,0.136,0.473,0.0,0.0828,0.528,-8.433,0.389,183.926,9,4,angry,0.0,0.0,0.0,0.0,0.0,0.0,0.0,0.0,0.0,0.0
243,4wH4dJgrsxONID6KS2tDQM,Maneater,Loose,Nelly Furtado,2006-01-01,81,258893,0.796,0.0258,0.778,0.000386,0.121,0.789,-4.81,0.0397,132.724,6,4,angry,0.028985507246376812,0.2318840579710145,0.17391304347826086,0.014492753623188406,0.043478260869565216,0.043478260869565216,0.057971014492753624,0.11594202898550725,0.057971014492753624,0.2318840579710145
244,5tAa8Uaqr4VvA3693mbIhU,Ruin My Life,Ruin My Life,Zara Larsson,2018-10-18,60,190931,0.665,0.423,0.699,0.0,0.0969,0.585,-5.265,0.0578,124.896,11,4,angry,0.0,0.29285714285714287,0.32142857142857145,0.2785714285714286,0.014285714285714285,0.0,0.03571428571428571,0.014285714285714285,0.03571428571428571,0.007142857142857143
245,2xdwCJLfKCkat14mlgR26M,Lost Cause,Lost Cause,Billie Eilish,2021-06-02,0,212496,0.671,0.705,0.336,0.00751,0.0577,0.518,-8.494,0.241,75.051,10,4,angry,0.0,0.0,0.3783783783783784,0.13513513513513514,0.08108108108108109,0.0,0.16216216216216217,0.05405405405405406,0.0,0.1891891891891892
246,3XF5xLJHOQQRbWya6hBp7d,you should see me in a crown,"WHEN WE ALL FALL ASLEEP, WHERE DO WE GO?",Billie Eilish,2019-03-29,76,180952,0.678,0.462,0.533,0.219,0.139,0.323,-10.485,0.186,150.455,4,4,angry,0.09523809523809523,0.19047619047619047,0.14285714285714285,0.07936507936507936,0.031746031746031744,0.015873015873015872,0.12698412698412698,0.031746031746031744,0.1111111111111111,0.1746031746031746
247,5OCJzvD7sykQEKHH7qAC3C,God is a woman,Sweetener,Ariana Grande,2018-08-17,74,197546,0.602,0.0233,0.658,6e-05,0.237,0.268,-5.934,0.0558,145.031,1,4,angry,0.14049586776859505,0.15702479338842976,0.0743801652892562,0.008264462809917356,0.03305785123966942,0.008264462809917356,0.2231404958677686,0.024793388429752067,0.19834710743801653,0.1322314049586777
248,2r6DdaSbkbwoPzuK6NjLPn,Can't Be Tamed,Can't Be Tamed,Miley Cyrus,2010-01-01,60,168213,0.63,0.0287,0.91,0.0,0.196,0.743,-2.919,0.144,116.98,11,4,angry,0.01282051282051282,0.2564102564102564,0.23076923076923078,0.1794871794871795,0.08974358974358974,0.05128205128205128,0.08974358974358974,0.02564102564102564,0.038461538461538464,0.02564102564102564
249,1nInOsHbtotAmEOQhtvnzP,Stronger (What Doesn't Kill You),Stronger (Deluxe Version),Kelly Clarkson,2011-10-24,72,221946,0.562,0.046,0.939,0.0,0.112,0.684,-4.282,0.0475,116.044,0,4,angry,0.020202020202020204,0.2222222222222222,0.23232323232323232,0.2222222222222222,0.08080808080808081,0.04040404040404041,0.04040404040404041,0.08080808080808081,0.04040404040404041,0.020202020202020204
250,6FB3v4YcR57y4tXFcdxI1E,I Knew You Were Trouble.,Red (Big Machine Radio Release Special),Taylor Swift,2012-10-22,75,219720,0.622,0.00454,0.469,2.25e-06,0.0335,0.679,-6.798,0.0363,77.019,3,4,angry,0.08695652173913043,0.11594202898550725,0.2608695652173913,0.11594202898550725,0.08695652173913043,0.028985507246376812,0.057971014492753624,0.14492753623188406,0.043478260869565216,0.057971014492753624
251,3QTDzwSkRW04FVPo6COm0H,You're Such A,HAIZ,Hailee Steinfeld,2016-02-26,53,216333,0.62,0.00798,0.696,1e-06,0.113,0.705,-6.323,0.0997,176.028,11,4,angry,0.07258064516129033,0.04838709677419355,0.20967741935483872,0.024193548387096774,0.18548387096774194,0.03225806451612903,0.1532258064516129,0.20967741935483872,0.03225806451612903,0.03225806451612903
252,1H3Okhf16ttAICZF7zgDko,killing boys,Manic,Halsey,2020-01-17,47,143364,0.685,0.248,0.899,0.000107,0.376,0.686,-5.796,0.186,139.997,11,4,angry,0.020833333333333332,0.22916666666666666,0.25,0.14583333333333334,0.125,0.0625,0.10416666666666667,0.0,0.020833333333333332,0.041666666666666664
253,0JiY190vktuhSGN6aqJdrt,So What,Funhouse (Expanded Edition),P!nk,2008-10-24,75,215160,0.534,0.000334,0.87,0.0,0.241,0.462,-3.078,0.0425,126.019,11,4,angry,0.0,0.0,0.0,0.0,0.0,0.0,0.0,0.0,0.0,0.0
254,3WVhkjB7Y4xFruqoCAajBb,Sue Me,Singular Act I,Sabrina Carpenter,2018-11-09,69,179226,0.46,0.0422,0.809,5.04e-05,0.138,0.609,-5.415,0.326,157.184,6,4,angry,0.0958904109589041,0.06164383561643835,0.1780821917808219,0.136986301369863,0.1232876712328767,0.0547945205479452,0.11643835616438356,0.0547945205479452,0.0958904109589041,0.0821917808219178
255,3pU3mRumn5rWii1rKNu1eV,Bulletproof,La Roux,La Roux,2009,2,205733,0.674,0.000441,0.882,6.47e-05,0.068,0.682,-2.771,0.0477,123.016,3,4,angry,0.04938271604938271,0.037037037037037035,0.06172839506172839,0.024691358024691357,0.024691358024691357,0.012345679012345678,0.35802469135802467,0.012345679012345678,0.19753086419753085,0.2222222222222222
256,2a1MrtxYybqFV1Ow8VJ1dW,I Will Survive - Rerecorded,I Will Survive (Rerecorded),Gloria Gaynor,1982-01-01,52,250887,0.672,0.00314,0.751,0.0,0.0796,0.57,-7.977,0.05,120.044,9,4,angry,0.06976744186046512,0.08139534883720931,0.1744186046511628,0.10465116279069768,0.03488372093023256,0.03488372093023256,0.26744186046511625,0.011627906976744186,0.12790697674418605,0.09302325581395349
257,3YmgsYX80v0EtBZekgcB6w,BOYSHIT,BOYSHIT,Madison Beer,2020-12-11,48,160397,0.638,0.0203,0.699,0.0,0.0879,0.57,-6.542,0.0892,121.122,1,4,angry,0.0410958904109589,0.0821917808219178,0.2876712328767123,0.0547945205479452,0.1506849315068493,0.0,0.0958904109589041,0.2054794520547945,0.0273972602739726,0.0547945205479452
258,01BC4Xj5tfsfV8DLDrma7q,Ciao Adios,Speak Your Mind (Deluxe),Anne-Marie,2018-04-27,62,199773,0.694,0.136,0.853,0.0,0.322,0.501,-3.986,0.0934,106.098,7,4,angry,0.10218978102189781,0.06569343065693431,0.08029197080291971,0.072992700729927,0.06569343065693431,0.08759124087591241,0.18248175182481752,0.051094890510948905,0.13138686131386862,0.16058394160583941
259,3U3BXlwNTkCx7lW9m1H9RY,Hard out Here,Hard out Here,Lily Allen,2013-11-17,50,211377,0.823,0.113,0.822,4.57e-05,0.0688,0.938,-5.323,0.0334,125.026,1,4,angry,0.06103286384976526,0.07042253521126761,0.107981220657277,0.06103286384976526,0.056338028169014086,0.028169014084507043,0.26291079812206575,0.046948356807511735,0.215962441314554,0.0892018779342723
260,71vsEyBd4X1D5BUmLdFSVH,Black Widow,The New Classic,Iggy Azalea,2014-01-01,65,209423,0.74,0.188,0.72,0.000386,0.109,0.512,-3.753,0.158,164.014,3,4,angry,0.08227848101265822,0.0759493670886076,0.17088607594936708,0.1518987341772152,0.056962025316455694,0.0,0.20253164556962025,0.05063291139240506,0.17088607594936708,0.0379746835443038
261,1Bx0zEdVjkFlV27iKaePug,Man Down,Loud,Rihanna,2010-11-16,69,267000,0.47,0.0436,0.904,0.0,0.0491,0.557,-4.024,0.177,155.789,0,4,angry,0.027777777777777776,0.14814814814814814,0.2222222222222222,0.12962962962962962,0.16666666666666666,0.08333333333333333,0.10185185185185185,0.07407407407407407,0.0,0.046296296296296294
262,2Mpj1Ul5OFPyyP4wB62Rvi,Survivor,Survivor,Destiny's Child,2001-05-01,67,254026,0.514,0.0559,0.911,0.0,0.775,0.619,-2.027,0.41,161.109,1,4,angry,0.0625,0.07291666666666667,0.10416666666666667,0.07291666666666667,0.041666666666666664,0.03125,0.25,0.020833333333333332,0.09375,0.25
263,4y1LsJpmMti1PfRQV9AWWe,Girls Just Want to Have Fun,She's So Unusual,Cyndi Lauper,1983-10-14,81,238266,0.71,0.22,0.799,0.000602,0.349,0.725,-4.897,0.0328,120.372,6,4,angry,0.015384615384615385,0.19487179487179487,0.19487179487179487,0.19487179487179487,0.0,0.005128205128205128,0.15384615384615385,0.0,0.12307692307692308,0.11794871794871795
264,4i55R0S2I64mhS5biNbECZ,Me & My Girls,Revival (Deluxe),Selena Gomez,2015-10-09,51,210506,0.637,0.0152,0.947,0.0,0.0595,0.348,-3.982,0.152,121.993,2,4,angry,0.0,0.0,0.0,0.0,0.0,0.0,0.0,0.0,0.0,0.0
265,6JqpFboOH2bq9pzaYbkKBn,R.I.P. (feat. Rita Ora & Anitta),R.I.P. (feat. Rita Ora & Anitta),Sofía Reyes,2019-03-15,52,187200,0.764,0.18,0.752,0.0,0.0701,0.698,-3.713,0.0711,100.066,8,4,angry,0.0,0.0,0.0,0.0,0.0,0.0,0.0,0.0,0.0,0.0
266,3KliPMvk1EvFZu9cvkj8p1,Work Bitch,Britney Jean (Deluxe Version),Britney Spears,2013-11-30,67,247960,0.629,0.155,0.824,0.000628,0.0651,0.852,-6.53,0.159,128.01,9,4,angry,0.03067484662576687,0.17791411042944785,0.17791411042944785,0.15337423312883436,0.1656441717791411,0.024539877300613498,0.08588957055214724,0.12883435582822086,0.018404907975460124,0.03680981595092025
267,1eYTh99yjJtpiJT94ThYpq,Stop in the Name of Love,I Will Survive,Gloria Gaynor,1981,25,250266,0.824,0.0484,0.636,0.0,0.0928,0.615,-10.572,0.12,118.25,11,4,angry,0.06666666666666667,0.03333333333333333,0.06666666666666667,0.05555555555555555,0.022222222222222223,0.15555555555555556,0.25555555555555554,0.0,0.2222222222222222,0.12222222222222222
268,5RhFmJifQe83FpQ6ZFFTZ5,"I am not a woman, I'm a god","If I Can’t Have Love, I Want Power",Halsey,2021-08-27,54,176413,0.523,0.00397,0.702,0.0325,0.063,0.494,-6.74,0.0462,179.992,6,4,angry,0.058394160583941604,0.21897810218978103,0.24817518248175183,0.18248175182481752,0.06569343065693431,0.014598540145985401,0.072992700729927,0.0072992700729927005,0.072992700729927,0.058394160583941604
269,2wjTTRCmCeaNrpFG4YVsFy,É Por Isso Que Sofre,É Por Isso Que Sofre,Dj Batata,2021-11-19,42,164307,0.921,0.382,0.889,0.00138,0.0801,0.769,-5.152,0.0955,130.042,1,4,angry,0.0,0.0,0.0,0.0,0.0,0.0,0.0,0.0,0.0,0.0
270,5eqiMMbaeUZ32Q7sS00H35,Anaconda,The Pinkprint (International Deluxe Explicit),Nicki Minaj,2014-12-12,65,260239,0.964,0.0668,0.605,7.78e-06,0.214,0.646,-6.223,0.179,129.996,9,4,angry,0.06153846153846154,0.13333333333333333,0.3333333333333333,0.08205128205128205,0.08205128205128205,0.020512820512820513,0.08717948717948718,0.13333333333333333,0.035897435897435895,0.03076923076923077
271,1yCrrZwlYPS3AqQHsJvFlu,You're Not Harry Styles,You're Not Harry Styles,Dylan,2021-11-26,0,176530,0.553,0.00681,0.767,2.95e-06,0.0903,0.669,-4.557,0.0741,165.059,6,4,angry,0.12612612612612611,0.07207207207207207,0.16216216216216217,0.09009009009009009,0.14414414414414414,0.02702702702702703,0.13513513513513514,0.05405405405405406,0.09009009009009009,0.0990990990990991
272,6tsOcBnaKgzK22yEiqRh8P,MONOPOLY (with Victoria Monét),MONOPOLY,Ariana Grande,2019-04-01,58,158586,0.893,0.702,0.507,3.14e-05,0.109,0.695,-8.282,0.378,143.969,0,4,angry,0.1348314606741573,0.07865168539325842,0.1348314606741573,0.06741573033707865,0.14606741573033707,0.056179775280898875,0.19101123595505617,0.0898876404494382,0.06741573033707865,0.033707865168539325
273,5HwnezK198pJCEj1l2Adjy,She Loves Control,Camila,Camila Cabello,2018-01-12,54,177160,0.65,0.166,0.758,0.0,0.0889,0.663,-4.02,0.116,94.9,2,4,angry,0.03125,0.1875,0.21875,0.15625,0.03125,0.0625,0.125,0.0,0.09375,0.09375
274,480o64VmNvWcwzCg74VUxW,Tremendo Vacilão,Eu Só Quero Ser Livre,Perlla,2006-05-15,52,224026,0.866,0.0688,0.861,0.0166,0.065,0.953,-3.77,0.042,129.005,4,4,angry,0.0,0.0,0.0,0.0,0.0,0.0,0.0,0.0,0.0,0.0
275,4fixebDZAVToLbUCuEloa2,Womanizer,Circus (Deluxe Version),Britney Spears,2008-12-02,77,224400,0.724,0.073,0.695,0.0,0.0889,0.235,-5.226,0.0622,139.0,11,4,angry,0.04672897196261682,0.07476635514018691,0.2336448598130841,0.09345794392523364,0.08411214953271028,0.028037383177570093,0.1308411214953271,0.14018691588785046,0.1308411214953271,0.037383177570093455
276,3Vi5XqYrmQgOYBajMWSvCi,Need to Know,Planet Her,Doja Cat,2021-06-25,75,210560,0.664,0.304,0.609,0.0,0.0926,0.194,-6.509,0.0707,130.041,1,4,angry,0.0625,0.10714285714285714,0.19642857142857142,0.08928571428571429,0.05357142857142857,0.026785714285714284,0.17857142857142858,0.026785714285714284,0.16071428571428573,0.09821428571428571
277,26NX1wPt1TRCH536yocd6i,If I Were a Boy,I AM...SASHA FIERCE,Beyoncé,2008-11-14,63,249146,0.632,0.107,0.518,0.0,0.354,0.427,-6.126,0.0313,90.007,6,4,angry,0.03896103896103896,0.09090909090909091,0.24675324675324675,0.11688311688311688,0.1038961038961039,0.03896103896103896,0.15584415584415584,0.11688311688311688,0.05194805194805195,0.03896103896103896
278,2K9vpqu9c7a1NI2XZ836WP,Rip Her to Shreds,Mean Girls (Original Motion Picture Soundtrack),Various Artists,2004-01-01,4,247133,0.68,0.0283,0.942,4.09e-05,0.249,0.963,-4.449,0.0426,120.014,4,4,angry,0.0684931506849315,0.0821917808219178,0.2054794520547945,0.1780821917808219,0.0273972602739726,0.0547945205479452,0.1917808219178082,0.0273972602739726,0.0821917808219178,0.0821917808219178
279,3IcIIZMMS7UArJJPtEHXG8,Obsessed,Memoirs of an imperfect Angel,Mariah Carey,2009-09-29,68,242200,0.742,0.0458,0.467,0.0,0.826,0.366,-5.557,0.0624,86.442,10,4,angry,0.06206896551724138,0.08275862068965517,0.23448275862068965,0.0896551724137931,0.12413793103448276,0.034482758620689655,0.1310344827586207,0.12413793103448276,0.06206896551724138,0.05517241379310345
280,6IbnUaczZBT34DhaD6S18F,Bubblegum Bitch,Electra Heart (Deluxe),MARINA,2012-04-27,74,154666,0.495,0.000219,0.856,0.0,0.103,0.609,-5.123,0.0311,158.024,0,4,angry,0.02654867256637168,0.06637168141592921,0.17699115044247787,0.13716814159292035,0.14601769911504425,0.05752212389380531,0.13716814159292035,0.04424778761061947,0.16371681415929204,0.04424778761061947
281,5lAnYvAIkSDNXqfo7DyFUm,Ain't Shit,Planet Her,Doja Cat,2021-06-25,73,174253,0.855,0.506,0.488,0.0,0.347,0.619,-4.601,0.208,124.097,3,4,angry,0.057692307692307696,0.057692307692307696,0.2403846153846154,0.057692307692307696,0.18269230769230768,0.0,0.08653846153846154,0.19230769230769232,0.0673076923076923,0.057692307692307696
282,6eqBr4nAQCVIbUbE8IBDP1,i don’t really like your boyfriend,i don’t really like your boyfriend,Avenue Beat,2020-05-22,34,162220,0.81,0.352,0.438,0.0,0.0639,0.803,-6.746,0.0677,94.991,1,4,angry,0.015625,0.109375,0.328125,0.203125,0.078125,0.015625,0.09375,0.109375,0.0,0.046875
283,1Oi2zpmL81Q0yScF1zxaC0,"Bills, Bills, Bills",The Writing's On The Wall,Destiny's Child,1999-07-27,68,256026,0.845,0.139,0.576,0.0,0.0764,0.461,-5.15,0.153,127.641,11,4,angry,0.24725274725274726,0.005494505494505495,0.06593406593406594,0.005494505494505495,0.016483516483516484,0.027472527472527472,0.23626373626373626,0.016483516483516484,0.21978021978021978,0.15934065934065933
284,53yWQ1FObrwPlVYCZdR6es,Liar,Liar,BigKlit,2019-07-23,42,146526,0.883,0.339,0.492,0.0,0.166,0.59,-12.118,0.354,94.959,7,4,angry,0.019230769230769232,0.21153846153846154,0.25,0.057692307692307696,0.038461538461538464,0.07692307692307693,0.038461538461538464,0.17307692307692307,0.038461538461538464,0.09615384615384616
285,1RDNH7V9Odx6gOZJ4Siehj,How to Be a Heartbreaker,How to Be a Heartbreaker,MARINA,2012-12-07,32,221493,0.69,0.0142,0.897,0.0,0.108,0.849,-4.696,0.0506,140.05,11,4,angry,0.06666666666666667,0.25333333333333335,0.3333333333333333,0.12,0.013333333333333334,0.05333333333333334,0.05333333333333334,0.013333333333333334,0.05333333333333334,0.04
286,5w1ggxiUnlt6lNP6pzGaIO,boys r dumb! duh!,yikes!,Sophie Cates,2019-10-02,0,179008,0.666,0.295,0.505,0.0,0.162,0.29,-6.176,0.0836,147.98,4,4,angry,0.075,0.1375,0.2,0.15,0.0875,0.0125,0.125,0.0625,0.075,0.075
287,1KGi9sZVMeszgZOWivFpxs,No Scrubs,Fanmail,TLC,1999-02-23,82,214400,0.743,0.0251,0.675,0.000717,0.0685,0.59,-4.267,0.0953,92.909,8,4,angry,0.08496732026143791,0.013071895424836602,0.22875816993464052,0.0196078431372549,0.006535947712418301,0.006535947712418301,0.16993464052287582,0.20261437908496732,0.16993464052287582,0.09803921568627451
288,77o1HdXHm1hLd7Ebe9ygd0,THAT BITCH,THAT BITCH,Bea Miller,2019-11-01,60,201101,0.778,0.0103,0.738,0.0,0.55,0.626,-2.164,0.218,162.132,2,4,angry,0.05622489959839357,0.18072289156626506,0.17269076305220885,0.1606425702811245,0.17670682730923695,0.008032128514056224,0.05622489959839357,0.14457831325301204,0.01606425702811245,0.028112449799196786
289,2MZsEkfaIhXxdYj7P313UZ,Dollar Euro - EVEHIVE Remix,Dollar Euro (EVEHIVE Remix),Tassia Reis,2020-08-21,0,206783,0.944,0.056,0.636,9.76e-06,0.0648,0.53,-7.736,0.322,130.038,0,4,angry,0.0,0.0,0.0,0.0,0.0,0.0,0.0,0.0,0.0,0.0
290,2XWusA74Rg68E23sVOfBlK,Man's World,Man's World,MARINA,2020-11-18,0,207226,0.496,0.401,0.709,0.0,0.0718,0.226,-5.684,0.0307,110.078,5,4,angry,0.12,0.04,0.04,0.08,0.04,0.08,0.24,0.0,0.24,0.12
291,049V1aSofNvW906vGZgFsD,Get On Your Knees,The Pinkprint (Deluxe),Nicki Minaj,2014-12-15,40,216493,0.654,0.31,0.445,0.0,0.116,0.175,-7.182,0.0412,144.014,0,4,angry,0.06766917293233082,0.07518796992481203,0.17293233082706766,0.03007518796992481,0.09774436090225563,0.05263157894736842,0.19548872180451127,0.045112781954887216,0.12030075187969924,0.14285714285714285
292,02b5L9jExmkRTdUTqXFzmR,Primadonna,Electra Heart,MARINA,2012-04-27,40,221075,0.66,0.0884,0.689,0.0,0.0922,0.427,-2.671,0.0337,127.98,4,4,angry,0.13114754098360656,0.08196721311475409,0.21311475409836064,0.14754098360655737,0.0,0.04918032786885246,0.22950819672131148,0.0,0.09836065573770492,0.04918032786885246
293,0AUvWawuP0ibk4SQ3sIZjk,Daisy,Daisy,Ashnikko,2020-07-09,61,146523,0.834,0.235,0.663,0.0,0.372,0.774,-6.143,0.133,121.876,8,4,angry,0.038461538461538464,0.11538461538461539,0.2153846153846154,0.12307692307692308,0.09230769230769231,0.038461538461538464,0.16923076923076924,0.046153846153846156,0.08461538461538462,0.07692307692307693
294,340UVheS8z3ncW9TTUhAbc,Nightmare,Nightmare,Halsey,2019-05-17,60,231998,0.607,0.0187,0.622,0.0,0.359,0.537,-5.075,0.0756,146.105,9,4,angry,0.03125,0.20833333333333334,0.265625,0.13020833333333334,0.13020833333333334,0.0,0.0625,0.08854166666666667,0.026041666666666668,0.057291666666666664
295,06Lp0gsTyJU3vsvZTBpzHn,Meaner Girl,Meaner Girl,Anna Sofia,2019-04-12,0,193247,0.547,0.819,0.358,0.0,0.108,0.314,-7.738,0.0482,164.085,10,4,angry,0.14285714285714285,0.1,0.18571428571428572,0.12857142857142856,0.05714285714285714,0.05714285714285714,0.17142857142857143,0.04285714285714286,0.08571428571428572,0.02857142857142857
296,5EzL7hGT9g2Tvqsy158Lu9,Pussy Talk,City On Lock,City Girls,2020-06-20,57,218332,0.943,0.0016,0.641,0.0,0.211,0.242,-5.598,0.191,99.099,1,4,angry,0.06324110671936758,0.07509881422924901,0.20553359683794467,0.03162055335968379,0.05533596837944664,0.007905138339920948,0.28063241106719367,0.16600790513833993,0.05138339920948617,0.06324110671936758
297,4pAl7FkDMNBsjykPXo91B3,Needed Me,ANTI (Deluxe),Rihanna,2016-01-28,81,191600,0.697,0.11,0.315,0.0,0.0825,0.298,-8.091,0.234,110.872,5,4,angry,0.09243697478991597,0.07563025210084033,0.16806722689075632,0.058823529411764705,0.15126050420168066,0.05042016806722689,0.13445378151260504,0.1092436974789916,0.10084033613445378,0.058823529411764705
298,36phXHOKx8rO7CMp2vNX4x,Love Myself,HAIZ,Hailee Steinfeld,2016-02-26,65,218773,0.617,0.0026,0.759,0.0,0.419,0.324,-6.785,0.0678,122.924,0,4,angry,0.0,0.0,0.0,0.0,0.0,0.0,0.0,0.0,0.0,0.0
299,4ka1FkKAMde6dQAFFMXKac,i hope ur miserable until ur dead,i hope ur miserable until ur dead,Nessa Barrett,2021-08-06,65,177582,0.706,0.0273,0.544,0.0,0.087,0.477,-7.275,0.0306,115.935,2,4,angry,0.08298755186721991,0.04149377593360996,0.15767634854771784,0.1078838174273859,0.0995850622406639,0.11203319502074689,0.1037344398340249,0.1037344398340249,0.0995850622406639,0.0912863070539419
0,2XEdrmqNM9ZQQ24ViuceB0,"Hello, My Name Is",Into The Light,Matthew West,2012-01-01,56,223426,0.595,0.000583,0.894,1.24e-06,0.326,0.643,-4.115,0.0323,101.987,11,4,scared,0.17708333333333334,0.0,0.041666666666666664,0.052083333333333336,0.0,0.0,0.3541666666666667,0.0,0.23958333333333334,0.13541666666666666
1,0eI19vR5WZ12fuYcEFUVkw,God's Not Dead (Like A Lion),God's Not Dead,Newsboys,2011-01-01,62,258453,0.516,0.000479,0.905,0.0,0.198,0.612,-5.613,0.0399,129.999,11,4,scared,0.14444444444444443,0.16666666666666666,0.05555555555555555,0.05555555555555555,0.027777777777777776,0.027777777777777776,0.24444444444444444,0.0,0.15,0.12777777777777777
2,7zJg7aNCvTKW9EtG1Dvzkl,Fix My Eyes,RUN WILD. LIVE FREE. LOVE STRONG. (Deluxe Anniversary Edition),for KING & COUNTRY,2015-10-22,58,215933,0.587,0.0539,0.739,2.08e-06,0.049,0.549,-5.762,0.0365,100.005,0,4,scared,0.14705882352941177,0.058823529411764705,0.10294117647058823,0.014705882352941176,0.11764705882352941,0.014705882352941176,0.29411764705882354,0.0,0.14705882352941177,0.10294117647058823
3,5AcdaSVQfLcUKMaqchfBie,My Lighthouse,The Art Of Celebration,Rend Collective,2014-03-17,64,224169,0.545,0.0326,0.805,0.0,0.781,0.727,-5.792,0.0491,110.005,0,4,scared,0.19014084507042253,0.06338028169014084,0.035211267605633804,0.028169014084507043,0.028169014084507043,0.0,0.38028169014084506,0.0,0.19718309859154928,0.07746478873239436
4,7FO6QgfJRKtEwZiYO0dIO9,Speak Life,Eye On It (Deluxe Edition),TobyMac,2012-01-01,57,205080,0.65,0.134,0.888,0.0,0.0879,0.565,-3.348,0.051,90.013,9,4,scared,0.11971830985915492,0.07746478873239436,0.1056338028169014,0.06338028169014084,0.056338028169014086,0.07746478873239436,0.19014084507042253,0.007042253521126761,0.1619718309859155,0.14084507042253522
5,73ZSUS3WLluxgASR1Hp74B,Soul On Fire (feat. All Sons & Daughters) (feat. All Sons & Daughters),Lead Us Back: Songs of Worship,Third Day,2015-02-27,58,197706,0.501,0.218,0.876,2.39e-05,0.157,0.228,-6.324,0.0545,103.974,1,4,scared,0.0,0.0,0.0,0.0,0.0,0.0,0.0,0.0,0.0,0.0
6,17GmwQ9Q3MTAz05OokmNNB,Chain Breaker,Chain Breaker (Deluxe Edition),Zach Williams,2017-09-15,62,196466,0.467,0.0231,0.715,0.0,0.144,0.367,-5.076,0.0348,156.074,0,4,scared,0.1276595744680851,0.1702127659574468,0.2553191489361702,0.2127659574468085,0.02127659574468085,0.0,0.10638297872340426,0.0,0.10638297872340426,0.0
7,6RSBBvhrP0KvkpaUSMPI11,Eye of the Storm (feat. Gabe Real),Fresh Start,Ryan Stevenson,2015-08-28,59,331613,0.482,0.197,0.726,0.0,0.464,0.558,-6.375,0.0486,83.007,9,4,scared,0.12244897959183673,0.10204081632653061,0.2163265306122449,0.036734693877551024,0.11428571428571428,0.0326530612244898,0.17142857142857143,0.06938775510204082,0.07346938775510205,0.061224489795918366
8,3hN8RetXNOyDVhxGdkFlqA,Breathe,Everything Is Changing,Jonny Diaz,2015-09-18,51,213080,0.601,0.09,0.728,0.0235,0.0874,0.347,-5.622,0.0513,145.953,0,4,scared,0.0,0.0,0.0,0.0,0.0,0.0,0.0,0.0,0.0,0.0
9,1RMVgmV8a5WohvIkPSnGtL,More Of You,Anchor,Colton Dixon,2014-08-19,48,246093,0.423,0.00152,0.875,1.2e-06,0.0879,0.498,-5.079,0.0361,80.004,10,4,scared,0.07692307692307693,0.019230769230769232,0.11538461538461539,0.07692307692307693,0.0,0.09615384615384616,0.25,0.019230769230769232,0.21153846153846154,0.1346153846153846
10,49Z7hZgb3LzDy8RogfApYr,Rise,Rise,Danny Gokey,2017-01-13,0,217799,0.519,0.0643,0.907,0.0,0.264,0.608,-3.918,0.0444,147.957,4,4,scared,0.0,0.0,0.0,0.0,0.0,0.0,0.0,0.0,0.0,0.0
11,4F7GcPH79KzsQfNphjtkGx,Old Church Choir,Chain Breaker (Deluxe Edition),Zach Williams,2017-09-15,57,176453,0.675,0.128,0.817,0.0,0.163,0.631,-5.816,0.0347,103.989,0,4,scared,0.13836477987421383,0.06918238993710692,0.07547169811320754,0.07547169811320754,0.06289308176100629,0.0440251572327044,0.22641509433962265,0.006289308176100629,0.20125786163522014,0.10062893081761007
12,4BhKsrfLowNbN7F3JVhI8i,Grace Got You,Lifer,MercyMe,2017-02-17,54,215133,0.61,0.127,0.813,0.0,0.107,0.729,-4.048,0.0301,87.005,11,4,scared,0.10619469026548672,0.017699115044247787,0.061946902654867256,0.05309734513274336,0.05309734513274336,0.08849557522123894,0.336283185840708,0.0,0.168141592920354,0.11504424778761062
13,6MtecozqUbilB5qbVARrUH,Little Drummer Boy,A Drummer Boy Christmas,for KING & COUNTRY,2020-10-30,42,288045,0.564,0.00379,0.563,0.0358,0.0763,0.113,-7.976,0.0259,104.031,2,4,scared,0.11764705882352941,0.0,0.058823529411764705,0.0,0.0,0.058823529411764705,0.4117647058823529,0.058823529411764705,0.17647058823529413,0.11764705882352941
14,4wl9wFhVgT4ucd72OEpEeZ,Unity,What Are We Waiting For?,for KING & COUNTRY,2022-03-11,38,209608,0.445,0.0657,0.593,5.15e-05,0.297,0.326,-7.496,0.16,171.774,11,4,scared,0.12203389830508475,0.0847457627118644,0.14915254237288136,0.10847457627118644,0.09152542372881356,0.013559322033898305,0.16610169491525423,0.08135593220338982,0.10847457627118644,0.07457627118644068
15,7dlCAK8HdnI6UGHqZkfvJT,Broken Halos,What Are We Waiting For?,for KING & COUNTRY,2022-03-11,44,191283,0.6,0.131,0.566,1.07e-05,0.113,0.153,-9.058,0.114,120.088,9,4,scared,0.08333333333333333,0.1388888888888889,0.1527777777777778,0.1527777777777778,0.1388888888888889,0.027777777777777776,0.18055555555555555,0.0,0.08333333333333333,0.041666666666666664
16,6qNSq6OKjNgXAn3Kj9HBKf,Burn The Ships,Burn The Ships,for KING & COUNTRY,2018-10-05,58,276400,0.497,0.16,0.542,1.4e-05,0.084,0.0707,-7.398,0.0315,93.57,5,4,scared,0.07042253521126761,0.11267605633802817,0.2676056338028169,0.15492957746478872,0.056338028169014086,0.07042253521126761,0.09859154929577464,0.028169014084507043,0.07042253521126761,0.07042253521126761
17,1z5YtEopKg5pyjCM3BEsr5,Dead Man Walking,The Story's Not Over,Jeremy Camp,2019-09-20,57,187266,0.518,0.0337,0.799,0.0,0.12,0.358,-4.675,0.0455,179.784,1,3,scared,0.03184713375796178,0.1592356687898089,0.2356687898089172,0.1592356687898089,0.09554140127388536,0.050955414012738856,0.07643312101910828,0.09554140127388536,0.050955414012738856,0.044585987261146494
18,1ZO99OrjupdwV1MWfgmihI,RELATE,What Are We Waiting For?,for KING & COUNTRY,2022-03-11,49,173500,0.694,0.064,0.566,7.77e-06,0.308,0.33,-8.639,0.17,100.008,10,4,scared,0.140625,0.109375,0.1875,0.109375,0.078125,0.03125,0.15625,0.03125,0.09375,0.0625
19,3efqAc4maWiY9YSXLRzrwi,When You Speak,When You Speak,Jeremy Camp,2021-09-10,46,179311,0.711,0.0379,0.542,0.0,0.128,0.607,-7.387,0.0701,99.858,2,4,scared,0.19230769230769232,0.08653846153846154,0.08653846153846154,0.04807692307692308,0.04807692307692308,0.0,0.25961538461538464,0.009615384615384616,0.17307692307692307,0.09615384615384616
20,5aHZnvy8EqhViyoJo971Wy,Amen,Burn The Ships,for KING & COUNTRY,2018-10-05,53,227013,0.64,0.00758,0.469,0.000453,0.0711,0.305,-8.718,0.0412,90.001,7,3,scared,0.19117647058823528,0.09558823529411764,0.07352941176470588,0.04411764705882353,0.029411764705882353,0.058823529411764705,0.19117647058823528,0.051470588235294115,0.1323529411764706,0.1323529411764706
21,0W7KIc2GSB9suYQAaMZ9rF,Nobody (feat. Matthew West),Only Jesus,Casting Crowns,2018-11-16,66,206400,0.561,0.458,0.717,0.0,0.138,0.455,-5.72,0.0381,79.993,8,4,scared,0.16666666666666666,0.06666666666666667,0.11666666666666667,0.1,0.05,0.03333333333333333,0.2,0.03333333333333333,0.1,0.13333333333333333
22,5CYMOjWrVWZqHGv2ObF5mr,Scars (Come With Livin'),The Elements,TobyMac,2018-10-12,45,261400,0.647,0.0695,0.779,5.9e-06,0.131,0.522,-5.833,0.0332,134.001,0,4,scared,0.038461538461538464,0.05128205128205128,0.3333333333333333,0.1794871794871795,0.15384615384615385,0.10256410256410256,0.038461538461538464,0.01282051282051282,0.02564102564102564,0.0641025641025641
23,7c1LZzDxrNCOJRe3A459S4,Happy Dance,Lifer,MercyMe,2017-02-17,50,171653,0.672,0.00115,0.879,2.58e-06,0.453,0.93,-4.517,0.0637,124.967,9,4,scared,0.0,0.0,0.0,0.0,0.0,0.0,0.0,0.0,0.0,0.0
24,2otqZVvW83kij45qpJaipl,Good Feeling,Wide Open,Austin French,2018-09-07,45,175040,0.802,0.135,0.688,0.0,0.084,0.739,-5.361,0.0907,112.028,5,4,scared,0.12184873949579832,0.07773109243697479,0.0861344537815126,0.06932773109243698,0.06932773109243698,0.11764705882352941,0.15126050420168066,0.06512605042016807,0.12184873949579832,0.11974789915966387
25,6Sl9SgP3j4zahARmZZkhyv,Smile (Single Mix),The Things That Got Us Here,Sidewalk Prophets,2020-07-03,43,176133,0.586,0.00172,0.851,1.01e-06,0.149,0.555,-6.17,0.0336,112.042,7,4,scared,0.17880794701986755,0.006622516556291391,0.039735099337748346,0.033112582781456956,0.006622516556291391,0.152317880794702,0.304635761589404,0.0,0.2251655629139073,0.052980132450331126
26,6mRX8XiGASA8YDO5B9DWeT,21 Years,TobyMac Collection,TobyMac,2020-04-24,36,243013,0.712,0.0903,0.666,0.0,0.139,0.268,-7.214,0.0392,101.012,7,4,scared,0.15151515151515152,0.10101010101010101,0.10101010101010101,0.0707070707070707,0.020202020202020204,0.06060606060606061,0.21212121212121213,0.010101010101010102,0.15151515151515152,0.12121212121212122
27,6CeoTeUhMFHKoKeQkRrhaU,Drops in the Ocean,Diamonds,Hawk Nelson,2015-03-17,50,201733,0.594,0.0225,0.762,0.0,0.162,0.518,-4.097,0.033,126.968,2,4,scared,0.125,0.09375,0.0625,0.0625,0.0,0.0,0.34375,0.0625,0.125,0.125
28,1dtzjTkNecIRAL4X3u4CtL,We Believe,Restart,Newsboys,2013-01-01,56,261693,0.519,0.0319,0.76,1.59e-05,0.241,0.149,-4.41,0.0349,130.03,2,4,scared,0.1111111111111111,0.12698412698412698,0.1111111111111111,0.10317460317460317,0.07936507936507936,0.031746031746031744,0.16666666666666666,0.05555555555555555,0.10317460317460317,0.1111111111111111
29,1KedGIK1fpqpl56GkW5VgB,Your Love Never Fails,God's Not Dead,Newsboys,2011-01-01,54,218200,0.664,0.00109,0.852,0.0,0.0765,0.558,-5.341,0.0521,115.0,10,4,scared,0.08695652173913043,0.06086956521739131,0.0782608695652174,0.05217391304347826,0.02608695652173913,0.05217391304347826,0.2782608695652174,0.0,0.2782608695652174,0.08695652173913043
30,5mYLVplVjmd1GMe2oAhr9O,Steal My Show,Eye On It (Deluxe Edition),TobyMac,2012-01-01,45,215946,0.621,0.0433,0.881,0.0,0.401,0.622,-3.872,0.0295,104.974,0,4,scared,0.10101010101010101,0.21212121212121213,0.1919191919191919,0.1414141414141414,0.09090909090909091,0.0,0.050505050505050504,0.0,0.020202020202020204,0.1919191919191919
31,0wWDNsLRUuXFGRd4NcrdrR,Write Your Story,If We're Honest (Deluxe Version),Francesca Battistelli,2014-04-22,46,203941,0.653,0.026,0.803,0.000108,0.0903,0.625,-5.95,0.034,94.009,2,4,scared,0.14102564102564102,0.0641025641025641,0.07692307692307693,0.1282051282051282,0.01282051282051282,0.10256410256410256,0.21794871794871795,0.0,0.1282051282051282,0.1282051282051282
32,2zpcDiFVgJ53BeMuJK40aX,Start Right Here,Only Jesus,Casting Crowns,2018-11-16,47,220280,0.562,0.138,0.729,0.0,0.269,0.311,-7.262,0.0407,121.954,1,4,scared,0.14173228346456693,0.09448818897637795,0.14960629921259844,0.07874015748031496,0.031496062992125984,0.007874015748031496,0.2125984251968504,0.08661417322834646,0.07874015748031496,0.11811023622047244
33,2PLq66Pulj13Ov30kBBxuG,Dear Younger Me,Welcome to the New,MercyMe,2014-04-08,52,206585,0.629,0.101,0.891,1.5e-05,0.527,0.665,-5.664,0.0824,98.959,7,4,scared,0.0,0.09375,0.109375,0.109375,0.0625,0.0,0.515625,0.03125,0.03125,0.046875
34,36g3CdSXU0vBSOW4P1dtsZ,Lights Shine Bright,This Is Not A Test,TobyMac,2015-08-07,50,275586,0.702,0.0232,0.579,0.0,0.892,0.468,-8.406,0.208,81.472,8,4,scared,0.05555555555555555,0.013888888888888888,0.023148148148148147,0.125,0.0,0.06944444444444445,0.4074074074074074,0.009259259259259259,0.19907407407407407,0.09722222222222222
35,5oEQFH35W5hoNwbYCf5anq,Up Again,Wherever I Go,Dan Bremnes,2019-04-05,45,161506,0.709,0.371,0.703,0.000152,0.182,0.847,-4.946,0.0301,97.002,0,4,scared,0.06666666666666667,0.03333333333333333,0.06666666666666667,0.03333333333333333,0.0,0.06666666666666667,0.36666666666666664,0.0,0.26666666666666666,0.1
36,2uCLhG4UKRErEUpjsXBaeD,Glorious Day - Radio Version,Glorious Day (Radio Version),Passion,2017-03-24,51,251695,0.471,0.0174,0.846,0.0,0.148,0.314,-4.05,0.0388,109.997,2,4,scared,0.08035714285714286,0.17857142857142858,0.16964285714285715,0.1875,0.07142857142857142,0.03571428571428571,0.10714285714285714,0.03571428571428571,0.08035714285714286,0.05357142857142857
37,0lATXmstYwzQjOLgkzvnEc,Counting Every Blessing,Good News (Deluxe Edition),Rend Collective,2018-01-19,58,302780,0.55,0.136,0.681,0.0,0.216,0.174,-4.759,0.0334,89.989,9,4,scared,0.21888412017167383,0.008583690987124463,0.02145922746781116,0.02575107296137339,0.008583690987124463,0.10300429184549356,0.2145922746781116,0.0,0.20600858369098712,0.19313304721030042
38,5HGG7Goz5eHmnhRJuPBiTR,Love God Love People,Haven't Seen It Yet,Danny Gokey,2019-04-12,49,186613,0.581,0.142,0.758,0.0,0.0708,0.731,-5.656,0.102,160.193,0,4,scared,0.18125,0.1,0.01875,0.0125,0.00625,0.00625,0.325,0.00625,0.26875,0.075
39,4ElNxglBjcrASiGn58t9Jm,God Only Knows,Burn The Ships,for KING & COUNTRY,2018-10-05,65,229760,0.597,0.395,0.417,8.35e-06,0.128,0.263,-7.952,0.0502,143.839,2,4,scared,0.2,0.16363636363636364,0.02727272727272727,0.02727272727272727,0.0,0.03636363636363636,0.18181818181818182,0.0,0.18181818181818182,0.18181818181818182
40,4Opt8AwROn5AXMQ20mNvHq,Move (Keep Walkin’),This Is Not A Test,TobyMac,2015-08-07,52,221626,0.707,0.311,0.699,0.0,0.276,0.54,-5.449,0.0324,115.999,5,4,scared,0.07291666666666667,0.0625,0.13541666666666666,0.16666666666666666,0.15625,0.052083333333333336,0.21875,0.041666666666666664,0.052083333333333336,0.041666666666666664
41,3gQC0KTBXZeysuzRqMrfbD,The River,Beloved,Jordan Feliz,2015-10-22,57,195209,0.65,0.0951,0.908,0.0,0.347,0.75,-5.062,0.0345,123.996,10,4,scared,0.13725490196078433,0.09803921568627451,0.13725490196078433,0.09803921568627451,0.058823529411764705,0.058823529411764705,0.21568627450980393,0.058823529411764705,0.09803921568627451,0.0392156862745098
42,54LhEfBlV82p8zybyTeaIS,Freedom Hymn,Wide Open,Austin French,2018-09-07,49,188293,0.488,0.0464,0.815,0.0,0.302,0.483,-3.8,0.0397,73.01,11,4,scared,0.24817518248175183,0.0072992700729927005,0.0072992700729927005,0.10948905109489052,0.0,0.0,0.2773722627737226,0.0,0.23357664233576642,0.11678832116788321
43,4hlzUfLHRCr9HKXCBpCPZf,Marching On,Good News (Deluxe Edition),Rend Collective,2018-01-19,44,219000,0.488,0.00585,0.875,0.0,0.0793,0.486,-4.645,0.101,119.995,10,4,scared,0.125,0.1,0.075,0.075,0.05,0.05,0.225,0.05,0.2,0.05
44,5Pj48LJDnaHXtVhQEaR4H7,Heaven On Earth,Better,Stars Go Dim,2019-05-17,46,178680,0.671,0.064,0.756,0.0,0.126,0.7,-6.757,0.0731,98.012,4,4,scared,0.16260162601626016,0.056910569105691054,0.08943089430894309,0.06504065040650407,0.07317073170731707,0.04878048780487805,0.21138211382113822,0.07317073170731707,0.15447154471544716,0.06504065040650407
45,2oxGrrz61idwlMRTzvdpZQ,AMEN,New Today,Micah Tyler,2020-04-24,48,175213,0.596,0.0335,0.752,0.0,0.104,0.382,-5.342,0.0454,96.426,10,4,scared,0.1267605633802817,0.09154929577464789,0.1267605633802817,0.07042253521126761,0.08450704225352113,0.04929577464788732,0.20422535211267606,0.02112676056338028,0.14084507042253522,0.08450704225352113
46,3ZQsO0kHzczapEdCrEYG4f,Backseat Driver,This Is Not A Test,TobyMac,2015-08-07,51,201066,0.805,0.0432,0.827,0.000133,0.0348,0.84,-3.756,0.059,101.005,0,4,scared,0.12244897959183673,0.14285714285714285,0.10204081632653061,0.10204081632653061,0.08163265306122448,0.0,0.1836734693877551,0.02040816326530612,0.12244897959183673,0.12244897959183673
47,2MlI59j4HulbMIe4QReoi2,REVIVAL ANTHEM,CHOOSE TO WORSHIP,Rend Collective,2020-03-27,41,198986,0.555,0.000209,0.71,0.0,0.412,0.188,-6.286,0.0403,129.979,4,4,scared,0.1452991452991453,0.11965811965811966,0.11965811965811966,0.05128205128205128,0.05982905982905983,0.017094017094017096,0.20512820512820512,0.017094017094017096,0.13675213675213677,0.1282051282051282
48,5OpjJ9qy54D3PzQJ1s4Q9X,TESTIFY,H A R D L O V E,NEEDTOBREATHE,2016-07-15,57,243800,0.495,0.471,0.71,0.0,0.0703,0.319,-3.941,0.0288,90.024,0,4,scared,0.09313725490196079,0.11274509803921569,0.22058823529411764,0.1323529411764706,0.0784313725490196,0.024509803921568627,0.15196078431372548,0.049019607843137254,0.08333333333333333,0.05392156862745098
49,6ZhORhQoBD0qndKYvpBTv2,Echo (feat. Tauren Wells),Hallelujah Here Below,Elevation Worship,2018-09-28,55,236735,0.638,0.0864,0.842,0.0,0.624,0.542,-6.225,0.0392,103.965,2,4,scared,0.14285714285714285,0.06349206349206349,0.047619047619047616,0.031746031746031744,0.015873015873015872,0.06349206349206349,0.2857142857142857,0.0,0.2222222222222222,0.12698412698412698
50,1ckXxCiKGFaYmhe4BfBmfs,Rise Up (Lazarus),Rise Up,CAIN,2021-05-07,59,206531,0.492,0.0389,0.809,0.0,0.0854,0.441,-5.443,0.0399,86.997,5,4,scared,0.08333333333333333,0.15625,0.17708333333333334,0.21875,0.041666666666666664,0.041666666666666664,0.09375,0.041666666666666664,0.07291666666666667,0.07291666666666667
51,0vBjd0I8iefycEZ2ex1Zpi,joy.,Burn The Ships,for KING & COUNTRY,2018-10-05,57,233946,0.68,0.0102,0.536,0.00105,0.113,0.417,-6.669,0.0582,119.958,5,4,scared,0.050505050505050504,0.08080808080808081,0.06060606060606061,0.06060606060606061,0.04040404040404041,0.030303030303030304,0.37373737373737376,0.0,0.26262626262626265,0.04040404040404041
52,11sV5RZfZ4FEKz0TeFnvN6,Air I Breathe,JUST KIDS (Deluxe Edition),Mat Kearney,2015-08-21,42,219586,0.541,0.417,0.748,0.0,0.12,0.423,-6.28,0.0357,79.977,9,4,scared,0.11627906976744186,0.0,0.023255813953488372,0.0,0.0,0.06976744186046512,0.3488372093023256,0.0,0.32558139534883723,0.11627906976744186
53,6GjgrT8fvfEehxDBZMZTRZ,Revolutionary,Revolutionary,Josh Wilson,2020-04-24,48,182352,0.432,0.0298,0.779,0.0,0.103,0.677,-6.804,0.107,124.166,11,4,scared,0.08641975308641975,0.08641975308641975,0.037037037037037035,0.037037037037037035,0.037037037037037035,0.0,0.41975308641975306,0.037037037037037035,0.1728395061728395,0.08641975308641975
54,3LEBulRQI5hHe2TUKKswUf,Me Without You,Eye On It (Deluxe Edition),TobyMac,2012-01-01,53,214665,0.775,0.00247,0.785,0.0,0.0669,0.963,-3.506,0.0411,130.021,7,4,scared,0.0,0.0,0.0,0.0,0.0,0.0,0.0,0.0,0.0,0.0
55,7rC5fxyrbNDRymrH7OwSxE,Never Been a Moment,Different,Micah Tyler,2017-10-13,49,200680,0.527,0.0566,0.792,0.0,0.0935,0.704,-5.52,0.0412,157.987,0,4,scared,0.12244897959183673,0.04081632653061224,0.12244897959183673,0.10204081632653061,0.04081632653061224,0.061224489795918366,0.24489795918367346,0.02040816326530612,0.14285714285714285,0.10204081632653061
56,6zb0RH9FmYB8Ronad1uK02,Holy Water,Holy Water,We The Kingdom,2020-08-07,62,242666,0.46,0.352,0.57,0.0,0.199,0.337,-7.07,0.0382,72.942,7,4,scared,0.1319796954314721,0.06598984771573604,0.09137055837563451,0.09137055837563451,0.08121827411167512,0.05583756345177665,0.20304568527918782,0.06091370558375635,0.116751269035533,0.10152284263959391
57,7u67t6j872bK1tDbMUjnMz,Miracles,Devil Is A Liar,Colton Dixon,2020-03-27,60,174438,0.721,0.00146,0.718,0.00013,0.12,0.343,-6.916,0.0431,96.48,7,4,scared,0.05732484076433121,0.025477707006369428,0.03184713375796178,0.03184713375796178,0.012738853503184714,0.0,0.40764331210191085,0.01910828025477707,0.3821656050955414,0.03184713375796178
58,6GzdPnUPONHWFyUSRwN0QB,Changed,Future,Jordan Feliz,2018-03-23,51,192986,0.622,0.183,0.867,0.0,0.0833,0.778,-4.738,0.0551,157.952,2,4,scared,0.11320754716981132,0.14622641509433962,0.18867924528301888,0.09905660377358491,0.07075471698113207,0.02830188679245283,0.14622641509433962,0.05660377358490566,0.04716981132075472,0.10377358490566038
59,02RCTBFKyLaECOTgfr0zTM,Church (Take Me Back),Don't Lose Hope,Cochren & Co.,2021-01-22,68,176706,0.582,0.153,0.715,0.0,0.259,0.52,-5.526,0.042,90.117,11,4,scared,0.20689655172413793,0.04597701149425287,0.05747126436781609,0.04597701149425287,0.034482758620689655,0.011494252873563218,0.21839080459770116,0.0,0.1839080459770115,0.19540229885057472
60,4iHrXZX4AKJOW58civjs1t,Church Clap,Weight & Glory,KB,2012-07-17,59,197066,0.632,0.0941,0.756,0.0,0.189,0.413,-3.877,0.05,157.999,1,4,scared,0.24737945492662475,0.018867924528301886,0.027253668763102725,0.010482180293501049,0.008385744234800839,0.010482180293501049,0.25366876310272535,0.010482180293501049,0.20754716981132076,0.20545073375262055
61,1NZWiuy0mlnsrcYL2dhKt6,Love Broke Thru,This Is Not A Test,TobyMac,2015-08-07,59,237146,0.671,0.0101,0.893,0.0,0.0934,0.544,-3.984,0.0337,102.979,0,4,scared,0.03409090909090909,0.16477272727272727,0.23295454545454544,0.18181818181818182,0.09090909090909091,0.005681818181818182,0.11363636363636363,0.0625,0.09659090909090909,0.017045454545454544
62,4zmjIj6jirBrBF92a5yb9S,Yes He Can,Rise Up,CAIN,2021-05-07,58,199127,0.449,0.0705,0.668,0.0,0.374,0.475,-6.709,0.0345,167.911,8,4,scared,0.10909090909090909,0.10909090909090909,0.18181818181818182,0.09090909090909091,0.09090909090909091,0.01818181818181818,0.2,0.0,0.07272727272727272,0.12727272727272726
63,0Q4fUM7mSeqVKD5qnqS2gO,Devil Is a Liar,Devil Is A Liar,Colton Dixon,2020-03-27,48,165895,0.753,0.00607,0.791,0.000179,0.397,0.689,-6.781,0.0463,130.996,6,4,scared,0.06818181818181818,0.12878787878787878,0.18181818181818182,0.12878787878787878,0.09090909090909091,0.0,0.15151515151515152,0.07575757575757576,0.11363636363636363,0.06060606060606061
64,1JVefYHGnKd8ZjyaqWmTpz,Haven't Seen It Yet,Haven't Seen It Yet,Danny Gokey,2019-04-12,55,244066,0.619,0.167,0.686,0.0,0.114,0.609,-6.534,0.0506,139.916,2,4,scared,0.12264150943396226,0.05660377358490566,0.0660377358490566,0.05660377358490566,0.03773584905660377,0.1509433962264151,0.18867924528301888,0.03773584905660377,0.1509433962264151,0.1320754716981132
65,2vgZSXt1KmekJICQbNZH4H,Brave,Brave,MŌRIAH,2014-07-15,34,228626,0.449,0.256,0.652,1.33e-06,0.076,0.508,-4.401,0.0389,166.036,6,4,scared,0.025974025974025976,0.22727272727272727,0.3246753246753247,0.2532467532467532,0.07792207792207792,0.006493506493506494,0.032467532467532464,0.012987012987012988,0.01948051948051948,0.01948051948051948
66,7aIvVeBrvC7K3hYbpRXRdZ,Shake,Welcome to the New,MercyMe,2014-04-08,45,193840,0.472,0.00138,0.948,1.02e-05,0.0966,0.788,-1.528,0.167,171.996,5,4,scared,0.09401709401709402,0.042735042735042736,0.17094017094017094,0.05555555555555555,0.10256410256410256,0.029914529914529916,0.18376068376068377,0.0811965811965812,0.18803418803418803,0.05128205128205128
67,7BhvOAA8kaGhd2dsa27XP8,Amadeo (Still My God),Wildest Dreams,Ryan Stevenson,2020-06-05,56,218171,0.488,0.234,0.875,0.0,0.102,0.613,-7.775,0.114,190.171,4,4,scared,0.17567567567567569,0.12162162162162163,0.07432432432432433,0.04054054054054054,0.02027027027027027,0.04054054054054054,0.20945945945945946,0.02027027027027027,0.1554054054054054,0.14189189189189189
68,2lWAP3l4ILsjy11jsX49Ys,Made To Love,Portable Sounds (With Bonus Remixes),TobyMac,2008-01-01,50,230280,0.571,0.0071,0.937,9.93e-05,0.32,0.821,-3.353,0.0574,169.975,5,4,scared,0.0,0.01694915254237288,0.22033898305084745,0.2033898305084746,0.01694915254237288,0.0,0.2542372881355932,0.0,0.2542372881355932,0.03389830508474576
69,4jdQaEDZ4y3x54FzxnfYAQ,Start a Fire,Unspoken,Unspoken,2014-04-01,52,184733,0.513,0.00197,0.875,0.0,0.165,0.604,-5.377,0.0495,82.002,1,4,scared,0.11363636363636363,0.11363636363636363,0.056818181818181816,0.03409090909090909,0.022727272727272728,0.10227272727272728,0.19318181818181818,0.0,0.18181818181818182,0.18181818181818182
70,68dlSBYa5sLmwjscN4nfhv,The Comeback,Rise,Danny Gokey,2017-01-13,1,191013,0.615,0.02,0.901,0.0,0.277,0.473,-4.849,0.0603,118.032,8,4,scared,0.0,0.3,0.23333333333333334,0.06666666666666667,0.13333333333333333,0.03333333333333333,0.0,0.03333333333333333,0.0,0.2
71,1L7HnGxcNdScMVnjc3XRK0,I just need U.,The Elements,TobyMac,2018-10-12,57,223946,0.764,0.097,0.643,0.000212,0.113,0.718,-7.489,0.0305,104.022,5,4,scared,0.13934426229508196,0.09836065573770492,0.1557377049180328,0.08196721311475409,0.11475409836065574,0.04918032786885246,0.14754098360655737,0.05737704918032787,0.07377049180327869,0.08196721311475409
72,4W45TyQR7lhsw3loOHZAKy,New Day,Haven't Seen It Yet,Danny Gokey,2019-04-12,47,209600,0.684,0.134,0.815,0.0,0.15,0.696,-5.783,0.0508,99.995,5,4,scared,0.0,0.0,0.0,0.0,0.0,0.0,0.0,0.0,0.0,0.0
73,04ZzbJOLBEhaf8PVQuH96u,Christ In Me,I Will Follow,Jeremy Camp,2015-02-03,54,211600,0.492,0.0104,0.873,0.0,0.0895,0.229,-3.193,0.0392,91.078,0,4,scared,0.17391304347826086,0.0,0.08695652173913043,0.0,0.043478260869565216,0.0,0.30434782608695654,0.0,0.13043478260869565,0.2608695652173913
74,33q4ENIRByGmdKeRWoIfSm,My Feet Are on the Rock,Trial & Triumph,I AM THEY,2018-03-02,49,183706,0.612,0.00171,0.83,0.0,0.125,0.525,-4.361,0.0464,103.84,0,4,scared,0.16883116883116883,0.025974025974025976,0.025974025974025976,0.0,0.012987012987012988,0.1038961038961039,0.4155844155844156,0.0,0.12987012987012986,0.11688311688311688
75,7BTmtN6bP35E54vVASTqao,Priceless,RUN WILD. LIVE FREE. LOVE STRONG. (Deluxe Anniversary Edition),for KING & COUNTRY,2015-10-22,56,208520,0.529,0.00532,0.769,0.0,0.19,0.66,-6.369,0.0469,73.946,11,4,scared,0.0,0.0,0.0,0.0,0.0,0.0,0.0,0.0,0.0,0.0
76,2v49NJk4EhgM4xVkNKrfqc,Til The Day I Die,This Is Not A Test,TobyMac,2015-08-07,57,227813,0.658,0.0075,0.877,2.94e-05,0.127,0.346,-5.502,0.0352,99.964,10,4,scared,0.013157894736842105,0.19736842105263158,0.23684210526315788,0.21052631578947367,0.02631578947368421,0.02631578947368421,0.11842105263157894,0.039473684210526314,0.10526315789473684,0.02631578947368421
77,7EixVppWsnZOvJJ4ZqET14,Good Life,Good Life,The Young Escape,2017-10-20,45,185426,0.587,0.0539,0.715,0.0,0.262,0.433,-6.348,0.0931,178.081,4,4,scared,0.1187214611872146,0.0547945205479452,0.091324200913242,0.0319634703196347,0.0684931506849315,0.1232876712328767,0.1963470319634703,0.0547945205479452,0.1232876712328767,0.136986301369863
78,2VuwpxQR7rTPWkoLkpANdz,Whom Shall I Fear (God Of Angel Armies),Burning Lights,Chris Tomlin,2013-01-01,57,267906,0.444,0.051,0.778,0.0,0.269,0.42,-3.037,0.0324,148.044,0,4,scared,0.2054794520547945,0.11643835616438356,0.04794520547945205,0.00684931506849315,0.04794520547945205,0.06164383561643835,0.2054794520547945,0.00684931506849315,0.1643835616438356,0.136986301369863
79,5uDFIUrj3WjmgpSs2Zxc4d,Like A Match,This Is Not A Test,TobyMac,2015-08-07,38,187320,0.633,0.00869,0.953,0.000483,0.217,0.96,-3.391,0.0603,142.995,1,4,scared,0.13513513513513514,0.013513513513513514,0.13513513513513514,0.04054054054054054,0.10810810810810811,0.05405405405405406,0.25675675675675674,0.0,0.20270270270270271,0.05405405405405406
80,3ji2WLLlpJmvvSOlAyqB6p,"That Was Then, This Is Now","That Was Then, This Is Now",Josh Wilson,2015-07-31,47,197880,0.624,0.000507,0.946,1.81e-05,0.124,0.749,-4.546,0.055,98.021,5,4,scared,0.15492957746478872,0.028169014084507043,0.1267605633802817,0.1267605633802817,0.0,0.0,0.29577464788732394,0.0,0.14084507042253522,0.1267605633802817
81,5qL47IcceHPr7W8kxK4Wzj,Pray It Up,Control,Joel Vaughn,2020-10-23,36,199573,0.286,0.00755,0.796,0.0,0.156,0.323,-5.279,0.0757,84.346,0,4,scared,0.17699115044247787,0.1592920353982301,0.035398230088495575,0.02654867256637168,0.0,0.13274336283185842,0.168141592920354,0.008849557522123894,0.1415929203539823,0.1504424778761062
82,1KZ4oyeOzh1WDrU3vxk6Hh,Horizon (A New Day),The Elements,TobyMac,2018-10-12,41,193546,0.643,0.095,0.776,4.72e-06,0.319,0.689,-4.338,0.0618,156.067,1,4,scared,0.0,0.07692307692307693,0.16923076923076924,0.03076923076923077,0.03076923076923077,0.0,0.2923076923076923,0.03076923076923077,0.07692307692307693,0.2923076923076923
83,1sK4dSAYg8lBSEsaMMPbK6,I Will Be Undignified,Good News (Deluxe Edition),Rend Collective,2018-01-19,41,198000,0.35,0.0279,0.866,0.0,0.231,0.352,-4.181,0.0666,168.048,9,4,scared,0.1566265060240964,0.0963855421686747,0.1144578313253012,0.05421686746987952,0.030120481927710843,0.04216867469879518,0.2289156626506024,0.04819277108433735,0.1686746987951807,0.060240963855421686
84,1cxM9XPSKofuSwbBwayZiG,Everything,The Elements,TobyMac,2018-10-12,51,200760,0.802,0.0239,0.683,0.0,0.0896,0.801,-4.849,0.0416,112.465,11,4,scared,0.06722689075630252,0.01680672268907563,0.2605042016806723,0.025210084033613446,0.20168067226890757,0.025210084033613446,0.13445378151260504,0.15126050420168066,0.05042016806722689,0.06722689075630252
85,1fAfbJtiwvTh76blPg4hEA,Lifer,Lifer,MercyMe,2017-02-17,42,201093,0.705,0.0424,0.921,0.0,0.353,0.958,-4.066,0.0441,113.994,8,4,scared,0.0,0.375,0.0,0.0,0.0,0.0,0.125,0.0,0.125,0.375
86,3tIosTCaD7OxaqMmNMqK39,Dream Small,Dream Small,Josh Wilson,2018-03-02,44,206626,0.654,0.0722,0.815,2.3e-06,0.129,0.304,-5.527,0.0376,120.043,7,4,scared,0.0891089108910891,0.13861386138613863,0.1782178217821782,0.0891089108910891,0.04950495049504951,0.0,0.1782178217821782,0.039603960396039604,0.12871287128712872,0.10891089108910891
87,28jcFm1snS2T2CcnGladPy,The Elements,The Elements,TobyMac,2018-10-12,41,231933,0.633,0.021,0.824,8.59e-05,0.136,0.237,-6.323,0.101,100.005,8,4,scared,0.1,0.2,0.2,0.1,0.0,0.0,0.3,0.1,0.0,0.0
88,7ozWDT47HkfCmbNGgMorU8,What a Friend,Echoes (Deluxe Edition),Matt Maher,2017-09-29,45,197506,0.585,0.0213,0.947,0.0,0.382,0.475,-4.981,0.0632,109.958,4,4,scared,0.2,0.1111111111111111,0.1111111111111111,0.044444444444444446,0.06666666666666667,0.0,0.2,0.044444444444444446,0.13333333333333333,0.08888888888888889
89,1TcsQKPRu4AVSP5E7a8mXe,Greater,Welcome to the New,MercyMe,2014-04-08,58,247046,0.627,0.0231,0.921,0.0,0.0907,0.567,-4.689,0.0365,116.006,2,4,scared,0.07258064516129033,0.10483870967741936,0.18548387096774194,0.10483870967741936,0.08870967741935484,0.024193548387096774,0.2903225806451613,0.04838709677419355,0.04838709677419355,0.03225806451612903
90,7nUflbCfoSFYiBOGH5D81R,Reason,Reason,Unspoken,2019-06-21,54,199531,0.694,0.0199,0.768,0.0,0.054,0.97,-5.444,0.137,156.006,4,4,scared,0.1509433962264151,0.09433962264150944,0.03773584905660377,0.03773584905660377,0.018867924528301886,0.0,0.4339622641509434,0.0,0.11320754716981132,0.11320754716981132
91,6TFjKtYZGIJyL6vbS33GEB,joyful,circles,Dante Bowe,2021-03-26,14,137130,0.636,0.0578,0.695,0.0,0.396,0.851,-7.929,0.234,91.638,1,4,scared,0.25680933852140075,0.054474708171206226,0.09727626459143969,0.058365758754863814,0.027237354085603113,0.01556420233463035,0.22178988326848248,0.0622568093385214,0.12840466926070038,0.07782101167315175
92,5eKHhvjc9EO19oS1aJJfRy,Today Tomorrow & Forever,Unstoppable God,Sanctus Real,2020-04-24,42,145056,0.518,0.00289,0.694,1.43e-05,0.375,0.429,-6.631,0.0311,175.982,11,4,scared,0.0,0.0,0.0,0.0,0.0,0.0,0.0,0.0,0.0,0.0
93,05bPnlDgIf04n6LeDs2pLs,Run Devil Run,American Prodigal (Deluxe Edition),Crowder,2016-09-23,45,206386,0.429,0.0361,0.953,0.0,0.56,0.766,-3.26,0.179,174.646,2,4,scared,0.0,0.16417910447761194,0.1791044776119403,0.16417910447761194,0.16417910447761194,0.0,0.0,0.1791044776119403,0.0,0.14925373134328357
94,7ubJMJ9FsNrElXkrESDwih,WaveWalker (feat. Bart Millard),Love Is A Lion,Citizen Way,2019-10-18,41,194306,0.673,0.00539,0.805,0.0,0.194,0.688,-5.099,0.0325,120.011,8,4,scared,0.12149532710280374,0.1588785046728972,0.08411214953271028,0.04672897196261682,0.056074766355140186,0.04672897196261682,0.16822429906542055,0.037383177570093455,0.12149532710280374,0.1588785046728972
95,7KXJLrMlgQbGMY8kr6yJlB,Sparrows,Where the Light Gets In,Jason Gray,2016-06-17,47,207386,0.651,0.0199,0.924,3.26e-05,0.314,0.512,-5.059,0.0397,121.946,7,4,scared,0.14444444444444443,0.03333333333333333,0.044444444444444446,0.03333333333333333,0.022222222222222223,0.14444444444444443,0.23333333333333334,0.011111111111111112,0.17777777777777778,0.15555555555555556
96,1HoEbniMQIfe79naXNRycP,Help Is On The Way (Maybe Midnight),Life After Death,TobyMac,2022-08-19,56,181520,0.742,0.0486,0.589,4.02e-06,0.15,0.665,-4.344,0.0735,142.012,9,4,scared,0.1346153846153846,0.07692307692307693,0.23076923076923078,0.17307692307692307,0.019230769230769232,0.019230769230769232,0.1346153846153846,0.038461538461538464,0.09615384615384616,0.07692307692307693
97,0ezeXzG4Qi5GJGu9E3W4VY,Red Letters,I Know A Ghost,Crowder,2018-11-09,52,228346,0.469,0.335,0.711,1.39e-06,0.34,0.459,-7.273,0.0531,148.087,11,4,scared,0.09803921568627451,0.16666666666666666,0.16666666666666666,0.13725490196078433,0.10784313725490197,0.029411764705882353,0.10784313725490197,0.049019607843137254,0.06862745098039216,0.06862745098039216
98,1ivyn9uN7FT3wF9GpEU6GE,Beyond Me,This Is Not A Test,TobyMac,2015-08-07,41,193880,0.665,0.104,0.782,0.0,0.255,0.961,-5.169,0.0269,111.02,8,4,scared,0.0,0.0,0.0,0.0,0.0,0.0,0.0,0.0,0.0,0.0
99,6crlD7xx4i1va0wahdwCga,Rebels,REBELS,Influence Music,2019-07-19,35,226933,0.464,0.00848,0.865,0.000304,0.101,0.512,-6.005,0.0504,83.951,7,4,scared,0.05747126436781609,0.19540229885057472,0.19540229885057472,0.034482758620689655,0.19540229885057472,0.04597701149425287,0.11494252873563218,0.022988505747126436,0.06896551724137931,0.06896551724137931
100,1EQFOouqdKYdpbNoOHRVO2,abcdefu (angrier),abcdefu (angrier),GAYLE,2021-09-24,62,159836,0.671,0.0658,0.599,0.0,0.101,0.448,-6.18,0.0405,121.849,4,3,scared,0.04878048780487805,0.04878048780487805,0.14634146341463414,0.12195121951219512,0.12195121951219512,0.04878048780487805,0.1951219512195122,0.12195121951219512,0.07317073170731707,0.07317073170731707
101,66Ae3p10Em3KdTaM787Ptx,this is what heartbreak feels like,this is what heartbreak feels like (432Hz),JVKE,2022-10-04,60,157636,0.707,0.578,0.474,0.0,0.11,0.538,-4.603,0.0672,109.991,1,4,scared,0.0736196319018405,0.09815950920245399,0.22699386503067484,0.06748466257668712,0.049079754601226995,0.03680981595092025,0.1165644171779141,0.147239263803681,0.1165644171779141,0.06748466257668712
102,76cy1WJvNGJTj78UqeA5zr,IDGAF,Dua Lipa (Deluxe),Dua Lipa,2017-06-02,77,217946,0.836,0.0403,0.544,0.0,0.0824,0.51,-5.975,0.0943,97.028,7,4,scared,0.0821917808219178,0.0136986301369863,0.2328767123287671,0.0684931506849315,0.0273972602739726,0.0273972602739726,0.1780821917808219,0.1232876712328767,0.1506849315068493,0.0958904109589041
103,6Jkm5kUldvIqxzI1Pa7nXH,10 Things I Hate About You,10 Things I Hate About You,Leah Kate,2022-03-23,4,157138,0.544,0.00991,0.786,0.0,0.169,0.446,-2.97,0.0501,153.967,8,4,scared,0.08235294117647059,0.058823529411764705,0.27058823529411763,0.08235294117647059,0.10588235294117647,0.011764705882352941,0.1411764705882353,0.15294117647058825,0.08235294117647059,0.011764705882352941
104,5MWXOo8DJwgODtPGaietNz,cinderella's dead,cinderella's dead,EMELINE,2022-04-01,67,120666,0.596,0.33,0.607,0.0,0.103,0.531,-6.179,0.168,119.882,6,4,scared,0.014388489208633094,0.18705035971223022,0.2158273381294964,0.17985611510791366,0.16546762589928057,0.007194244604316547,0.02158273381294964,0.15827338129496402,0.014388489208633094,0.03597122302158273
105,6FZDfxM3a3UCqtzo5pxSLZ,Without Me,Manic,Halsey,2020-01-17,77,201660,0.752,0.293,0.488,9.2e-06,0.0936,0.533,-7.05,0.0705,136.07,6,4,scared,0.0,0.0,0.0,0.0,0.0,0.0,0.0,0.0,0.0,0.0
106,20R4HfKloPKgXDqU7UKk3x,Therefore I Am,Happier Than Ever,Billie Eilish,2021-07-30,73,173539,0.879,0.227,0.365,0.135,0.0583,0.663,-7.781,0.0924,94.016,2,4,scared,0.1375,0.05,0.15,0.0375,0.125,0.0125,0.175,0.125,0.1375,0.05
107,7aGyRfJWtLqgJaZoG9lJhE,Mad at Disney,Mad at Disney,salem ilese,2020-07-24,2,136838,0.738,0.424,0.621,7.39e-06,0.692,0.715,-7.313,0.0486,113.968,0,4,scared,0.0,0.0,0.0,0.0,0.0,0.0,0.0,0.0,0.0,0.0
108,4ZtFanR9U6ndgddUvNcjcG,good 4 u,SOUR,Olivia Rodrigo,2021-05-21,82,178146,0.563,0.335,0.664,0.0,0.0849,0.688,-5.044,0.154,166.928,9,4,scared,0.0,0.0,0.0,0.0,0.0,0.0,0.0,0.0,0.0,0.0
109,6WrI0LAC5M1Rw2MnX2ZvEg,Don't Start Now,Don't Start Now,Dua Lipa,2019-10-31,71,183290,0.794,0.0125,0.793,0.0,0.0952,0.677,-4.521,0.0842,123.941,11,4,scared,0.1694915254237288,0.1694915254237288,0.15254237288135594,0.15254237288135594,0.03389830508474576,0.03389830508474576,0.0847457627118644,0.0,0.03389830508474576,0.1694915254237288
110,0AUvWawuP0ibk4SQ3sIZjk,Daisy,Daisy,Ashnikko,2020-07-09,61,146523,0.834,0.235,0.663,0.0,0.372,0.774,-6.143,0.133,121.876,8,4,scared,0.038461538461538464,0.11538461538461539,0.2153846153846154,0.12307692307692308,0.09230769230769231,0.038461538461538464,0.16923076923076924,0.046153846153846156,0.08461538461538462,0.07692307692307693
111,4fkM7M4Uo5AUASnnsRC7EZ,Not Your Barbie Girl,Not Your Barbie Girl,Ava Max,2018-08-13,63,186520,0.745,0.103,0.642,0.0,0.0335,0.35,-4.138,0.0506,120.063,6,4,scared,0.16279069767441862,0.09302325581395349,0.06976744186046512,0.023255813953488372,0.023255813953488372,0.046511627906976744,0.3488372093023256,0.0,0.11627906976744186,0.11627906976744186
112,534P1wgOzlgSogu8At0B6b,I've Had Enough,I've Had Enough,Melina KB,2021-03-12,58,210828,0.742,0.26,0.607,0.0,0.0884,0.667,-5.744,0.0686,170.055,10,3,scared,0.05217391304347826,0.06956521739130435,0.17391304347826086,0.08695652173913043,0.10434782608695652,0.043478260869565216,0.22608695652173913,0.043478260869565216,0.12173913043478261,0.0782608695652174
113,3HWzoMvoF3TQfYg4UPszDq,Truth Hurts,Cuz I Love You (Super Deluxe),Lizzo,2019-04-19,68,173325,0.715,0.11,0.624,0.0,0.123,0.412,-3.046,0.114,158.087,4,4,scared,0.05737704918032787,0.12295081967213115,0.1557377049180328,0.13114754098360656,0.12295081967213115,0.07377049180327869,0.14754098360655737,0.05737704918032787,0.06557377049180328,0.06557377049180328
114,0yvPEnB032fojLfVluFjUv,Sorry Not Sorry,Tell Me You Love Me,Demi Lovato,2017-09-29,70,203760,0.705,0.0242,0.643,0.0,0.262,0.884,-6.929,0.232,143.944,11,4,scared,0.026595744680851064,0.15425531914893617,0.22340425531914893,0.1276595744680851,0.18085106382978725,0.02127659574468085,0.06382978723404255,0.14893617021276595,0.02127659574468085,0.031914893617021274
115,6xsEAm6w9oMQYYg3jkEkMT,Bad Blood,Bad Blood,Taylor Swift,2015-05-17,64,200106,0.654,0.0294,0.655,0.0,0.139,0.221,-7.388,0.106,170.16,11,4,scared,0.0335195530726257,0.12290502793296089,0.1340782122905028,0.12290502793296089,0.12290502793296089,0.01675977653631285,0.1564245810055866,0.11173184357541899,0.1564245810055866,0.0223463687150838
116,23T0OX7QOiIUFShSzbJ5Uo,I Hope,Goldmine,Gabby Barrett,2020-06-19,68,210772,0.466,0.0951,0.536,0.0,0.114,0.377,-6.227,0.0429,75.998,6,4,scared,0.1356382978723404,0.05851063829787234,0.08776595744680851,0.06382978723404255,0.047872340425531915,0.1595744680851064,0.14361702127659576,0.0398936170212766,0.13031914893617022,0.13297872340425532
117,45bE4HXI0AwGZXfZtMp8JR,you broke me first,you broke me first,Tate McRae,2020-04-17,18,169265,0.667,0.785,0.373,0.0,0.0906,0.0823,-9.389,0.05,124.148,4,4,scared,0.014492753623188406,0.2028985507246377,0.2463768115942029,0.2028985507246377,0.08695652173913043,0.043478260869565216,0.08695652173913043,0.07246376811594203,0.0,0.043478260869565216
118,3OHfY25tqY28d16oZczHc8,Kill Bill,SOS,SZA,2022-12-09,77,153946,0.644,0.0543,0.728,0.169,0.161,0.43,-5.75,0.0351,88.993,8,4,scared,0.06097560975609756,0.12195121951219512,0.17073170731707318,0.13414634146341464,0.06097560975609756,0.0,0.1951219512195122,0.04878048780487805,0.14634146341463414,0.06097560975609756
119,5Z2MiIZ5I3jJvvmeWMLbOQ,Escapism.,Escapism. / The Thrill Is Gone.,RAYE,2022-10-12,24,272373,0.538,0.138,0.742,4.67e-05,0.0934,0.25,-5.355,0.114,96.107,2,4,scared,0.13559322033898305,0.14124293785310735,0.22033898305084745,0.1694915254237288,0.03954802259887006,0.011299435028248588,0.1694915254237288,0.022598870056497175,0.04519774011299435,0.04519774011299435
120,2vwlzO0Qp8kfEtzTsCXfyE,Wrecking Ball,Bangerz (Deluxe Version),Miley Cyrus,2013-10-04,78,221360,0.53,0.407,0.422,0.0,0.107,0.349,-6.262,0.0342,119.964,5,4,scared,0.0,0.0,0.0,0.0,0.0,0.0,0.0,0.0,0.0,0.0
121,1r9xUipOqoNwggBpENDsvJ,Enemy (with JID) - from the series Arcane League of Legends,Enemy (with JID) [from the series Arcane League of Legends],Imagine Dragons,2021-10-28,73,173381,0.728,0.237,0.783,0.0,0.434,0.555,-4.424,0.266,77.011,11,4,scared,0.07647058823529412,0.14705882352941177,0.15294117647058825,0.07647058823529412,0.13529411764705881,0.052941176470588235,0.11764705882352941,0.11764705882352941,0.047058823529411764,0.07647058823529412
122,6wNeKPXF0RDKyvfKfri5hf,Dollhouse,Cry Baby (Deluxe Edition),Melanie Martinez,2015-08-14,72,231853,0.725,0.22,0.708,0.0,0.777,0.555,-5.331,0.0756,130.029,5,4,scared,0.20987654320987653,0.012345679012345678,0.07407407407407407,0.012345679012345678,0.024691358024691357,0.07407407407407407,0.20987654320987653,0.024691358024691357,0.20987654320987653,0.14814814814814814
123,0lUSd7TCG8srh6HpIAEIWL,Power,Glory Days (Expanded Edition),Little Mix,2016-11-18,70,247840,0.566,0.0372,0.855,0.000157,0.181,0.517,-4.016,0.211,172.966,7,4,scared,0.07777777777777778,0.08333333333333333,0.16111111111111112,0.1111111111111111,0.14444444444444443,0.06111111111111111,0.1111111111111111,0.08888888888888889,0.07222222222222222,0.08888888888888889
124,59tskctgqUmjCWAwhzYAFm,Looking at Me,Singular Act II,Sabrina Carpenter,2019-07-19,77,181120,0.681,0.00398,0.798,5.11e-06,0.0542,0.516,-4.367,0.0375,105.99,2,4,scared,0.06578947368421052,0.09210526315789473,0.18421052631578946,0.13157894736842105,0.039473684210526314,0.07894736842105263,0.23684210526315788,0.0,0.11842105263157894,0.05263157894736842
125,5lAnYvAIkSDNXqfo7DyFUm,Ain't Shit,Planet Her,Doja Cat,2021-06-25,73,174253,0.855,0.506,0.488,0.0,0.347,0.619,-4.601,0.208,124.097,3,4,scared,0.057692307692307696,0.057692307692307696,0.2403846153846154,0.057692307692307696,0.18269230769230768,0.0,0.08653846153846154,0.19230769230769232,0.0673076923076923,0.057692307692307696
126,7FGIEAVXfegxngH9Jg6VwA,What A Shame,What A Shame,Leyla Blue,2020-12-09,59,177200,0.699,0.315,0.463,0.0,0.0803,0.565,-7.828,0.475,143.99,0,4,scared,0.013888888888888888,0.1597222222222222,0.2222222222222222,0.1736111111111111,0.013888888888888888,0.027777777777777776,0.09722222222222222,0.1597222222222222,0.08333333333333333,0.04861111111111111
127,360Wr96ywrCQq4kTAJ8Pq6,Pacify Her,Cry Baby (Deluxe Edition),Melanie Martinez,2015-08-14,74,220013,0.576,0.0467,0.593,0.000767,0.237,0.373,-6.024,0.0306,157.993,9,4,scared,0.08602150537634409,0.03225806451612903,0.21505376344086022,0.043010752688172046,0.1827956989247312,0.010752688172043012,0.17204301075268819,0.13978494623655913,0.10752688172043011,0.010752688172043012
128,0Qh38w01QRXK6KHIv0e3hb,What About Us,Beautiful Trauma,P!nk,2017-10-13,73,269600,0.491,0.0281,0.588,2.01e-06,0.0906,0.193,-6.177,0.0506,113.608,1,4,scared,0.0958904109589041,0.0958904109589041,0.0958904109589041,0.1095890410958904,0.0958904109589041,0.0684931506849315,0.1095890410958904,0.0547945205479452,0.1095890410958904,0.1643835616438356
129,198ZUXC5jCr5DiQNlKBiNV,Get Down,Six: The Musical (Studio Cast Recording),SIX,2018-08-31,57,253993,0.898,0.00986,0.406,0.0,0.0509,0.39,-9.905,0.102,102.985,4,4,scared,0.14492753623188406,0.07246376811594203,0.07246376811594203,0.07246376811594203,0.0,0.028985507246376812,0.34782608695652173,0.0,0.2608695652173913,0.0
130,23L5CiUhw2jV1OIMwthR3S,In the Name of Love,In the Name of Love,Martin Garrix,2016-07-29,78,195706,0.501,0.109,0.519,0.0,0.454,0.168,-5.88,0.0409,133.99,4,4,scared,0.021739130434782608,0.13043478260869565,0.14130434782608695,0.09782608695652174,0.08695652173913043,0.03260869565217391,0.2391304347826087,0.043478260869565216,0.1956521739130435,0.010869565217391304
131,4svaKoxMMP7ImmKrD5hfQu,Victoria's Secret,Victoria’s Secret,Jax,2022-06-30,61,175934,0.586,0.00655,0.556,0.0,0.0836,0.517,-7.639,0.0592,167.018,6,4,scared,0.23636363636363636,0.05454545454545454,0.09090909090909091,0.01818181818181818,0.14545454545454545,0.09090909090909091,0.14545454545454545,0.03636363636363636,0.09090909090909091,0.09090909090909091
132,3Jb00jDoYOA7xHq4L2mWpZ,AVA (Sped Up),AVA (Sped Up),Natalie Jane,2022-12-02,40,137594,0.675,0.147,0.477,4.76e-05,0.0864,0.334,-5.684,0.0377,100.748,11,4,scared,0.0,0.0,0.0,0.0,0.0,0.0,0.0,0.0,0.0,0.0
133,78qd8dvwea0Gosb6Fe6j3k,Boss Bitch,Boss Bitch,Doja Cat,2020-01-23,74,134239,0.707,0.127,0.955,0.0,0.202,0.575,-4.593,0.222,125.989,10,4,scared,0.038461538461538464,0.13286713286713286,0.17132867132867133,0.13986013986013987,0.14685314685314685,0.027972027972027972,0.15734265734265734,0.12937062937062938,0.03146853146853147,0.024475524475524476
134,1V6gIisPpYqgFeWbMLI0bA,Heart Attack,Demi,Demi Lovato,2013-01-01,78,210840,0.504,0.0738,0.785,0.0,0.239,0.502,-4.802,0.104,173.968,8,4,scared,0.09090909090909091,0.16233766233766234,0.23376623376623376,0.09090909090909091,0.1038961038961039,0.03896103896103896,0.11038961038961038,0.012987012987012988,0.09090909090909091,0.06493506493506493
135,1ue7zm5TVVvmoQV8lK6K2H,Pretty Girl,Pretty Girl,Maggie Lindemann,2016-09-30,58,219428,0.456,0.298,0.764,0.0,0.229,0.383,-3.584,0.148,124.971,10,5,scared,0.17543859649122806,0.03508771929824561,0.14035087719298245,0.08771929824561403,0.03508771929824561,0.03508771929824561,0.14035087719298245,0.07017543859649122,0.14035087719298245,0.14035087719298245
136,4uqh9bualXNHXXwO2wPorc,Daisies,Daisies,Katy Perry,2020-05-15,53,173123,0.639,0.0837,0.546,0.0,0.122,0.149,-5.382,0.0407,122.179,1,4,scared,0.10204081632653061,0.05102040816326531,0.1326530612244898,0.09183673469387756,0.08163265306122448,0.07142857142857142,0.17346938775510204,0.02040816326530612,0.14285714285714285,0.1326530612244898
137,2YyLNljkMy2viVcXoFGTDY,Tears of Gold,Tears of Gold,Faouzia,2019-11-20,64,176117,0.587,0.128,0.664,0.0,0.323,0.617,-5.698,0.0523,149.957,5,4,scared,0.036036036036036036,0.12612612612612611,0.23423423423423423,0.18018018018018017,0.0990990990990991,0.02702702702702703,0.10810810810810811,0.036036036036036036,0.08108108108108109,0.07207207207207207
138,27rdGxbavYJeBphck5MZAF,Nothing Breaks Like a Heart (feat. Miley Cyrus),Nothing Breaks Like a Heart (feat. Miley Cyrus),Mark Ronson,2018-11-30,69,217466,0.601,0.00987,0.794,1.36e-06,0.388,0.244,-5.844,0.0671,114.066,7,4,scared,0.05844155844155844,0.15584415584415584,0.2077922077922078,0.24025974025974026,0.12987012987012986,0.025974025974025976,0.07142857142857142,0.032467532467532464,0.07142857142857142,0.006493506493506494
139,5r0cOO77xkM5jjHk67Z2Lt,"Baby, I'm Jealous (feat. Doja Cat)",Better Mistakes,Bebe Rexha,2021-05-07,58,175873,0.737,0.0398,0.867,0.0,0.32,0.506,-2.259,0.0458,98.05,11,4,scared,0.04918032786885246,0.0273224043715847,0.22404371584699453,0.02185792349726776,0.1912568306010929,0.0,0.14207650273224043,0.20765027322404372,0.13114754098360656,0.00546448087431694
140,6HU7h9RYOaPRFeh0R3UeAr,deja vu,SOUR,Olivia Rodrigo,2021-05-21,83,215506,0.442,0.584,0.612,5.7e-06,0.37,0.178,-7.222,0.112,180.917,2,4,scared,0.13580246913580246,0.04938271604938271,0.12345679012345678,0.037037037037037035,0.04938271604938271,0.04938271604938271,0.30864197530864196,0.07407407407407407,0.16049382716049382,0.012345679012345678
141,5ajjAnNRh8bxFvaVHzpPjh,Reckless,Reckless,Madison Beer,2021-06-04,71,203384,0.386,0.807,0.426,0.0,0.14,0.261,-6.642,0.0363,180.104,3,3,scared,0.07228915662650602,0.1566265060240964,0.18072289156626506,0.12048192771084337,0.12048192771084337,0.04819277108433735,0.0963855421686747,0.03614457831325301,0.07228915662650602,0.0963855421686747
142,12cZWGf5ZgLcKubEW9mx5q,HOPE,HOPE,NF,2023-02-16,66,264473,0.546,0.396,0.787,0.0,0.0619,0.497,-4.023,0.212,100.559,0,3,scared,0.09174311926605505,0.1743119266055046,0.2018348623853211,0.14678899082568808,0.06422018348623854,0.027522935779816515,0.13761467889908258,0.027522935779816515,0.05504587155963303,0.07339449541284404
143,6IbnUaczZBT34DhaD6S18F,Bubblegum Bitch,Electra Heart (Deluxe),MARINA,2012-04-27,74,154666,0.495,0.000219,0.856,0.0,0.103,0.609,-5.123,0.0311,158.024,0,4,scared,0.02654867256637168,0.06637168141592921,0.17699115044247787,0.13716814159292035,0.14601769911504425,0.05752212389380531,0.13716814159292035,0.04424778761061947,0.16371681415929204,0.04424778761061947
144,59CfNbkERJ3NoTXDvoURjj,Boyfriend,Boyfriend,Dove Cameron,2022-02-11,71,153000,0.345,0.232,0.612,0.0,0.194,0.232,-6.543,0.0608,179.773,7,3,scared,0.11320754716981132,0.11320754716981132,0.11320754716981132,0.07547169811320754,0.07547169811320754,0.09433962264150944,0.22641509433962265,0.03773584905660377,0.09433962264150944,0.05660377358490566
145,5NEbSFTrxg63xy3j7jiQAe,I'm an Albatraoz,I'm an Albatraoz,CDM Project,2019-01-16,22,166000,0.745,0.0895,0.739,0.0037,0.0844,0.612,-9.095,0.0572,128.011,0,4,scared,0.11764705882352941,0.058823529411764705,0.058823529411764705,0.029411764705882353,0.17647058823529413,0.11764705882352941,0.14705882352941177,0.058823529411764705,0.11764705882352941,0.11764705882352941
146,4eWQlBRaTjPPUlzacqEeoQ,Never Be the Same,Camila,Camila Cabello,2018-01-12,75,226973,0.637,0.181,0.713,0.000637,0.137,0.243,-4.333,0.0747,129.923,0,4,scared,0.03571428571428571,0.08035714285714286,0.35714285714285715,0.044642857142857144,0.22321428571428573,0.044642857142857144,0.026785714285714284,0.13392857142857142,0.026785714285714284,0.026785714285714284
147,7k4t7uLgtOxPwTpFmtJNTY,Tusa,Tusa,KAROL G,2019-11-07,72,200960,0.803,0.295,0.715,0.000134,0.0574,0.574,-3.28,0.298,101.085,2,4,scared,0.02857142857142857,0.17142857142857143,0.22857142857142856,0.14285714285714285,0.17142857142857143,0.05714285714285714,0.08571428571428572,0.08571428571428572,0.0,0.02857142857142857
148,5OLcsBO28uWHMzS0EEeZNp,Little Girl Gone,Little Girl Gone,CHINCHILLA,2023-04-21,3,188596,0.706,0.177,0.675,0.0,0.0852,0.516,-6.351,0.237,159.961,1,4,scared,0.06818181818181818,0.1590909090909091,0.25757575757575757,0.08333333333333333,0.1590909090909091,0.10606060606060606,0.045454545454545456,0.05303030303030303,0.007575757575757576,0.06060606060606061
149,4OafepJy2teCjYJbvFE60J,breathin,Sweetener,Ariana Grande,2018-08-17,68,198160,0.568,0.0211,0.656,1.37e-05,0.213,0.364,-5.413,0.0433,100.049,8,4,scared,0.10714285714285714,0.0,0.21428571428571427,0.10714285714285714,0.07142857142857142,0.0,0.21428571428571427,0.07142857142857142,0.0,0.21428571428571427
150,4atLCK41iF1xFDydQ6WliG,PS5,PS5 (Super Pack),salem ilese,2022-07-06,0,152214,0.602,0.0131,0.642,5.33e-06,0.0668,0.54,-5.404,0.211,175.978,2,4,scared,0.09859154929577464,0.07042253521126761,0.15492957746478872,0.09859154929577464,0.028169014084507043,0.09859154929577464,0.15492957746478872,0.056338028169014086,0.1267605633802817,0.11267605633802817
151,7y9iMe8SOB6z3NoHE2OfXl,Bad At Love,hopeless fountain kingdom (Deluxe),Halsey,2017-06-02,23,181279,0.675,0.0604,0.751,0.0,0.0893,0.612,-3.539,0.0296,118.384,0,4,scared,0.022988505747126436,0.1206896551724138,0.16091954022988506,0.12643678160919541,0.13218390804597702,0.022988505747126436,0.10919540229885058,0.15517241379310345,0.09195402298850575,0.05747126436781609
152,6ZtiywT2Qm50a1uR0jlY35,"Sit Still, Look Pretty","Sit Still, Look Pretty",Daya,2016-10-07,33,207761,0.846,0.286,0.734,8.27e-05,0.425,0.717,-3.601,0.108,90.98,2,4,scared,0.1487603305785124,0.12396694214876033,0.1322314049586777,0.09504132231404959,0.024793388429752067,0.028925619834710745,0.1487603305785124,0.012396694214876033,0.14049586776859505,0.1446280991735537
153,7vu0JkJh0ldukEYbTVcqd0,Issues,Nervous System,Julia Michaels,2017-07-28,72,176320,0.728,0.401,0.415,0.0,0.0616,0.455,-6.852,0.0639,114.145,8,4,scared,0.08163265306122448,0.08163265306122448,0.1326530612244898,0.09183673469387756,0.11224489795918367,0.02040816326530612,0.17346938775510204,0.11224489795918367,0.15306122448979592,0.04081632653061224
154,7w3rcy1CrATkUgCoItTbId,Love Lies,"Love, Simon (Original Motion Picture Soundtrack)",Various Artists,2018-03-16,43,201253,0.702,0.108,0.573,0.0,0.114,0.394,-7.748,0.049,143.916,6,4,scared,0.0990990990990991,0.06306306306306306,0.14414414414414414,0.02702702702702703,0.07207207207207207,0.05405405405405406,0.1891891891891892,0.10810810810810811,0.1891891891891892,0.05405405405405406
155,72jCZdH0Lhg93z6Z4hBjgj,I Knew You Were Trouble.,Red,Taylor Swift,2012-10-22,59,217973,0.622,0.00454,0.469,2.25e-06,0.0398,0.679,-6.798,0.0363,77.019,3,4,scared,0.08695652173913043,0.11594202898550725,0.2608695652173913,0.11594202898550725,0.08695652173913043,0.028985507246376812,0.057971014492753624,0.14492753623188406,0.043478260869565216,0.057971014492753624
156,3yOlyBJuViE2YSGn3nVE1K,My Oh My (feat. DaBaby),Romance,Camila Cabello,2019-12-06,72,170746,0.724,0.018,0.491,1.29e-05,0.0887,0.383,-6.024,0.0296,105.046,8,4,scared,0.20192307692307693,0.038461538461538464,0.0673076923076923,0.04807692307692308,0.028846153846153848,0.09615384615384616,0.17307692307692307,0.009615384615384616,0.15384615384615385,0.18269230769230768
157,3nqQXoyQOWXiESFLlDF1hG,Unholy (feat. Kim Petras),Unholy (feat. Kim Petras),Sam Smith,2022-09-22,77,156943,0.719,0.0138,0.454,4.83e-06,0.318,0.224,-7.384,0.0707,131.007,2,4,scared,0.014705882352941176,0.08823529411764706,0.14705882352941177,0.0,0.08823529411764706,0.14705882352941177,0.22058823529411764,0.058823529411764705,0.22058823529411764,0.014705882352941176
158,0yLdNVWF3Srea0uzk55zFn,Flowers,Flowers,Miley Cyrus,2023-01-13,25,200454,0.707,0.0632,0.681,5.15e-06,0.0322,0.646,-4.325,0.0668,117.999,0,4,scared,0.01639344262295082,0.06557377049180328,0.13934426229508196,0.12295081967213115,0.02459016393442623,0.03278688524590164,0.319672131147541,0.00819672131147541,0.26229508196721313,0.00819672131147541
159,5vTPxzm4h2bY9rYyVrGEU5,Really Don't Care,Demi,Demi Lovato,2013-01-01,68,201600,0.706,0.123,0.728,0.0,0.185,0.851,-3.602,0.0852,121.017,7,4,scared,0.0410958904109589,0.1095890410958904,0.2876712328767123,0.1095890410958904,0.1780821917808219,0.0958904109589041,0.0821917808219178,0.0410958904109589,0.0273972602739726,0.0273972602739726
160,3o9kpgkIcffx0iSwxhuNI2,Numb Little Bug,Numb Little Bug,Em Beihold,2022-01-28,67,169237,0.742,0.327,0.527,0.0,0.25,0.638,-6.892,0.0769,84.974,8,4,scared,0.05813953488372093,0.13953488372093023,0.27906976744186046,0.12790697674418605,0.03488372093023256,0.023255813953488372,0.1744186046511628,0.046511627906976744,0.06976744186046512,0.046511627906976744
161,1c8gk2PeTE04A1pIDH9YMk,Rolling in the Deep,21,Adele,2011-01-24,77,228093,0.73,0.138,0.769,0.0,0.0473,0.507,-5.114,0.0298,104.948,8,4,scared,0.0673076923076923,0.08653846153846154,0.18269230769230768,0.20192307692307693,0.038461538461538464,0.07692307692307693,0.14423076923076922,0.038461538461538464,0.10576923076923077,0.057692307692307696
162,6xlOnm5MITIKtixzJW8R0j,DARKSIDE,Wars In A Wonderland,Neoni,2021-08-20,73,168000,0.533,0.31,0.714,1.58e-06,0.0869,0.454,-6.472,0.0608,165.037,7,3,scared,0.0,0.0,0.0,0.0,0.0,0.0,0.0,0.0,0.0,0.0
163,3MoV1UsAJmz64LHqyiRMp0,Say My Name,7,David Guetta,2018-09-14,53,198946,0.703,0.137,0.66,0.0,0.192,0.79,-5.119,0.123,95.031,10,4,scared,0.10344827586206896,0.1103448275862069,0.07586206896551724,0.006896551724137931,0.006896551724137931,0.041379310344827586,0.3586206896551724,0.006896551724137931,0.2896551724137931,0.0
164,6bTbMMEShyGyrcuIwtBlpA,Living Hell,Dolls EP,Bella Poarch,2022-08-12,59,174002,0.729,0.598,0.551,0.0,0.176,0.312,-6.935,0.056,124.044,0,4,scared,0.11363636363636363,0.10606060606060606,0.10606060606060606,0.06818181818181818,0.08333333333333333,0.030303030303030304,0.17424242424242425,0.08333333333333333,0.17424242424242425,0.06060606060606061
165,7uUahoeqGNRMbpdeiLj1rS,Panic Room,Panic Room,Au/Ra,2018-02-09,67,237772,0.495,0.152,0.426,5.65e-06,0.099,0.0636,-9.434,0.0736,97.91,8,4,scared,0.0,0.0,0.0,0.0,0.0,0.0,0.0,0.0,0.0,0.0
166,58HvfVOeJY7lUuCqF0m3ly,MIDDLE OF THE NIGHT,MIDDLE OF THE NIGHT,Elley Duhé,2020-01-10,75,184447,0.41,0.0228,0.611,0.0,0.116,0.0899,-8.271,0.0467,185.727,4,3,scared,0.13636363636363635,0.09090909090909091,0.045454545454545456,0.045454545454545456,0.045454545454545456,0.045454545454545456,0.09090909090909091,0.045454545454545456,0.09090909090909091,0.36363636363636365
167,0yLdNVWF3Srea0uzk55zFn,Flowers,Flowers,Miley Cyrus,2023-01-13,25,200454,0.707,0.0632,0.681,5.15e-06,0.0322,0.646,-4.325,0.0668,117.999,0,4,scared,0.01639344262295082,0.06557377049180328,0.13934426229508196,0.12295081967213115,0.02459016393442623,0.03278688524590164,0.319672131147541,0.00819672131147541,0.26229508196721313,0.00819672131147541
168,4dh34dyav8M5jCN3yidn8Z,Big Weenie,Encore (Deluxe Version),Eminem,2004-11-12,62,266933,0.622,0.242,0.539,0.0,0.107,0.315,-4.331,0.502,173.662,1,4,scared,0.0,0.0,0.0,0.0,0.0,0.0,0.0,0.0,0.0,0.0
169,1KixkQVDUHggZMU9dUobgm,My Head & My Heart,Heaven & Hell,Ava Max,2020-09-18,70,174760,0.614,0.0697,0.934,0.0,0.121,0.436,-3.709,0.07,116.001,9,4,scared,0.0,0.0,0.0,0.0,0.0,0.0,0.0,0.0,0.0,0.0
170,6zBqlhWjEhNyH4Z8eUDzMT,Twinkle Twinkle,Twinkle Twinkle,Leah Kate,2022-06-24,0,156937,0.571,0.0151,0.854,0.0,0.251,0.6,-4.753,0.125,160.035,7,4,scared,0.08695652173913043,0.0,0.0,0.0,0.0,0.0,0.34782608695652173,0.0,0.30434782608695654,0.2608695652173913
171,2tGvwE8GcFKwNdAXMnlbfl,happier,SOUR,Olivia Rodrigo,2021-05-21,82,175933,0.395,0.765,0.443,9.67e-06,0.0839,0.338,-9.72,0.133,168.924,6,3,scared,0.18095238095238095,0.009523809523809525,0.047619047619047616,0.01904761904761905,0.02857142857142857,0.0761904761904762,0.21904761904761905,0.0380952380952381,0.21904761904761905,0.1619047619047619
172,42ydLwx4i5V49RXHOozJZq,Scars To Your Beautiful,Know-It-All (Deluxe),Alessia Cara,2016-03-11,68,230226,0.319,0.0285,0.739,0.0,0.111,0.449,-5.74,0.272,194.169,0,4,scared,0.08108108108108109,0.13513513513513514,0.05405405405405406,0.06306306306306306,0.009009009009009009,0.02702702702702703,0.2972972972972973,0.0,0.25225225225225223,0.08108108108108109
173,3XF5xLJHOQQRbWya6hBp7d,you should see me in a crown,"WHEN WE ALL FALL ASLEEP, WHERE DO WE GO?",Billie Eilish,2019-03-29,76,180952,0.678,0.462,0.533,0.219,0.139,0.323,-10.485,0.186,150.455,4,4,scared,0.09523809523809523,0.19047619047619047,0.14285714285714285,0.07936507936507936,0.031746031746031744,0.015873015873015872,0.12698412698412698,0.031746031746031744,0.1111111111111111,0.1746031746031746
174,04aAxqtGp5pv12UXAg4pkq,Centuries,American Beauty/American Psycho,Fall Out Boy,2015-01-16,79,228360,0.393,0.00359,0.858,0.0,0.102,0.56,-2.868,0.0729,176.042,4,4,scared,0.05172413793103448,0.10344827586206896,0.27586206896551724,0.13793103448275862,0.06896551724137931,0.034482758620689655,0.15517241379310345,0.034482758620689655,0.06896551724137931,0.06896551724137931
175,1y4eb6hmAvsqlDOl3fx9kk,Hot N Cold,One Of The Boys,Katy Perry,2008-06-17,70,220226,0.706,7.73e-05,0.842,0.0,0.0688,0.861,-3.956,0.0417,132.032,7,4,scared,0.04918032786885246,0.12295081967213115,0.2459016393442623,0.09836065573770492,0.10655737704918032,0.09016393442622951,0.10655737704918032,0.00819672131147541,0.09836065573770492,0.07377049180327869
176,1Xi84slp6FryDSCbzq4UCD,Arcade,Arcade,Duncan Laurence,2019-03-07,73,183624,0.459,0.817,0.331,0.00104,0.135,0.271,-12.603,0.0421,72.023,9,3,scared,0.09433962264150944,0.03773584905660377,0.2641509433962264,0.16981132075471697,0.1509433962264151,0.0,0.1320754716981132,0.018867924528301886,0.11320754716981132,0.018867924528301886
177,4TgyIbBZCW0UIwS8eua06z,Hate You,Hate You,Jordi,2022-11-18,51,176540,0.636,0.762,0.473,3.82e-06,0.152,0.399,-8.311,0.0389,87.034,0,4,scared,0.03225806451612903,0.08602150537634409,0.22580645161290322,0.17204301075268819,0.12903225806451613,0.010752688172043012,0.12903225806451613,0.11827956989247312,0.08602150537634409,0.010752688172043012
178,3S8jK1mGzQi24ilFb45DAZ,Lonely (with benny blanco),Justice,Justin Bieber,2021-03-19,74,149189,0.619,0.9,0.241,0.0,0.116,0.0719,-7.102,0.046,79.461,11,4,scared,0.05,0.13333333333333333,0.16666666666666666,0.16666666666666666,0.15,0.03333333333333333,0.06666666666666667,0.16666666666666666,0.03333333333333333,0.03333333333333333
179,3udCid1W2whR6CQrVpsKUh,Cinderella Snapped,Cinderella Snapped,Jax,2023-03-03,53,173103,0.752,0.0193,0.522,0.0,0.105,0.65,-5.993,0.0507,139.936,1,3,scared,0.12790697674418605,0.046511627906976744,0.06976744186046512,0.011627906976744186,0.023255813953488372,0.046511627906976744,0.313953488372093,0.023255813953488372,0.20930232558139536,0.12790697674418605
180,5MAK1nd8R6PWnle1Q1WJvh,I See Red,I See Red,Everybody Loves an Outlaw,2018-10-31,72,230613,0.509,0.00713,0.448,0.0137,0.244,0.221,-7.552,0.0357,156.909,4,3,scared,0.0,0.2,0.3333333333333333,0.1111111111111111,0.2,0.022222222222222223,0.022222222222222223,0.06666666666666667,0.0,0.044444444444444446
181,2Ggr9IfS70wYQacW8nZKPG,labour,labour,Paris Paloma,2023-03-23,71,237744,0.65,0.396,0.574,0.000112,0.354,0.441,-10.3,0.101,83.963,11,4,scared,0.10897435897435898,0.09615384615384616,0.19230769230769232,0.07692307692307693,0.08333333333333333,0.0,0.16666666666666666,0.05128205128205128,0.10897435897435898,0.11538461538461539
182,1zu2GKHPJIsUu80SUJX4H4,Devil Doesn’t Bargain,(Un)Commentary,Alec Benjamin,2022-04-15,69,163613,0.448,0.577,0.606,0.0,0.217,0.483,-4.565,0.0609,121.15,3,4,scared,0.10119047619047619,0.1488095238095238,0.1488095238095238,0.08928571428571429,0.1130952380952381,0.023809523809523808,0.16071428571428573,0.09523809523809523,0.023809523809523808,0.09523809523809523
183,3u1FiuSpfsgVnekEMXgMwJ,"Tag, You're It",Cry Baby (Deluxe Edition),Melanie Martinez,2015-08-14,72,189026,0.559,0.24,0.835,0.019,0.185,0.382,-5.555,0.0424,114.908,5,4,scared,0.08333333333333333,0.041666666666666664,0.1875,0.041666666666666664,0.10416666666666667,0.14583333333333334,0.16666666666666666,0.041666666666666664,0.10416666666666667,0.08333333333333333
184,1P17dC1amhFzptugyAO7Il,Look What You Made Me Do,reputation,Taylor Swift,2017-11-10,79,211853,0.766,0.204,0.709,1.41e-05,0.126,0.506,-6.471,0.123,128.07,9,4,scared,0.09803921568627451,0.09803921568627451,0.1568627450980392,0.09803921568627451,0.13725490196078433,0.0196078431372549,0.09803921568627451,0.11764705882352941,0.0392156862745098,0.13725490196078433
185,0aU73DSJXOwjzMakUhlL9t,Just a Friend,Just a Friend,Jordi,2023-08-25,50,141147,0.785,0.0499,0.653,0.0,0.0899,0.589,-6.464,0.199,89.99,2,4,scared,0.23404255319148937,0.028368794326241134,0.04964539007092199,0.014184397163120567,0.02127659574468085,0.0425531914893617,0.28368794326241137,0.014184397163120567,0.23404255319148937,0.07801418439716312
186,6yARPLK0PV4heEyh7pVMGz,Part Of Me,Teenage Dream: The Complete Confection,Katy Perry,2012-01-01,70,216160,0.666,0.000348,0.922,0.0,0.0867,0.758,-4.645,0.0352,130.007,5,4,scared,0.034482758620689655,0.13793103448275862,0.20689655172413793,0.13793103448275862,0.034482758620689655,0.1724137931034483,0.10344827586206896,0.06896551724137931,0.06896551724137931,0.034482758620689655
187,04ZTP5KsCypmtCmQg5tH9R,I'm a Mess,Expectations,Bebe Rexha,2018-06-22,68,195519,0.63,0.00281,0.694,0.0,0.0719,0.216,-6.257,0.0253,97.005,11,4,scared,0.10852713178294573,0.015503875968992248,0.08527131782945736,0.015503875968992248,0.007751937984496124,0.07751937984496124,0.26356589147286824,0.06976744186046512,0.26356589147286824,0.09302325581395349
188,2qxmye6gAegTMjLKEBoR3d,Let Me Down Slowly,Narrated For You,Alec Benjamin,2018-11-16,83,169353,0.652,0.74,0.557,0.0,0.124,0.483,-5.714,0.0318,150.073,1,4,scared,0.07518796992481203,0.10526315789473684,0.20300751879699247,0.17293233082706766,0.05263157894736842,0.05263157894736842,0.14285714285714285,0.06766917293233082,0.09022556390977443,0.03759398496240601
189,3k79jB4aGmMDUQzEwa46Rz,vampire,vampire,Olivia Rodrigo,2023-06-30,16,219724,0.484,0.148,0.53,0.0,0.283,0.319,-5.82,0.054,136.874,5,4,scared,0.06956521739130435,0.1391304347826087,0.19130434782608696,0.12173913043478261,0.12173913043478261,0.017391304347826087,0.10434782608695652,0.13043478260869565,0.06956521739130435,0.034782608695652174
190,6cPh0IceWYeMEeYmbSgIMG,Pretty Distraction,Pretty Distraction,SkyDxddy,2023-09-08,54,175813,0.468,0.113,0.45,0.0,0.089,0.448,-7.981,0.0322,172.038,6,3,scared,0.08,0.12,0.14666666666666667,0.05333333333333334,0.12,0.04,0.2,0.08,0.12,0.04
191,2IGMVunIBsBLtEQyoI1Mu7,Paint The Town Red,Paint The Town Red,Doja Cat,2023-08-04,79,231750,0.868,0.269,0.538,3.34e-06,0.0901,0.732,-8.603,0.174,99.968,5,4,scared,0.04150943396226415,0.1509433962264151,0.18490566037735848,0.12830188679245283,0.16226415094339622,0.026415094339622643,0.07924528301886792,0.12830188679245283,0.03773584905660377,0.06037735849056604
192,2gyxAWHebV7xPYVxqoi86f,get him back!,GUTS,Olivia Rodrigo,2023-09-08,76,211141,0.553,0.0143,0.847,0.0,0.561,0.733,-5.736,0.187,162.024,5,4,scared,0.06190476190476191,0.1523809523809524,0.2,0.14761904761904762,0.0761904761904762,0.07142857142857142,0.09047619047619047,0.05714285714285714,0.07142857142857142,0.07142857142857142
193,4kkeuVl6gF3RMqE4Nn5W3E,E.T.,Teenage Dream,Katy Perry,2010-01-01,64,206373,0.603,0.0178,0.863,0.0,0.389,0.731,-5.423,0.0773,150.054,5,4,scared,0.06748466257668712,0.1411042944785276,0.2392638036809816,0.09202453987730061,0.04294478527607362,0.049079754601226995,0.09815950920245399,0.12269938650306748,0.06748466257668712,0.07975460122699386
194,0XqQxKtAdYbOC8OVIjWLZD,Dancing With The Devil,Dancing With The Devil…The Art of Starting Over,Demi Lovato,2021-04-02,47,243992,0.413,0.273,0.64,0.0,0.11,0.149,-5.811,0.0427,75.245,8,4,scared,0.04838709677419355,0.12903225806451613,0.1935483870967742,0.11290322580645161,0.12096774193548387,0.03225806451612903,0.06451612903225806,0.12096774193548387,0.03225806451612903,0.14516129032258066
195,0pXUVMtPaFDghiBgDs6U1f,My Problem,My Problem,Jordi,2023-10-27,48,146932,0.798,0.243,0.583,0.0,0.151,0.737,-5.547,0.0989,74.476,0,4,scared,0.0,0.24444444444444444,0.3333333333333333,0.24444444444444444,0.08888888888888889,0.0,0.0,0.08888888888888889,0.0,0.0
196,3QSjVPObHxuAJc3E5nrjRn,VILLAIN,ALL OUT,K/DA,2020-11-06,68,199125,0.653,0.0232,0.634,0.0,0.0908,0.306,-5.875,0.0391,160.013,5,4,scared,0.0,0.0,0.0,0.0,0.0,0.0,0.5,0.0,0.5,0.0
197,63mdJr3NMY3wReOkNE6c6W,People You Know,Rare,Selena Gomez,2020-01-10,73,194900,0.695,0.0881,0.62,5.43e-05,0.111,0.619,-8.082,0.0521,150.032,8,4,scared,0.05263157894736842,0.13157894736842105,0.21052631578947367,0.13157894736842105,0.13157894736842105,0.05263157894736842,0.05263157894736842,0.13157894736842105,0.05263157894736842,0.05263157894736842
198,6dgUya35uo964z7GZXM07g,Nonsense,emails i can't send,Sabrina Carpenter,2022-07-15,87,163648,0.74,0.0268,0.697,0.0,0.224,0.732,-4.912,0.034,138.992,8,4,scared,0.07446808510638298,0.06382978723404255,0.19148936170212766,0.07446808510638298,0.06382978723404255,0.10638297872340426,0.14893617021276595,0.06382978723404255,0.13829787234042554,0.07446808510638298
199,7aonAWn0J0AJ47ZU9WHCXC,INFERNO,INFERNO,Sub Urban,2021-08-13,59,133133,0.82,0.0766,0.611,2.5e-05,0.0684,0.637,-5.02,0.122,127.883,9,4,scared,0.0,0.0,0.0,0.0,0.0,0.0,0.0,0.0,0.0,0.0
200,0H7Wdgn1C7vFy4z0o2kBUZ,japan,japan,Yot Club,2019-03-28,61,174935,0.639,0.086,0.82,0.939,0.207,0.369,-6.782,0.0448,165.895,5,4,scared,0.0821917808219178,0.0,0.1232876712328767,0.0273972602739726,0.0273972602739726,0.0410958904109589,0.3424657534246575,0.0273972602739726,0.2191780821917808,0.1095890410958904
201,1tuSpba0RXUMubHpAOWlMN,You and I,Petals to Thorns,d4vd,2023-05-26,71,152551,0.469,0.135,0.909,0.000164,0.453,0.333,-6.726,0.0389,90.222,10,4,scared,0.09523809523809523,0.19047619047619047,0.2857142857142857,0.19047619047619047,0.047619047619047616,0.0,0.047619047619047616,0.0,0.047619047619047616,0.09523809523809523
202,3b1WgrrZodxXASonmXLqTS,Rehab,The Lost Petals,d4vd,2023-09-08,50,251941,0.366,0.00382,0.798,0.0,0.111,0.761,-4.371,0.0646,119.921,1,4,scared,0.04878048780487805,0.07317073170731707,0.17073170731707318,0.17073170731707318,0.07317073170731707,0.07317073170731707,0.17073170731707318,0.024390243902439025,0.12195121951219512,0.07317073170731707
203,32GHYtVVAsYNQGafHrrRxv,Take Me To The Sun,Take Me To The Sun,d4vd,2022-05-09,64,166996,0.446,8.24e-06,0.734,0.0492,0.564,0.545,-9.75,0.0374,178.182,6,4,scared,0.17647058823529413,0.0,0.011764705882352941,0.03529411764705882,0.0,0.1411764705882353,0.21176470588235294,0.0,0.21176470588235294,0.21176470588235294
204,7hQmgR3ssV8Racno82rkB1,lungs,so close to ok,Max Fry,2023-08-25,53,121617,0.383,0.0477,0.885,0.121,0.0932,0.398,-7.192,0.0517,90.133,10,4,scared,0.07407407407407407,0.12345679012345678,0.19753086419753085,0.13580246913580246,0.09876543209876543,0.037037037037037035,0.1111111111111111,0.1111111111111111,0.04938271604938271,0.06172839506172839
205,3VIJBrMpvimHEw5wtPh2wB,Money,Portamento,The Drums,2011-01-01,73,233639,0.603,0.216,0.918,0.146,0.284,0.452,-6.652,0.0641,102.473,4,4,scared,0.1927710843373494,0.0,0.07228915662650602,0.006024096385542169,0.12650602409638553,0.12048192771084337,0.1746987951807229,0.012048192771084338,0.1746987951807229,0.12048192771084337
206,0UqwIL59AsdSTdmewiWXvj,Tic,Tic,No Buses,2018-05-05,32,138997,0.517,0.22,0.911,0.00276,0.35,0.756,-5.496,0.0544,175.241,1,4,scared,0.05194805194805195,0.1038961038961039,0.2857142857142857,0.025974025974025976,0.15584415584415584,0.14285714285714285,0.09090909090909091,0.0,0.03896103896103896,0.1038961038961039
207,09fNyeCFUbrTor4DY7kX2b,Pretty Old Man,Boys Missed The Bus,No Buses,2019-04-15,43,159623,0.576,0.0586,0.774,2.66e-05,0.0428,0.904,-3.87,0.054,123.959,0,4,scared,0.0,0.058823529411764705,0.17647058823529413,0.35294117647058826,0.058823529411764705,0.0,0.11764705882352941,0.058823529411764705,0.0,0.17647058823529413
208,7yNf9YjeO5JXUE3JEBgnYc,Babydoll,"Don't Forget About Me, Demos",Dominic Fike,2018-10-16,81,97960,0.762,0.114,0.604,0.0,0.0271,0.847,-5.296,0.11,168.007,7,4,scared,0.075,0.025,0.175,0.05,0.025,0.05,0.175,0.025,0.325,0.075
209,2Lumsra3kuU61wXkEKzKaK,Disco,Disco,Surf Curse,2019-06-12,85,152760,0.473,0.0253,0.621,0.000366,0.19,0.782,-8.698,0.0291,173.083,11,4,scared,0.041666666666666664,0.125,0.375,0.125,0.041666666666666664,0.0,0.041666666666666664,0.0,0.0,0.25
210,3SAga35lAPYdjj3qyfEsCF,Feel It - From The Original Series “Invincible”,Feel It (From The Original Series “Invincible”),d4vd,2024-03-28,79,157974,0.565,0.0288,0.593,0.0,0.215,0.429,-5.864,0.0883,120.509,8,4,scared,0.0875,0.08125,0.125,0.1,0.04375,0.075,0.1875,0.03125,0.16875,0.1
211,0IxDs5fNQvQXm4fKbrZwe9,dark out,dark out,Max Fry,2023-06-05,54,145696,0.328,0.00102,0.931,0.18,0.391,0.379,-5.687,0.0832,174.905,1,4,scared,0.0425531914893617,0.2127659574468085,0.23404255319148937,0.2553191489361702,0.06382978723404255,0.0425531914893617,0.0425531914893617,0.0,0.0425531914893617,0.06382978723404255
212,3aI2wWEeNmtYDvsAyJahyi,Next Exit,No Place Like Home,Vacations,2024-01-12,65,201000,0.457,0.000309,0.775,0.818,0.674,0.793,-7.125,0.0364,80.049,2,4,scared,0.19444444444444445,0.0,0.19444444444444445,0.1111111111111111,0.027777777777777776,0.05555555555555555,0.1388888888888889,0.0,0.05555555555555555,0.2222222222222222
213,2xkCK64mVslpApVL7i6Mxj,Heart Racing,Heart Racing,Kanii,2023-05-19,64,156106,0.818,0.034,0.803,2.59e-05,0.222,0.692,-6.755,0.0996,119.988,11,4,scared,0.08108108108108109,0.02702702702702703,0.1891891891891892,0.10810810810810811,0.08108108108108109,0.0,0.21621621621621623,0.0,0.13513513513513514,0.16216216216216217
214,7DbdUf8aHSYoliSjO6LZv6,"Sex, Drugs, Etc.",Chit Chat,Beach Weather,2016-11-04,74,196784,0.572,0.013,0.839,0.00976,0.522,0.465,-5.083,0.0377,143.969,4,4,scared,0.06451612903225806,0.03225806451612903,0.25806451612903225,0.3225806451612903,0.0,0.03225806451612903,0.16129032258064516,0.0,0.0967741935483871,0.03225806451612903
215,5XeFesFbtLpXzIVDNQP22n,I Wanna Be Yours,AM,Arctic Monkeys,2013-09-09,90,183956,0.464,0.136,0.417,0.022,0.0974,0.479,-9.345,0.0256,67.528,0,4,scared,0.0,0.3162393162393162,0.3418803418803419,0.29914529914529914,0.008547008547008548,0.0,0.017094017094017096,0.0,0.0,0.017094017094017096
216,2AYEOC02WLhUiOoaig2SEH,Out of My League,More Than Just a Dream (Deluxe Edition),Fitz and The Tantrums,2013-05-07,73,209386,0.545,0.0387,0.968,0.00325,0.331,0.527,-3.553,0.0853,169.965,9,4,scared,0.23529411764705882,0.08823529411764706,0.08823529411764706,0.08823529411764706,0.0,0.0,0.29411764705882354,0.0,0.11764705882352941,0.08823529411764706
217,5ruzrDWcT0vuJIOMW7gMnW,The Adults Are Talking,The New Abnormal,The Strokes,2020-04-10,78,309053,0.593,0.0113,0.749,0.106,0.314,0.649,-5.67,0.0475,164.959,5,4,scared,0.0,0.06451612903225806,0.3548387096774194,0.16129032258064516,0.1935483870967742,0.0,0.12903225806451613,0.0967741935483871,0.0,0.0
218,6QeYSvYqYUsfBzsApbjDHO,Cigarettes out the Window,Who Really Cares,TV Girl,2016-02-25,84,198960,0.625,0.12,0.659,0.0,0.17,0.594,-5.669,0.0337,113.551,0,4,scared,0.0,0.07692307692307693,0.23076923076923078,0.15384615384615385,0.07692307692307693,0.15384615384615385,0.07692307692307693,0.07692307692307693,0.07692307692307693,0.07692307692307693
219,2tznHmp70DxMyr2XhWLOW0,Cigarette Daydreams,Melophobia,Cage The Elephant,2013-10-08,79,208760,0.636,0.0807,0.676,0.0,0.0831,0.273,-3.442,0.0263,113.98,2,4,scared,0.10416666666666667,0.14583333333333334,0.10416666666666667,0.0625,0.0,0.020833333333333332,0.3541666666666667,0.0,0.10416666666666667,0.10416666666666667
220,0yc6Gst2xkRu0eMLeRMGCX,Apocalypse,Cigarettes After Sex,Cigarettes After Sex,2017-06-09,87,290616,0.369,0.0205,0.468,0.566,0.109,0.18,-9.013,0.0273,94.434,5,4,scared,0.0,0.10638297872340426,0.10638297872340426,0.1702127659574468,0.02127659574468085,0.02127659574468085,0.2765957446808511,0.0,0.2765957446808511,0.02127659574468085
221,1FWsomP9StpCcXNWmJk8Cl,K.,Cigarettes After Sex,Cigarettes After Sex,2017-06-09,82,320030,0.454,0.14,0.401,0.837,0.136,0.319,-10.251,0.0264,93.703,3,4,scared,0.04,0.0,0.32,0.16,0.04,0.2,0.08,0.04,0.08,0.04
222,3p4hRhMcb6ch8OLtATMaLw,Cry,Cry,Cigarettes After Sex,2019-10-25,84,256799,0.408,0.758,0.398,0.654,0.112,0.165,-10.448,0.0277,142.834,7,4,scared,0.19444444444444445,0.027777777777777776,0.1388888888888889,0.1111111111111111,0.0,0.027777777777777776,0.25,0.0,0.08333333333333333,0.16666666666666666
223,0SpkyS1Q4MD8GaVcP5YjT4,Sunsetz,Cigarettes After Sex,Cigarettes After Sex,2017-06-09,83,215150,0.41,0.0561,0.48,0.814,0.0972,0.129,-9.417,0.0294,75.303,9,4,scared,0.14285714285714285,0.047619047619047616,0.2857142857142857,0.047619047619047616,0.0,0.09523809523809523,0.14285714285714285,0.0,0.14285714285714285,0.09523809523809523
224,4TVsTKQVeC99tCjfRKLeob,white tee,crybaby,Lil Peep,2016-06-10,15,132226,0.8,0.285,0.526,0.0,0.0717,0.729,-8.909,0.0416,149.991,11,4,scared,0.07589285714285714,0.05357142857142857,0.11607142857142858,0.05357142857142857,0.05357142857142857,0.044642857142857144,0.24107142857142858,0.08035714285714286,0.22321428571428573,0.05803571428571429
225,186bb3vDk1yzNK5u3e7h7O,your favorite dress,CASTLES II,Lil Peep,2021-07-02,1,177386,0.494,0.0814,0.628,0.0,0.111,0.101,-7.615,0.0541,129.966,7,3,scared,0.06746031746031746,0.05952380952380952,0.05952380952380952,0.023809523809523808,0.023809523809523808,0.1349206349206349,0.23412698412698413,0.027777777777777776,0.2222222222222222,0.14682539682539683
226,64PgpLHuQK3UJ5qZ875Vei,Save That Shit,"Come Over When You're Sober, Pt. 1",Lil Peep,2017-08-15,21,231546,0.534,0.0262,0.583,0.0,0.421,0.145,-8.672,0.0288,106.0,2,4,scared,0.07547169811320754,0.0660377358490566,0.1792452830188679,0.09433962264150944,0.10377358490566038,0.0,0.1792452830188679,0.10377358490566038,0.1792452830188679,0.018867924528301886
227,6Ox1rvlwEpB49drasQm6RF,Star Shopping,Star Shopping,Lil Peep,2015,23,142000,0.538,0.0946,0.471,0.0185,0.116,0.307,-9.84,0.0955,93.07,4,4,scared,0.12,0.0,0.04,0.02,0.06,0.04,0.4,0.02,0.16,0.14
228,2GiJYvgVaD2HtM8GqD9EgQ,Electric Love,Dopamine,BØRNS,2015-10-16,76,218106,0.611,0.00543,0.797,0.00137,0.26,0.518,-7.627,0.0533,120.041,6,4,scared,0.011494252873563218,0.06896551724137931,0.04597701149425287,0.034482758620689655,0.04597701149425287,0.14942528735632185,0.3103448275862069,0.011494252873563218,0.2988505747126437,0.022988505747126436
229,0UV5zxRMz6AO4ZwUOZNIKI,Where'd All the Time Go?,"Shame, Shame (Deluxe Edition)",Dr. Dog,2010-11-02,77,234800,0.454,0.132,0.82,0.000969,0.115,0.575,-4.193,0.0567,166.303,2,4,scared,0.0,0.030303030303030304,0.30303030303030304,0.21212121212121213,0.030303030303030304,0.030303030303030304,0.12121212121212122,0.15151515151515152,0.06060606060606061,0.06060606060606061
230,0JIMT9gzLIIz0esKLyjbKf,Telephones,Changes,Vacations,2018,80,212432,0.526,0.00283,0.447,0.0301,0.109,0.183,-9.268,0.0274,74.995,2,4,scared,0.0,0.0,0.3333333333333333,0.3333333333333333,0.0,0.0,0.3333333333333333,0.0,0.0,0.0
231,6dBUzqjtbnIa1TwYbyw5CM,Lovers Rock,French Exit,TV Girl,2014-06-05,86,213920,0.559,7.53e-06,0.871,0.00545,0.096,0.572,-5.338,0.0397,104.97,5,4,scared,0.039473684210526314,0.013157894736842105,0.17105263157894737,0.11842105263157894,0.0,0.14473684210526316,0.19736842105263158,0.02631578947368421,0.17105263157894737,0.11842105263157894
232,5RBOcBpJXaNnHCGViJmYhh,The Perfect Girl,The Perfect Girl,Mareux,2021-12-08,76,194423,0.485,0.000872,0.89,0.818,0.102,0.258,-5.992,0.0911,128.881,8,4,scared,0.1,0.0,0.3,0.3,0.0,0.0,0.2,0.0,0.1,0.0
233,7sIx70dGj3VBiHWr0KZXfD,Blondie,Wild Heart,Current Joys,2013-01-02,75,194733,0.776,0.622,0.626,0.899,0.086,0.866,-12.561,0.0396,122.072,6,4,scared,0.10465116279069768,0.10465116279069768,0.13953488372093023,0.046511627906976744,0.05813953488372093,0.03488372093023256,0.23255813953488372,0.05813953488372093,0.18604651162790697,0.03488372093023256
234,0mflMxspEfB0VbI1kyLiAv,Stick Season,Stick Season,Noah Kahan,2022-10-14,88,182346,0.664,0.799,0.5,0.0,0.0966,0.801,-6.935,0.0651,117.896,9,4,scared,0.03571428571428571,0.13095238095238096,0.23809523809523808,0.16666666666666666,0.11904761904761904,0.07142857142857142,0.07142857142857142,0.05952380952380952,0.07142857142857142,0.03571428571428571
235,0b6xZk9f96N77BfmYWnQNC,Mama's Boy,Sunburn,Dominic Fike,2023-07-07,72,155721,0.807,0.15,0.354,0.713,0.186,0.602,-7.554,0.0321,78.964,9,4,scared,0.0,0.0,0.3953488372093023,0.023255813953488372,0.0,0.023255813953488372,0.06976744186046512,0.37209302325581395,0.09302325581395349,0.023255813953488372
236,58ge6dfP91o9oXMzq3XkIS,505,Favourite Worst Nightmare (Standard Version),Arctic Monkeys,2007-04-24,79,253586,0.52,0.00237,0.852,5.79e-05,0.0733,0.234,-5.866,0.0543,140.267,0,4,scared,0.09615384615384616,0.038461538461538464,0.19230769230769232,0.038461538461538464,0.07692307692307693,0.07692307692307693,0.15384615384615385,0.07692307692307693,0.09615384615384616,0.15384615384615385
237,1170VohRSx6GwE6QDCHPPH,Kilby Girl,When We Were Friends,The Backseat Lovers,2019-01-27,71,282205,0.329,0.0578,0.444,0.0352,0.113,0.225,-9.973,0.0417,162.279,1,4,scared,0.04878048780487805,0.12195121951219512,0.24390243902439024,0.07317073170731707,0.12195121951219512,0.0,0.12195121951219512,0.1951219512195122,0.07317073170731707,0.0
238,7EkWXAI1wn8Ii883ecd9xr,Freaks,Freaks,Surf Curse,2021-05-15,84,147062,0.345,3.84e-05,0.941,0.633,0.0511,0.407,-9.918,0.0466,179.626,9,4,scared,0.15384615384615385,0.07692307692307693,0.23076923076923078,0.23076923076923078,0.0,0.0,0.0,0.0,0.0,0.3076923076923077
239,1Ph96WpdjNlwD6iKRE2Xa3,More Than Friends,More Than Friends,Aidan Bissett,2020-09-26,61,183012,0.559,0.58,0.655,0.000155,0.124,0.667,-6.792,0.051,160.016,6,4,scared,0.07692307692307693,0.11538461538461539,0.19230769230769232,0.07692307692307693,0.07692307692307693,0.07692307692307693,0.15384615384615385,0.038461538461538464,0.07692307692307693,0.11538461538461539
240,0QZ5yyl6B6utIWkxeBDxQN,The Night We Met,Strange Trails,Lord Huron,2015-04-07,78,208211,0.545,0.969,0.366,0.267,0.641,0.1,-9.51,0.0378,86.997,2,3,scared,0.0,0.3157894736842105,0.3157894736842105,0.21052631578947367,0.05263157894736842,0.0,0.05263157894736842,0.05263157894736842,0.0,0.0
241,1A3tuE6ti9qoZDwB3LB0t2,I Think I Like When It Rains,Locals 2,WILLIS,2017-06-12,69,278293,0.622,0.0401,0.455,0.0,0.0957,0.274,-7.116,0.0282,124.412,9,4,scared,0.11428571428571428,0.05714285714285714,0.2,0.02857142857142857,0.14285714285714285,0.02857142857142857,0.11428571428571428,0.05714285714285714,0.05714285714285714,0.2
242,7MfNoHB8JRNbSQ8P3eAfMQ,T-Shirt Weather,Young Chasers (Deluxe),Circa Waves,2015-03-30,60,192120,0.421,0.00145,0.95,1.1e-05,0.245,0.472,-4.603,0.0662,160.02,4,4,scared,0.06666666666666667,0.0,0.2,0.06666666666666667,0.06666666666666667,0.06666666666666667,0.2,0.06666666666666667,0.13333333333333333,0.13333333333333333
243,3EaJDYHA0KnX88JvDhL9oa,Dark Red,Dark Red,Steve Lacy,2017-02-20,85,173104,0.603,0.446,0.784,8.32e-06,0.119,0.769,-4.023,0.062,172.041,6,4,scared,0.08974358974358974,0.07692307692307693,0.14102564102564102,0.11538461538461539,0.0641025641025641,0.05128205128205128,0.16666666666666666,0.0641025641025641,0.1282051282051282,0.10256410256410256
244,7zwn1eykZtZ5LODrf7c0tS,You Get Me So High,Hard To Imagine The Neighbourhood Ever Changing,The Neighbourhood,2018-11-02,82,153000,0.551,0.186,0.881,0.0791,0.152,0.387,-6.099,0.0542,88.036,7,4,scared,0.07575757575757576,0.10606060606060606,0.16666666666666666,0.13636363636363635,0.045454545454545456,0.030303030303030304,0.12121212121212122,0.015151515151515152,0.045454545454545456,0.25757575757575757
245,6IPwKM3fUUzlElbvKw2sKl,we fell in love in october,we fell in love in october / October Passed Me By,girl in red,2018-11-21,86,184153,0.566,0.113,0.366,0.181,0.155,0.237,-12.808,0.028,129.96,7,4,scared,0.06896551724137931,0.0,0.1724137931034483,0.13793103448275862,0.0,0.0,0.27586206896551724,0.0,0.27586206896551724,0.06896551724137931
246,3pyyGVqWvRMq43qtJBzxe0,Kids,Kids,Current Joys,2015-03-08,74,269142,0.828,0.508,0.66,0.403,0.0755,0.904,-9.669,0.0337,113.45,6,4,scared,0.0,0.2222222222222222,0.2222222222222222,0.1111111111111111,0.1111111111111111,0.1111111111111111,0.0,0.1111111111111111,0.0,0.1111111111111111
247,1xK59OXxi2TAAAbmZK0kBL,Romantic Homicide,Romantic Homicide,d4vd,2022-07-20,85,132630,0.571,0.453,0.544,0.00805,0.322,0.216,-10.613,0.0299,132.052,6,4,scared,0.1,0.05,0.2,0.2,0.05,0.0,0.15,0.1,0.1,0.05
248,3IznIgmXtrUaoPWpQTy5jB,Not Allowed,Who Really Cares,TV Girl,2016-02-25,84,167864,0.67,0.669,0.905,0.000227,0.349,0.563,-6.855,0.129,104.965,1,4,scared,0.15723270440251572,0.05660377358490566,0.08176100628930817,0.05660377358490566,0.012578616352201259,0.11949685534591195,0.20754716981132076,0.03773584905660377,0.13836477987421383,0.1320754716981132
249,1KIJclzEbNhSVw8tiHPWwE,Young,Vibes,Vacations,2016,78,189160,0.498,0.00392,0.81,0.00717,0.0635,0.594,-4.065,0.0263,79.935,7,4,scared,0.09259259259259259,0.05555555555555555,0.14814814814814814,0.027777777777777776,0.05555555555555555,0.10185185185185185,0.2037037037037037,0.018518518518518517,0.14814814814814814,0.14814814814814814
250,6HJxxqHWMdidwTVZmZWeHU,New Flesh,Wild Heart,Current Joys,2013-01-02,72,167986,0.62,0.887,0.594,0.5,0.0917,0.698,-16.066,0.0383,165.861,9,4,scared,0.0,0.1388888888888889,0.3333333333333333,0.25,0.08333333333333333,0.08333333333333333,0.0,0.08333333333333333,0.0,0.027777777777777776
251,5E30LdtzQTGqRvNd7l6kG5,Daddy Issues,Wiped Out!,The Neighbourhood,2015-10-30,84,260173,0.588,0.0678,0.521,0.149,0.123,0.337,-9.461,0.0329,85.012,10,4,scared,0.0625,0.14583333333333334,0.22916666666666666,0.16666666666666666,0.0625,0.020833333333333332,0.14583333333333334,0.041666666666666664,0.0625,0.0625
252,39sDitIeCMrVX2QyXHY46t,Blue Hair,Death of a Party Girl,TV Girl,2018-05-08,82,217000,0.751,0.554,0.72,0.0497,0.258,0.884,-6.376,0.0303,135.73,4,4,scared,0.10526315789473684,0.02631578947368421,0.10526315789473684,0.18421052631578946,0.05263157894736842,0.10526315789473684,0.13157894736842105,0.07894736842105263,0.13157894736842105,0.07894736842105263
253,7wCmS9TTVUcIhRalDYFgPy,Where Is My Mind? - 2007 Remaster,Surfer Rosa (2007 Remaster),Pixies,1988-03-21,76,234973,0.519,0.0204,0.441,0.000453,0.076,0.25,-14.178,0.0353,81.334,4,4,scared,0.2,0.1,0.25,0.1,0.0,0.15,0.1,0.1,0.0,0.0
254,7H0ya83CMmgFcOhw0UB6ow,Space Song,Depression Cherry,Beach House,2015-08-28,76,320466,0.508,0.229,0.792,0.124,0.145,0.601,-7.311,0.0297,147.067,0,4,scared,0.05660377358490566,0.03773584905660377,0.37735849056603776,0.37735849056603776,0.018867924528301886,0.018867924528301886,0.05660377358490566,0.0,0.05660377358490566,0.0
255,4VqEUmMjhbj6w7g5EVKILE,castles,castles,Lil Peep,2016-07-04,72,144906,0.574,0.0515,0.785,0.0,0.169,0.429,-5.189,0.0463,135.042,3,4,scared,0.07207207207207207,0.18018018018018017,0.17117117117117117,0.13513513513513514,0.05405405405405406,0.04504504504504504,0.09009009009009009,0.04504504504504504,0.07207207207207207,0.13513513513513514
256,2YSzYUF3jWqb9YP9VXmpjE,IDGAF (feat. Yeat),For All The Dogs,Drake,2023-10-06,77,260111,0.673,0.0466,0.672,0.000284,0.193,0.14,-8.577,0.224,136.902,8,4,scared,0.07878787878787878,0.09090909090909091,0.13333333333333333,0.09090909090909091,0.11515151515151516,0.048484848484848485,0.15151515151515152,0.05454545454545454,0.10303030303030303,0.13333333333333333
257,2R4AlwtrrkMaRKojcTIzmL,For the First Time,This Old Dog,Mac DeMarco,2017-05-05,80,182306,0.551,0.296,0.529,0.0093,0.178,0.521,-10.469,0.0517,75.515,5,4,scared,0.11627906976744186,0.046511627906976744,0.11627906976744186,0.06976744186046512,0.046511627906976744,0.046511627906976744,0.11627906976744186,0.046511627906976744,0.11627906976744186,0.27906976744186046
258,7s5VQqrjBtrBgZL4pEa46S,Romantic Lover,Let's Skip to the Wedding,Eyedress,2020-08-07,80,86739,0.658,0.701,0.447,0.924,0.198,0.538,-9.299,0.0869,184.316,9,4,scared,0.22727272727272727,0.0,0.0,0.0,0.0,0.0,0.2727272727272727,0.0,0.2727272727272727,0.22727272727272727
259,3zksbXteOCeSusJ5Xltr3t,Bubble Gum,Bubble Gum,Clairo,2019-02-22,75,175960,0.509,0.979,0.0167,2.72e-05,0.387,0.229,-24.639,0.115,207.97,9,3,scared,0.15217391304347827,0.043478260869565216,0.08695652173913043,0.043478260869565216,0.021739130434782608,0.08695652173913043,0.1956521739130435,0.021739130434782608,0.17391304347826086,0.17391304347826086
260,11iIikXxC6NP0Ma8vMD27x,Alien Blues,Gawk,Vundabar,2015-07-24,78,155933,0.467,0.0807,0.757,0.908,0.0876,0.433,-5.093,0.033,82.282,3,4,scared,0.05,0.125,0.2,0.1,0.05,0.05,0.125,0.15,0.075,0.075
261,7svpAkwc6xaSxlbZ7V7JiS,i was all over her,melanchole,salvia palth,2014-07-01,27,161462,0.529,0.788,0.353,0.853,0.116,0.0601,-12.835,0.0292,104.557,7,4,scared,0.0,0.23076923076923078,0.23076923076923078,0.15384615384615385,0.07692307692307693,0.07692307692307693,0.07692307692307693,0.07692307692307693,0.07692307692307693,0.0
262,7EAMXbLcL0qXmciM5SwMh2,Heart To Heart,Here Comes The Cowboy,Mac DeMarco,2019-05-10,81,211140,0.901,0.667,0.136,0.354,0.109,0.643,-16.127,0.102,150.076,8,4,scared,0.0,0.0,0.16666666666666666,0.16666666666666666,0.0,0.0,0.0,0.0,0.0,0.6666666666666666
263,45ROR8UMn60YEVQnDy0uVF,Juliet,Animal Kingdom,Cavetown,2019-04-12,71,278991,0.546,0.00346,0.586,0.00114,0.0562,0.364,-8.488,0.0313,131.778,6,4,scared,0.07017543859649122,0.19298245614035087,0.2631578947368421,0.12280701754385964,0.12280701754385964,0.017543859649122806,0.05263157894736842,0.07017543859649122,0.05263157894736842,0.03508771929824561
264,4KULAymBBJcPRpk1yO4dOG,I Remember Everything (feat. Kacey Musgraves),Zach Bryan,Zach Bryan,2023-08-25,87,227195,0.429,0.554,0.453,2e-06,0.102,0.155,-7.746,0.0459,77.639,0,4,scared,0.10204081632653061,0.05102040816326531,0.19387755102040816,0.08163265306122448,0.061224489795918366,0.09183673469387756,0.15306122448979592,0.030612244897959183,0.11224489795918367,0.12244897959183673
265,3WMj8moIAXJhHsyLaqIIHI,Something in the Orange,Something in the Orange,Zach Bryan,2022-04-22,86,228013,0.369,0.555,0.192,8.35e-06,0.0954,0.148,-12.151,0.04,175.212,4,3,scared,0.03076923076923077,0.13846153846153847,0.18461538461538463,0.15384615384615385,0.12307692307692308,0.06153846153846154,0.07692307692307693,0.12307692307692308,0.06153846153846154,0.046153846153846156
266,1DPjbMypYp80indlQFWlya,Valerie,The Night in Question: French Exit Outtakes,TV Girl,2020-05-01,55,282500,0.802,0.201,0.918,0.397,0.315,0.947,-3.786,0.132,101.932,0,4,scared,0.11538461538461539,0.038461538461538464,0.17307692307692307,0.019230769230769232,0.019230769230769232,0.09615384615384616,0.1346153846153846,0.1346153846153846,0.1346153846153846,0.1346153846153846
267,3RUGDh87fCK2IqYktl79Qd,Valerie,Valerie,Rome Hero Foxes,2020-04-29,42,240000,0.644,0.487,0.709,4.97e-06,0.0609,0.855,-9.083,0.058,101.029,3,4,scared,0.11538461538461539,0.038461538461538464,0.17307692307692307,0.019230769230769232,0.019230769230769232,0.09615384615384616,0.1346153846153846,0.1346153846153846,0.1346153846153846,0.1346153846153846
268,42TtHTxWk782ZBiqyOi2d1,Dawns (feat. Maggie Rogers),Dawns (feat. Maggie Rogers),Zach Bryan,2023-01-27,77,290892,0.447,0.874,0.441,4.36e-05,0.188,0.286,-7.658,0.0456,122.811,0,4,scared,0.08602150537634409,0.08602150537634409,0.23655913978494625,0.0967741935483871,0.0967741935483871,0.021505376344086023,0.12903225806451613,0.03225806451612903,0.11827956989247312,0.0967741935483871
269,2dBwB667LHQkLhdYlwLUZK,Summertime Sadness,Born To Die - The Paradise Edition,Lana Del Rey,2012-11-12,65,265427,0.565,0.0542,0.654,1.8e-06,0.122,0.235,-6.826,0.0335,111.968,1,4,scared,0.18110236220472442,0.06299212598425197,0.15748031496062992,0.14960629921259844,0.007874015748031496,0.047244094488188976,0.1732283464566929,0.007874015748031496,0.13385826771653545,0.07874015748031496
270,1M0g1beKC4H9gbrOiSayHW,National Anthem,Born To Die - The Paradise Edition,Lana Del Rey,2012-11-12,59,230520,0.532,0.531,0.899,0.000146,0.0957,0.436,-5.935,0.244,85.0,0,4,scared,0.0,0.0,0.0,0.0,0.0,0.0,0.0,0.0,0.0,0.0
271,6GGtHZgBycCgGBUhZo81xe,Say Yes To Heaven,Say Yes To Heaven,Lana Del Rey,2023-05-19,84,209156,0.485,0.678,0.348,0.167,0.118,0.145,-11.576,0.0257,99.898,6,4,scared,0.17647058823529413,0.08823529411764706,0.14705882352941177,0.029411764705882353,0.11764705882352941,0.029411764705882353,0.20588235294117646,0.0,0.17647058823529413,0.029411764705882353
272,6RiiSy9GzSwiyDEJDiMuKe,Something About You,Mulholland Drive,Eyedress,2021-08-27,82,153312,0.648,0.0332,0.781,0.013,0.305,0.822,-8.736,0.0271,133.417,9,4,scared,0.08888888888888889,0.022222222222222223,0.13333333333333333,0.022222222222222223,0.08888888888888889,0.08888888888888889,0.2,0.0,0.17777777777777778,0.17777777777777778
273,0I1eFRytp4XRhLCjT6tZm7,I Can't Handle Change,I Can't Handle Change,Roar,2010-03-14,22,198213,0.247,0.0447,0.438,0.000867,0.111,0.39,-8.478,0.0358,185.711,5,3,scared,0.10606060606060606,0.045454545454545456,0.13636363636363635,0.12121212121212122,0.015151515151515152,0.18181818181818182,0.18181818181818182,0.030303030303030304,0.09090909090909091,0.09090909090909091
274,1wVuPmvt6AWvTL5W2GJnzZ,Talking to the Moon,Doo-Wops & Hooligans,Bruno Mars,2010-05-11,75,217866,0.498,0.511,0.59,0.0,0.107,0.0784,-4.721,0.032,145.867,1,4,scared,0.037037037037037035,0.1111111111111111,0.2222222222222222,0.1111111111111111,0.1111111111111111,0.037037037037037035,0.1111111111111111,0.18518518518518517,0.037037037037037035,0.037037037037037035
275,6SKwQghsR8AISlxhcwyA9R,Marry You,Doo-Wops & Hooligans,Bruno Mars,2010-05-11,78,230192,0.621,0.332,0.82,0.0,0.104,0.452,-4.865,0.0367,144.905,10,4,scared,0.08163265306122448,0.1292517006802721,0.10204081632653061,0.07482993197278912,0.013605442176870748,0.061224489795918366,0.22448979591836735,0.006802721088435374,0.20408163265306123,0.10204081632653061
276,4lLtanYk6tkMvooU0tWzG8,Grenade,Doo-Wops & Hooligans,Bruno Mars,2010-05-11,79,222091,0.704,0.148,0.558,0.0,0.107,0.245,-7.273,0.0542,110.444,2,4,scared,0.021739130434782608,0.14130434782608695,0.21739130434782608,0.17391304347826086,0.021739130434782608,0.05434782608695652,0.13043478260869565,0.07608695652173914,0.13043478260869565,0.03260869565217391
277,3B5UbSndRz907IZhhmUfLi,Count on Me,Doo-Wops & Hooligans,Bruno Mars,2010-05-11,68,197469,0.589,0.851,0.389,0.0,0.0772,0.501,-5.972,0.028,89.1,0,4,scared,0.3235294117647059,0.0,0.11764705882352941,0.14705882352941177,0.0,0.0,0.35294117647058826,0.0,0.029411764705882353,0.029411764705882353
278,2vWBUC9djv6BtiGlmKiQaH,YKWIM?,Bipolar,Yot Club,2019-05-31,79,212750,0.372,0.937,0.537,0.873,0.287,0.228,-7.623,0.0305,123.735,9,3,scared,0.0,0.0,0.5,0.5,0.0,0.0,0.0,0.0,0.0,0.0
279,3jfZ9M23l0L7RxzYMTgBTv,Looking Out for You,Looking Out for You,Joy Again,2016-01-15,78,179499,0.682,0.0884,0.9,0.063,0.0685,0.937,-5.028,0.0874,100.721,9,4,scared,0.1346153846153846,0.0,0.07692307692307693,0.019230769230769232,0.019230769230769232,0.15384615384615385,0.23076923076923078,0.0,0.21153846153846154,0.15384615384615385
280,5ghIJDpPoe3CfHMGu71E6T,Smells Like Teen Spirit,Nevermind (Remastered),Nirvana,1991-09-26,77,301920,0.502,2.55e-05,0.912,0.000173,0.106,0.72,-4.556,0.0564,116.761,1,4,scared,0.0375,0.1,0.325,0.025,0.05,0.05,0.15,0.1,0.1375,0.025
281,4Wjhj0WjkyECccfHVIgaTq,Trust Issues,Care Package,Drake,2019-08-02,76,281518,0.421,0.779,0.539,0.0,0.111,0.523,-5.456,0.274,89.177,11,3,scared,0.0,0.0,0.0,0.0,0.0,0.0,0.0,0.0,0.0,0.0
282,1yeB8MUNeLo9Ek1UEpsyz6,Rich Baby Daddy (feat. Sexyy Red & SZA),For All The Dogs,Drake,2023-10-06,79,319191,0.636,0.0458,0.729,0.0,0.384,0.141,-4.495,0.055,146.009,2,4,scared,0.0,0.0,0.0,0.0,0.0,0.0,0.0,0.0,0.0,0.0
283,6DCZcSspjsKoFjzjrWoCdn,God's Plan,Scorpion,Drake,2018-06-29,81,198973,0.754,0.0332,0.449,8.29e-05,0.552,0.357,-9.211,0.109,77.169,7,4,scared,0.06504065040650407,0.12195121951219512,0.13821138211382114,0.08943089430894309,0.08943089430894309,0.024390243902439025,0.17886178861788618,0.08130081300813008,0.08130081300813008,0.13008130081300814
284,4SqWKzw0CbA05TGszDgMlc,I Love You So,I Love You So,The Walters,2014-11-28,87,160239,0.575,0.583,0.648,0.0,0.115,0.466,-4.891,0.0358,75.977,10,4,scared,0.07017543859649122,0.03508771929824561,0.10526315789473684,0.07017543859649122,0.05263157894736842,0.07017543859649122,0.24561403508771928,0.07017543859649122,0.21052631578947367,0.07017543859649122
285,5gDWsRxpJ2lZAffh5p7K0w,Stargirl Interlude,Starboy,The Weeknd,2016-11-24,83,111626,0.715,0.353,0.47,0.0923,0.104,0.426,-12.638,0.0772,89.965,5,4,scared,0.1076923076923077,0.015384615384615385,0.13846153846153847,0.06153846153846154,0.015384615384615385,0.0,0.26153846153846155,0.07692307692307693,0.18461538461538463,0.13846153846153847
286,3sNVsP50132BTNlImLx70i,Bound 2,Yeezus,Kanye West,2013-06-18,81,229146,0.367,0.145,0.665,0.0,0.113,0.31,-2.821,0.0465,148.913,1,4,scared,0.06369426751592357,0.05732484076433121,0.2484076433121019,0.08917197452229299,0.06369426751592357,0.025477707006369428,0.20382165605095542,0.050955414012738856,0.14012738853503184,0.05732484076433121
287,4qG7hWhljsqqENL5PaLA2z,Let The Light In (feat. Father John Misty),Did you know that there's a tunnel under Ocean Blvd,Lana Del Rey,2023-03-24,78,278126,0.335,0.385,0.44,0.00251,0.115,0.198,-9.748,0.0275,132.449,9,4,scared,0.0,0.0,0.0,0.0,0.0,0.0,0.0,0.0,0.0,0.0
288,51Grh1RyUDcMBbpuyUIUHI,rises the moon,recently,Liana Flores,2019-04-10,81,161929,0.483,0.947,0.129,0.145,0.106,0.203,-20.149,0.0349,137.35,5,3,scared,0.075,0.125,0.175,0.1,0.05,0.025,0.2,0.0,0.15,0.1
289,2xql0pid3EUwW38AsywxhV,Reflections,Hard To Imagine The Neighbourhood Ever Changing,The Neighbourhood,2018-11-02,83,244013,0.648,0.114,0.594,0.0462,0.116,0.544,-7.027,0.0293,113.983,11,4,scared,0.056338028169014086,0.09859154929577464,0.18309859154929578,0.1267605633802817,0.09859154929577464,0.04225352112676056,0.11267605633802817,0.11267605633802817,0.09859154929577464,0.07042253521126761
290,1NZs6n6hl8UuMaX0UC0YTz,Brooklyn Baby,Ultraviolence (Deluxe),Lana Del Rey,2014-01-01,80,351640,0.404,0.542,0.664,0.00402,0.11,0.0949,-6.698,0.0407,107.747,1,4,scared,0.1,0.014285714285714285,0.05714285714285714,0.04285714285714286,0.0,0.02857142857142857,0.37142857142857144,0.014285714285714285,0.2857142857142857,0.08571428571428572
291,2enPRFda84VE2wtI8c86Uf,Always Forever,Static,Cults,2013-10-15,79,223746,0.174,0.00181,0.742,0.281,0.198,0.36,-5.93,0.0485,163.378,8,4,scared,0.13333333333333333,0.06666666666666667,0.26666666666666666,0.0,0.0,0.06666666666666667,0.13333333333333333,0.0,0.13333333333333333,0.2
292,3Z0qLOS0cqWKPHXkbTXmNF,Gilded Lily,Offering,Cults,2022-10-26,76,212736,0.4,0.468,0.571,3.05e-05,0.519,0.146,-6.534,0.0288,61.859,11,4,scared,0.038461538461538464,0.038461538461538464,0.2692307692307692,0.11538461538461539,0.07692307692307693,0.0,0.07692307692307693,0.23076923076923078,0.0,0.15384615384615385
293,77KnJc8o5G1eKVwX5ywMeZ,Mind Over Matter (Reprise),Mirrorball / Mind Over Matter (Reprise),Young the Giant,2015-04-18,74,230866,0.393,0.229,0.487,0.0,0.128,0.3,-6.348,0.0337,151.958,0,4,scared,0.03278688524590164,0.13114754098360656,0.09836065573770492,0.08196721311475409,0.01639344262295082,0.19672131147540983,0.13114754098360656,0.01639344262295082,0.13114754098360656,0.16393442622950818
294,72cGBEqu7RitIOoACXYjfR,The Blonde,French Exit,TV Girl,2014-06-05,76,227760,0.501,0.225,0.547,0.912,0.288,0.225,-7.961,0.0243,87.692,1,4,scared,0.08888888888888889,0.044444444444444446,0.17777777777777778,0.1111111111111111,0.022222222222222223,0.06666666666666667,0.17777777777777778,0.06666666666666667,0.1111111111111111,0.13333333333333333
295,5Az8KU81g2aLBbJN67F2CI,Mind Over Matter,Mind Over Matter,Young the Giant,2014-01-17,70,244693,0.466,0.000501,0.763,0.0,0.0973,0.293,-4.448,0.0318,154.914,0,4,scared,0.03278688524590164,0.13114754098360656,0.09836065573770492,0.08196721311475409,0.01639344262295082,0.19672131147540983,0.13114754098360656,0.01639344262295082,0.13114754098360656,0.16393442622950818
296,7D0RhFcb3CrfPuTJ0obrod,Sparks,Parachutes,Coldplay,2000-07-10,86,227093,0.371,0.748,0.268,0.0517,0.104,0.165,-10.506,0.0281,102.617,1,3,scared,0.1875,0.0,0.125,0.1875,0.0,0.0,0.1875,0.0,0.1875,0.125
297,75IQVo8hqI1iwVZyvkN2VT,Show Me How,Show Me How,Men I Trust,2018-02-28,79,215110,0.791,0.672,0.271,0.543,0.102,0.564,-11.959,0.0431,166.002,5,4,scared,0.3333333333333333,0.0,0.1111111111111111,0.037037037037037035,0.0,0.037037037037037035,0.2222222222222222,0.0,0.2222222222222222,0.037037037037037035
298,6ilc4vQcwMPlvAHFfsTGng,Sweet,Cigarettes After Sex,Cigarettes After Sex,2017-06-09,81,292110,0.449,0.351,0.51,0.761,0.139,0.115,-9.075,0.0278,96.425,6,4,scared,0.10377358490566038,0.03773584905660377,0.02830188679245283,0.03773584905660377,0.009433962264150943,0.10377358490566038,0.25471698113207547,0.009433962264150943,0.2358490566037736,0.1792452830188679
0,2vdBo4ALPYbHRUPKgtE5iC,ghostin,"thank u, next",Ariana Grande,2019-02-08,64,271466,0.29,0.418,0.364,1.89e-05,0.185,0.11,-8.295,0.0293,103.684,9,4,sad,0.06349206349206349,0.047619047619047616,0.1746031746031746,0.12698412698412698,0.06349206349206349,0.06349206349206349,0.20634920634920634,0.031746031746031744,0.14285714285714285,0.07936507936507936
1,3NbTQ8ZbHU6MSEVUFAVCJ9,better off,Sweetener,Ariana Grande,2018-08-17,61,171333,0.597,0.216,0.524,0.0,0.112,0.0549,-7.247,0.0537,92.568,11,4,sad,0.056338028169014086,0.09859154929577464,0.15492957746478872,0.1267605633802817,0.11267605633802817,0.07042253521126761,0.11267605633802817,0.09859154929577464,0.07042253521126761,0.09859154929577464
2,1TEL6MlSSVLSdhOSddidlJ,needy,"thank u, next",Ariana Grande,2019-02-08,68,171573,0.647,0.778,0.309,7.31e-06,0.202,0.195,-7.948,0.0367,87.046,7,4,sad,0.10204081632653061,0.05102040816326531,0.17346938775510204,0.01020408163265306,0.11224489795918367,0.10204081632653061,0.14285714285714285,0.07142857142857142,0.1326530612244898,0.10204081632653061
3,5A7CwBNDUhvLWuSU5oJEh3,Moonlight,Dangerous Woman,Ariana Grande,2016-04-01,59,202360,0.633,0.42,0.412,3.57e-06,0.048,0.214,-7.339,0.0284,102.215,9,3,sad,0.11494252873563218,0.09195402298850575,0.10344827586206896,0.09195402298850575,0.09195402298850575,0.09195402298850575,0.10344827586206896,0.10344827586206896,0.09195402298850575,0.11494252873563218
4,14kYOiFVPb7E7NfFbqhdln,goodnight n go,Sweetener,Ariana Grande,2018-08-17,65,189506,0.708,0.0217,0.454,0.0,0.073,0.24,-7.07,0.0395,110.963,1,4,sad,0.047619047619047616,0.047619047619047616,0.15873015873015872,0.07936507936507936,0.047619047619047616,0.06349206349206349,0.2698412698412698,0.047619047619047616,0.1746031746031746,0.06349206349206349
5,1UujO43qVZnWObydH4MLT5,Thinking Bout You,Dangerous Woman,Ariana Grande,2016-04-01,55,200400,0.507,0.0152,0.696,0.000821,0.121,0.406,-6.027,0.0621,102.983,11,4,sad,0.045454545454545456,0.022727272727272728,0.25,0.022727272727272728,0.11363636363636363,0.0,0.2727272727272727,0.06818181818181818,0.09090909090909091,0.11363636363636363
6,4rwqrKdwlFWJ6LvPYaOtgn,Quit (feat. Ariana Grande),9,Cashmere Cat,2017-04-28,61,258188,0.44,0.105,0.413,3.4e-05,0.0997,0.141,-7.365,0.0407,86.911,0,3,sad,0.0,0.0759493670886076,0.4430379746835443,0.2911392405063291,0.05063291139240506,0.012658227848101266,0.06329113924050633,0.02531645569620253,0.02531645569620253,0.012658227848101266
7,4T652DlATVHe0jdLKaN3Bw,in my head,"thank u, next",Ariana Grande,2019-02-08,65,222946,0.662,0.173,0.6,0.000137,0.109,0.331,-6.403,0.0704,134.972,0,4,sad,0.061946902654867256,0.08849557522123894,0.18584070796460178,0.08849557522123894,0.11504424778761062,0.061946902654867256,0.1415929203539823,0.08849557522123894,0.09734513274336283,0.07079646017699115
8,3wFLWP0FcIqHK1wb1CPthQ,fake smile,"thank u, next",Ariana Grande,2019-02-08,60,208880,0.45,0.329,0.619,0.0,0.319,0.427,-7.412,0.373,83.221,9,4,sad,0.10810810810810811,0.05405405405405406,0.16666666666666666,0.09009009009009009,0.09009009009009009,0.11261261261261261,0.13513513513513514,0.07207207207207207,0.13063063063063063,0.04054054054054054
9,39LmTF9RgyakzSYX8txrow,imagine,"thank u, next",Ariana Grande,2019-02-08,65,212266,0.729,0.378,0.476,0.0,0.12,0.368,-4.985,0.0363,62.519,8,3,sad,0.14705882352941177,0.08823529411764706,0.11764705882352941,0.08823529411764706,0.058823529411764705,0.058823529411764705,0.20588235294117646,0.058823529411764705,0.08823529411764706,0.08823529411764706
10,7E1jVNoWuemqUryI4FxsVD,off the table (with The Weeknd),Positions,Ariana Grande,2020-10-30,61,239949,0.411,0.519,0.522,0.0,0.398,0.382,-7.295,0.0981,88.332,0,1,sad,0.07079646017699115,0.07079646017699115,0.1592920353982301,0.09734513274336283,0.008849557522123894,0.05309734513274336,0.25663716814159293,0.02654867256637168,0.168141592920354,0.08849557522123894
11,1IVnvJN9oC3pDYv9qpAnj7,needy - live,k bye for now (swt live),Ariana Grande,2019-12-23,42,174294,0.317,0.699,0.474,0.0,0.945,0.318,-6.314,0.0661,76.592,7,4,sad,0.10204081632653061,0.05102040816326531,0.17346938775510204,0.01020408163265306,0.11224489795918367,0.10204081632653061,0.14285714285714285,0.07142857142857142,0.1326530612244898,0.10204081632653061
12,6WikCGNUbXFmXoLre7vjeW,Touch It,Dangerous Woman,Ariana Grande,2016-04-01,58,260000,0.536,0.0303,0.694,0.0,0.183,0.291,-4.369,0.0332,100.906,7,4,sad,0.04864864864864865,0.13513513513513514,0.1945945945945946,0.12972972972972974,0.06486486486486487,0.14054054054054055,0.05405405405405406,0.03783783783783784,0.03783783783783784,0.15675675675675677
13,14gkWVFMwdxBMyqBw1wmIg,safety net (feat. Ty Dolla $ign),Positions,Ariana Grande,2020-10-30,64,208457,0.552,0.0703,0.599,0.0,0.0986,0.0916,-5.75,0.0404,161.884,1,4,sad,0.07058823529411765,0.03529411764705882,0.25882352941176473,0.1411764705882353,0.11764705882352941,0.0,0.12941176470588237,0.047058823529411764,0.07058823529411765,0.12941176470588237
14,7xoUc6faLbCqZO6fQEYprd,One Last Time,My Everything (Deluxe),Ariana Grande,2014-08-22,82,197266,0.628,0.093,0.593,1.65e-06,0.096,0.104,-5.036,0.0323,125.025,8,4,sad,0.12,0.06666666666666667,0.09333333333333334,0.06666666666666667,0.05333333333333334,0.0,0.22666666666666666,0.09333333333333334,0.12,0.16
15,442j8VxaB60dWf9cBFuX5w,Almost Is Never Enough,Yours Truly,Ariana Grande,2013-01-01,65,327773,0.324,0.825,0.327,0.0,0.101,0.334,-7.494,0.0409,81.328,2,4,sad,0.1,0.014285714285714285,0.08571428571428572,0.02857142857142857,0.1,0.014285714285714285,0.3142857142857143,0.04285714285714286,0.24285714285714285,0.05714285714285714
16,7JmIjOsRish3vYBSLTytEC,Tattooed Heart,Yours Truly,Ariana Grande,2013-01-01,59,194706,0.535,0.414,0.519,0.0,0.142,0.32,-4.161,0.0273,72.06,7,4,sad,0.125,0.125,0.1,0.1,0.05,0.075,0.15,0.0,0.125,0.15
17,5lvnGiTAH9BVlJLHc0DXZz,Just A Little Bit Of Your Heart,My Everything (Deluxe),Ariana Grande,2014-08-22,58,232586,0.44,0.692,0.323,0.0,0.103,0.158,-5.957,0.0281,77.986,9,4,sad,0.0,0.0,0.35714285714285715,0.0,0.07142857142857142,0.0,0.14285714285714285,0.2857142857142857,0.14285714285714285,0.0
18,4eumFsTnduH3zRfaASoAPs,My Everything,My Everything (Deluxe),Ariana Grande,2014-08-22,62,168520,0.462,0.88,0.265,0.0,0.131,0.419,-5.307,0.0294,106.357,11,3,sad,0.10062893081761007,0.05660377358490566,0.13836477987421383,0.05660377358490566,0.09433962264150944,0.05660377358490566,0.24528301886792453,0.09433962264150944,0.11320754716981132,0.0440251572327044
19,4OafepJy2teCjYJbvFE60J,breathin,Sweetener,Ariana Grande,2018-08-17,68,198160,0.568,0.0211,0.656,1.37e-05,0.213,0.364,-5.413,0.0433,100.049,8,4,sad,0.10714285714285714,0.0,0.21428571428571427,0.10714285714285714,0.07142857142857142,0.0,0.21428571428571427,0.07142857142857142,0.0,0.21428571428571427
20,71NBvIYtWygMmp7XgQXbvz,Met Him Last Night,Met Him Last Night,Demi Lovato,2021-04-01,39,204631,0.538,0.22,0.512,0.0,0.101,0.12,-4.548,0.0262,144.978,4,4,sad,0.03125,0.125,0.1875,0.125,0.109375,0.0,0.078125,0.125,0.03125,0.1875
21,0v2LUO8oTHnkjQ8MmKuXyk,raindrops (an angel cried),Sweetener,Ariana Grande,2018-08-17,56,37640,0.336,0.942,0.231,0.0,0.188,0.429,-6.217,0.0497,168.685,1,5,sad,0.15384615384615385,0.0,0.07692307692307693,0.07692307692307693,0.0,0.15384615384615385,0.23076923076923078,0.0,0.15384615384615385,0.15384615384615385
22,0WdR2AyLW1Drd3OUdwezM0,everytime,Sweetener,Ariana Grande,2018-08-17,70,172106,0.71,0.186,0.614,0.0,0.0974,0.658,-6.757,0.0431,148.152,10,4,sad,0.07954545454545454,0.045454545454545456,0.09090909090909091,0.07954545454545454,0.045454545454545456,0.10227272727272728,0.19318181818181818,0.045454545454545456,0.10227272727272728,0.2159090909090909
23,3UoULw70kMsiVXxW0L3A33,pov,Positions,Ariana Grande,2020-10-30,71,201882,0.487,0.36,0.534,0.0,0.1,0.173,-5.664,0.0555,131.798,0,4,sad,0.15841584158415842,0.06930693069306931,0.13861386138613863,0.06930693069306931,0.009900990099009901,0.019801980198019802,0.21782178217821782,0.04950495049504951,0.2079207920792079,0.0594059405940594
24,2yueE1lZ8V8HX1deAFA5MF,Somewhere Over The Rainbow - Live From Manchester,Somewhere Over The Rainbow (Live From Manchester),Ariana Grande,2017-06-06,40,272026,0.333,0.716,0.328,4.01e-05,0.3,0.0743,-9.39,0.0346,121.109,0,4,sad,0.2,0.0,0.08,0.04,0.0,0.0,0.24,0.08,0.2,0.16
25,0qMNPhpRzbghJy6G3SgRag,Intro,My Everything (Deluxe),Ariana Grande,2014-08-22,49,79840,0.447,0.968,0.182,3.83e-05,0.327,0.0959,-12.439,0.0324,89.601,6,4,sad,0.0,0.0,0.0,0.0,0.0,0.0,0.0,0.0,0.0,0.0
26,7u6DMPznGbpziuEgCE0JGQ,get well soon,Sweetener,Ariana Grande,2018-08-17,56,322026,0.604,0.657,0.449,0.0,0.0932,0.528,-6.564,0.0353,100.355,9,4,sad,0.0,0.0,0.0,0.0,0.0,0.0,0.0,0.0,0.0,0.0
27,6HeCk6yewXH7WO4D93eub9,Ruthless (Nice Guys Always Finish Last),Oso Different,MarMar Oso,2019-08-14,62,233023,0.724,0.388,0.269,0.0,0.0808,0.866,-15.465,0.0456,86.042,5,4,sad,0.08024691358024691,0.1419753086419753,0.18518518518518517,0.1111111111111111,0.1419753086419753,0.024691358024691357,0.08641975308641975,0.10493827160493827,0.05555555555555555,0.06790123456790123
28,1kFlDnWmBTvCBxxeGDpIdp,7 Years (Remix),7 Years (Remix),Sik World,2016-06-04,63,134197,0.811,0.227,0.609,0.0,0.102,0.439,-8.376,0.0996,120.071,10,4,sad,0.07142857142857142,0.125,0.16964285714285715,0.13392857142857142,0.09821428571428571,0.05357142857142857,0.08928571428571429,0.07142857142857142,0.08928571428571429,0.09821428571428571
29,1A43TfohQt3H6K5zg28ExD,Dead and Cold,Dead and Cold,SadBoyProlific,2018-11-10,0,89652,0.793,0.867,0.441,0.0,0.111,0.753,-10.297,0.579,74.746,2,4,sad,0.08333333333333333,0.08333333333333333,0.3125,0.1875,0.020833333333333332,0.041666666666666664,0.10416666666666667,0.041666666666666664,0.0625,0.0625
30,41MCdlvXOl62B7Kv86Bb1v,Empty,Death Race For Love,Juice WRLD,2019-03-08,1,248431,0.745,0.0758,0.561,0.0,0.133,0.449,-4.869,0.0807,77.557,0,4,sad,0.0661764705882353,0.11764705882352941,0.27205882352941174,0.17647058823529413,0.07352941176470588,0.022058823529411766,0.08823529411764706,0.07352941176470588,0.029411764705882353,0.08088235294117647
31,3ee8Jmje8o58CHK66QrVC2,SAD!,?,XXXTENTACION,2018-03-16,79,166605,0.74,0.258,0.613,0.00372,0.123,0.473,-4.88,0.145,75.023,8,4,sad,0.0136986301369863,0.2328767123287671,0.273972602739726,0.1780821917808219,0.136986301369863,0.0136986301369863,0.0410958904109589,0.0547945205479452,0.0410958904109589,0.0136986301369863
32,7qEHsqek33rTcFNT9PFqLf,Someone You Loved,Divinely Uninspired To A Hellish Extent,Lewis Capaldi,2019-05-17,86,182160,0.501,0.751,0.405,0.0,0.105,0.446,-5.679,0.0319,109.891,1,4,sad,0.18867924528301888,0.18867924528301888,0.11320754716981132,0.05660377358490566,0.05660377358490566,0.03773584905660377,0.20754716981132076,0.0,0.09433962264150944,0.05660377358490566
33,4VXIryQMWpIdGgYR4TrjT1,All Girls Are The Same,Goodbye & Good Riddance,Juice WRLD,2018-12-10,82,165819,0.671,0.0769,0.529,0.000335,0.0856,0.203,-7.226,0.307,161.989,0,4,sad,0.056074766355140186,0.14018691588785046,0.18691588785046728,0.08411214953271028,0.09345794392523364,0.018691588785046728,0.14953271028037382,0.07476635514018691,0.14018691588785046,0.056074766355140186
34,6tAqYm2Wcy2yrPixShJMS6,Alone,Alone,SadBoyProlific,2018-11-10,0,160104,0.87,0.481,0.341,0.0027,0.329,0.436,-14.15,0.439,119.054,9,4,sad,0.11702127659574468,0.10638297872340426,0.13829787234042554,0.10638297872340426,0.06382978723404255,0.031914893617021274,0.20212765957446807,0.0425531914893617,0.09574468085106383,0.09574468085106383
35,4S2uhQE8L9V6p7rj7SiauJ,Suicidal (feat. Juice WRLD) - Remix,Suicidal (Remix) [feat. Juice WRLD],YNW Melly,2020-03-13,70,225857,0.655,0.474,0.441,0.0,0.099,0.273,-5.245,0.0629,139.957,9,4,sad,0.03862660944206009,0.12017167381974249,0.12875536480686695,0.1072961373390558,0.12875536480686695,0.030042918454935622,0.13733905579399142,0.1072961373390558,0.12875536480686695,0.07296137339055794
36,5ls62WNKHUUrdF3r1cv83T,emotions,nothings ever good enough,iann dior,2019-05-22,2,131213,0.63,0.0131,0.63,0.0,0.142,0.163,-6.211,0.0395,80.512,9,4,sad,0.12359550561797752,0.08426966292134831,0.08426966292134831,0.07865168539325842,0.07865168539325842,0.08426966292134831,0.15730337078651685,0.08426966292134831,0.1404494382022472,0.08426966292134831
37,08uWHOhYijA1DXxhHSDBDH,When We Die (Can We Still Get High?) (feat. Lil Yachty),When We Die (Can We Still Get High?) (feat. Lil Yachty),YUNGBLUD,2024-01-26,52,300213,0.359,0.000726,0.773,0.0,0.147,0.183,-2.727,0.0347,80.062,4,4,sad,0.0,0.18604651162790697,0.20930232558139536,0.20930232558139536,0.046511627906976744,0.023255813953488372,0.11627906976744186,0.046511627906976744,0.023255813953488372,0.13953488372093023
38,1Knctxx9vGZxpZfF66BIEa,Legends,Legends,Juice WRLD,2018-06-22,67,191840,0.594,0.115,0.798,0.0,0.143,0.381,-5.244,0.0844,142.049,4,4,sad,0.04,0.12,0.14285714285714285,0.10285714285714286,0.10857142857142857,0.06857142857142857,0.12571428571428572,0.07428571428571429,0.06857142857142857,0.14857142857142858
39,4UwDPReUKisbngLtJeSRyM,Will You Remember Me?,Will You Remember Me?,Pcam,2020-08-13,46,224970,0.84,0.211,0.499,0.0,0.103,0.389,-8.99,0.125,120.032,2,3,sad,0.08737864077669903,0.06796116504854369,0.17475728155339806,0.08737864077669903,0.08737864077669903,0.02912621359223301,0.2621359223300971,0.06796116504854369,0.05825242718446602,0.07766990291262135
40,4UKCKdYiLN6IMA5ZESUTL7,the remedy for a broken heart (why am I so in love),?,XXXTENTACION,2018-03-16,74,160184,0.699,0.779,0.304,0.000993,0.137,0.271,-11.192,0.0993,119.705,1,4,sad,0.08661417322834646,0.07086614173228346,0.10236220472440945,0.09448818897637795,0.08661417322834646,0.031496062992125984,0.2204724409448819,0.03937007874015748,0.1968503937007874,0.07086614173228346
41,6zJffE1wHyAu5WwNYwt0VI,Never Be Alright,Never Be Alright,Seon,2019-01-23,0,168280,0.835,0.625,0.283,3.4e-06,0.102,0.282,-10.121,0.0781,86.983,7,4,sad,0.05917159763313609,0.17159763313609466,0.25443786982248523,0.20118343195266272,0.0650887573964497,0.047337278106508875,0.0650887573964497,0.047337278106508875,0.03550295857988166,0.05325443786982249
42,5NLfXbKEaDKmb3kq0KUCms,Ruthless (Nice Guys Always Finish Last) (feat. Sage the Gemini & Derek King) - Remix,Oso Different,MarMar Oso,2019-08-14,41,291761,0.625,0.395,0.547,0.0,0.0861,0.844,-6.465,0.0688,86.031,2,4,sad,0.0,0.0,0.0,0.0,0.0,0.0,0.0,0.0,0.0,0.0
43,7m9OqQk4RVRkw9JJdeAw96,Jocelyn Flores,17,XXXTENTACION,2017-08-25,80,119133,0.872,0.469,0.391,4.13e-06,0.297,0.437,-9.144,0.242,134.021,0,4,sad,0.05970149253731343,0.19402985074626866,0.2537313432835821,0.1791044776119403,0.029850746268656716,0.029850746268656716,0.05970149253731343,0.029850746268656716,0.05970149253731343,0.1044776119402985
44,13VvjrXWYzG9lWViL8Y9vM,Break My Heart,Break My Heart,Rod Wave,2022-11-10,48,169411,0.604,0.00791,0.484,0.0,0.0977,0.343,-8.463,0.0626,84.932,1,4,sad,0.014084507042253521,0.04225352112676056,0.18309859154929578,0.11267605633802817,0.014084507042253521,0.15492957746478872,0.2112676056338028,0.028169014084507043,0.18309859154929578,0.056338028169014086
45,1iSqfoUFnQwV0QW1EfUit8,Suicidal,Melly vs. Melvin,YNW Melly,2019-11-22,72,222997,0.735,0.334,0.369,0.0,0.126,0.235,-9.682,0.0688,140.004,9,4,sad,0.06363636363636363,0.13636363636363635,0.12727272727272726,0.11363636363636363,0.11363636363636363,0.022727272727272728,0.1318181818181818,0.10909090909090909,0.09090909090909091,0.09090909090909091
46,75ZvA4QfFiZvzhj2xkaWAh,I Fall Apart,Stoney (Deluxe),Post Malone,2016-12-09,75,223346,0.556,0.0689,0.538,0.0,0.196,0.291,-5.408,0.0382,143.946,8,4,sad,0.041666666666666664,0.08333333333333333,0.2638888888888889,0.16666666666666666,0.09722222222222222,0.041666666666666664,0.125,0.09722222222222222,0.013888888888888888,0.06944444444444445
47,52okn5MNA47tk87PeZJLEL,Let You Down,Perception,NF,2017-10-06,76,212120,0.661,0.314,0.714,0.0,0.179,0.464,-5.68,0.121,147.998,5,4,sad,0.07017543859649122,0.12280701754385964,0.21929824561403508,0.14035087719298245,0.043859649122807015,0.07017543859649122,0.14035087719298245,0.02631578947368421,0.07017543859649122,0.09649122807017543
48,1tlrTC3x7viJ1U30oOFGdF,Better Off (Dying),"Come Over When You're Sober, Pt. 1",Lil Peep,2017-08-15,0,154814,0.521,0.00835,0.763,0.0,0.155,0.197,-4.693,0.0408,75.036,3,4,sad,0.0,0.125,0.2692307692307692,0.20192307692307693,0.057692307692307696,0.028846153846153848,0.09615384615384616,0.057692307692307696,0.09615384615384616,0.0673076923076923
49,1a7WZZZH7LzyvorhpOJFTe,Wasted (feat. Lil Uzi Vert),Goodbye & Good Riddance,Juice WRLD,2018-12-10,74,258475,0.742,0.0381,0.579,0.0,0.0952,0.502,-5.024,0.202,144.994,0,4,sad,0.03977272727272727,0.022727272727272728,0.26988636363636365,0.036931818181818184,0.22727272727272727,0.005681818181818182,0.06534090909090909,0.2471590909090909,0.03409090909090909,0.05113636363636364
50,7qtzFO7XuvNiSp5Xn7juqZ,Who Needs Love,A Love Letter To You 4,Trippie Redd,2019-11-22,65,158532,0.844,0.736,0.512,0.0,0.0897,0.87,-7.864,0.0959,108.992,0,4,sad,0.07262569832402235,0.0446927374301676,0.09497206703910614,0.055865921787709494,0.07262569832402235,0.055865921787709494,0.24581005586592178,0.0446927374301676,0.2122905027932961,0.1005586592178771
51,08Dzq5yOCVQzGcsGp5egm5,control,all my bad feelings,44phantom,2023-10-27,41,195946,0.485,0.309,0.314,0.0,0.102,0.18,-9.595,0.0247,80.021,6,4,sad,0.052083333333333336,0.125,0.25,0.1875,0.07291666666666667,0.020833333333333332,0.11458333333333333,0.0625,0.07291666666666667,0.041666666666666664
52,3oDkdAySo1VQQG0ptV7uwa,Lean Wit Me,Goodbye & Good Riddance,Juice WRLD,2018-12-10,76,175755,0.665,0.0414,0.651,0.0,0.0896,0.237,-5.515,0.156,163.935,1,4,sad,0.05384615384615385,0.1,0.19230769230769232,0.1076923076923077,0.08461538461538462,0.08461538461538462,0.15384615384615385,0.08461538461538462,0.07692307692307693,0.06153846153846154
53,285pBltuF7vW8TeWk8hdRR,Lucid Dreams,Goodbye & Good Riddance,Juice WRLD,2018-12-10,82,239835,0.511,0.349,0.566,0.0,0.34,0.218,-7.23,0.2,83.903,6,4,sad,0.0423728813559322,0.11016949152542373,0.2288135593220339,0.11864406779661017,0.07627118644067797,0.05084745762711865,0.1271186440677966,0.07627118644067797,0.11864406779661017,0.05084745762711865
54,3GVkPk8mqxz0itaAriG1L7,Everybody Dies In Their Nightmares,17,XXXTENTACION,2017-08-25,81,95466,0.734,0.847,0.57,2.14e-05,0.112,0.689,-7.066,0.133,129.953,7,4,sad,0.0,0.16428571428571428,0.37142857142857144,0.18571428571428572,0.12857142857142856,0.0,0.007142857142857143,0.12857142857142856,0.007142857142857143,0.007142857142857143
55,0JqR4UM29RE4MK3X465S6J,Echo,Echo,Cwby,2024-05-03,42,163455,0.709,0.0235,0.637,0.0,0.132,0.545,-7.752,0.0336,120.04,0,4,sad,0.16666666666666666,0.0,0.08333333333333333,0.041666666666666664,0.0,0.125,0.2916666666666667,0.0,0.125,0.16666666666666666
56,7AQim7LbvFVZJE3O8TYgf2,Fuck Love,17,XXXTENTACION,2017-08-25,84,146520,0.797,0.0172,0.533,0.000152,0.103,0.329,-9.74,0.0412,131.036,0,4,sad,0.07407407407407407,0.0,0.1111111111111111,0.1111111111111111,0.0,0.0,0.37037037037037035,0.037037037037037035,0.2962962962962963,0.0
57,1KMkcUvF7m3SDChDOa7i5L,WITHOUT YOU,F*CK LOVE 3+: OVER YOU,The Kid LAROI,2021-07-27,74,161384,0.662,0.213,0.413,0.0,0.134,0.467,-7.357,0.0299,93.005,0,4,sad,0.0,0.12,0.44,0.2,0.12,0.04,0.04,0.04,0.0,0.0
58,4ZLzoOkj0MPWrTLvooIuaa,Get You The Moon (feat. Snøw),Get You The Moon (feat. Snøw),Kina,2018-10-08,74,179080,0.498,0.72,0.235,0.0,0.144,0.0895,-16.541,0.188,118.917,1,4,sad,0.028985507246376812,0.11594202898550725,0.13043478260869565,0.11594202898550725,0.13043478260869565,0.07246376811594203,0.15942028985507245,0.10144927536231885,0.043478260869565216,0.10144927536231885
59,01TnVDiet1DFTsyWKUKovl,NUMB,?,XXXTENTACION,2018-03-16,70,186267,0.414,0.1,0.416,0.179,0.131,0.196,-8.024,0.0251,159.91,11,4,sad,0.1,0.2,0.3,0.2,0.0,0.0,0.1,0.0,0.1,0.0
60,4jvjzW7Hm0yK4LvvE0Paz9,Falling Down - Bonus Track,"Come Over When You're Sober, Pt. 2",Lil Peep,2018-11-09,84,196400,0.669,0.0175,0.574,0.00294,0.146,0.273,-6.442,0.0286,120.013,4,4,sad,0.016666666666666666,0.15,0.26666666666666666,0.18333333333333332,0.08333333333333333,0.0,0.06666666666666667,0.06666666666666667,0.03333333333333333,0.13333333333333333
61,4B6FybzCJwJLdRxuC2lRmY,cobain,HELLBOY,Lil Peep,2016-09-25,9,150160,0.609,0.0151,0.661,0.0,0.077,0.435,-7.179,0.0417,141.981,10,4,sad,0.0,0.0,0.0,0.0,0.0,0.0,0.0,0.0,0.0,0.0
62,2IXjLCG6L2xi1RFCWiKSrl,Benz Truck (гелик),"Come Over When You're Sober, Pt. 1",Lil Peep,2017-08-15,13,159986,0.602,0.0498,0.762,0.00819,0.121,0.113,-6.149,0.0347,92.02,2,4,sad,0.0718562874251497,0.1437125748502994,0.17964071856287425,0.1317365269461078,0.10179640718562874,0.059880239520958084,0.0718562874251497,0.08383233532934131,0.0718562874251497,0.08383233532934131
63,57NsyEzmk0NT3NcOwuQT55,witchblades,CASTLES II,Lil Peep,2017-02-07,71,149360,0.634,0.0223,0.54,0.0,0.302,0.543,-7.002,0.0777,143.968,8,4,sad,0.0703125,0.1015625,0.234375,0.2578125,0.046875,0.0234375,0.1015625,0.015625,0.0859375,0.0625
64,2U5WueTLIK5WJLD7mvDODv,Wishing Well,Legends Never Die,Juice WRLD,2020-07-10,75,194621,0.65,0.00336,0.613,0.0,0.267,0.0804,-6.13,0.128,149.972,9,4,sad,0.03896103896103896,0.19480519480519481,0.24675324675324675,0.19480519480519481,0.07792207792207792,0.03896103896103896,0.07792207792207792,0.012987012987012988,0.03896103896103896,0.07792207792207792
65,55aOpqGaMRWhwm6cDPUtsV,white wine,castles,Lil Peep,2016-07-04,67,156800,0.677,0.0129,0.572,1.53e-05,0.106,0.505,-8.137,0.0531,135.041,6,4,sad,0.14457831325301204,0.0783132530120482,0.15060240963855423,0.08433734939759036,0.03614457831325301,0.030120481927710843,0.18674698795180722,0.0963855421686747,0.1144578313253012,0.0783132530120482
66,5dOxHHMOFAbG3VH23t0xNm,Righteous,Legends Never Die,Juice WRLD,2020-07-10,69,242180,0.706,0.0417,0.625,0.0,0.129,0.225,-7.426,0.0314,142.948,0,4,sad,0.03773584905660377,0.1509433962264151,0.2783018867924528,0.14622641509433962,0.0660377358490566,0.04716981132075472,0.13679245283018868,0.05188679245283019,0.0330188679245283,0.05188679245283019
67,3wwo0bJvDSorOpNfzEkfXx,Let Me Know (I Wonder Why Freestyle),Let Me Know (I Wonder Why Freestyle),Juice WRLD,2019-12-07,77,215380,0.635,0.172,0.537,0.0,0.418,0.383,-7.895,0.0832,125.028,7,4,sad,0.13043478260869565,0.13043478260869565,0.10869565217391304,0.06521739130434782,0.021739130434782608,0.043478260869565216,0.2391304347826087,0.043478260869565216,0.10869565217391304,0.10869565217391304
68,7AFASza1mXqntmGtbxXprO,changes,?,XXXTENTACION,2018-03-16,74,121886,0.669,0.883,0.308,0.0,0.0984,0.52,-10.068,0.029,64.934,11,4,sad,0.11320754716981132,0.14622641509433962,0.18867924528301888,0.09905660377358491,0.07075471698113207,0.02830188679245283,0.14622641509433962,0.05660377358490566,0.04716981132075472,0.10377358490566038
69,0Aqi7ArnBrGblW5T6p2jmD,Falling,Nicotine,Trevor Daniel,2020-03-26,77,159381,0.785,0.123,0.431,0.0,0.0887,0.236,-8.756,0.0364,127.085,10,4,sad,0.016666666666666666,0.15,0.26666666666666666,0.18333333333333332,0.08333333333333333,0.0,0.06666666666666667,0.06666666666666667,0.03333333333333333,0.13333333333333333
70,1FBi1YWCAxlRmfuUbMINqO,Runaway,"Come Over When You're Sober, Pt. 2",Lil Peep,2018-11-09,68,192760,0.399,0.44,0.591,0.0616,0.446,0.175,-8.792,0.052,79.892,6,3,sad,0.04375,0.03125,0.13125,0.05625,0.075,0.05,0.2375,0.0625,0.18125,0.13125
71,5de9Ho64dovuQI8Uhn5gPD,I Don't Wanna Do This Anymore,Revenge,XXXTENTACION,2017-05-16,77,87560,0.433,0.843,0.778,0.0,0.139,0.764,-7.681,0.041,114.208,4,4,sad,0.023255813953488372,0.22093023255813954,0.26744186046511625,0.22093023255813954,0.03488372093023256,0.03488372093023256,0.046511627906976744,0.03488372093023256,0.046511627906976744,0.06976744186046512
72,4NgherJDfCXWBZBYheM4jK,WASTE,DISORDER,KXLLSWXTCH,2021-10-29,76,120428,0.627,0.859,0.123,0.00105,0.149,0.11,-14.411,0.0316,131.883,7,4,sad,0.09090909090909091,0.09090909090909091,0.22727272727272727,0.0,0.0,0.0,0.09090909090909091,0.22727272727272727,0.0,0.2727272727272727
73,1WbhIxkn5ECsOwUm795iX1,Star Shopping,Star Shopping,Lil Peep,2015-08-17,82,142000,0.538,0.0946,0.471,0.0185,0.116,0.307,-9.84,0.0955,93.07,4,4,sad,0.12,0.0,0.04,0.02,0.06,0.04,0.4,0.02,0.16,0.14
74,6vfAolvxdmoNroUS0v5jBU,ALWAY5 YOU,Broken Symphonies,Jan Metternich,2024-07-26,48,178285,0.711,0.101,0.588,0.0,0.521,0.354,-8.559,0.0622,112.006,5,4,sad,0.07407407407407407,0.12962962962962962,0.2222222222222222,0.18518518518518517,0.06481481481481481,0.0,0.12037037037037036,0.018518518518518517,0.09259259259259259,0.09259259259259259
75,55XrFge2dEZwYzNl128DwN,Losing Interest,Missing,itssvd,2017-02-12,68,120546,0.753,0.48,0.355,0.87,0.122,0.506,-13.295,0.0898,111.863,8,4,sad,0.11965811965811966,0.042735042735042736,0.23076923076923078,0.15384615384615385,0.09401709401709402,0.05982905982905983,0.19658119658119658,0.02564102564102564,0.042735042735042736,0.03418803418803419
76,7pdF27mSDuPWhppnHAmWHa,whoa (mind in awe),SKINS,XXXTENTACION,2018-12-07,70,157776,0.735,0.653,0.525,0.918,0.101,0.369,-2.939,0.0441,160.147,6,4,sad,0.0,0.0,0.16666666666666666,0.16666666666666666,0.0,0.0,0.5,0.0,0.16666666666666666,0.0
77,3VZlCJimDGY0D7YEC7S351,Save That Shit,"Come Over When You're Sober, Pt. 1",Lil Peep,2017-08-15,75,231546,0.534,0.0262,0.583,0.0,0.421,0.145,-8.672,0.0288,106.0,2,4,sad,0.07547169811320754,0.0660377358490566,0.1792452830188679,0.09433962264150944,0.10377358490566038,0.0,0.1792452830188679,0.10377358490566038,0.1792452830188679,0.018867924528301886
78,1Rt5f1CktdvBOLX2RfBO6K,beamer boy,beamer boy,Lil Peep,2016-01-21,73,203373,0.743,0.0492,0.731,1.9e-05,0.226,0.337,-4.511,0.103,123.989,8,4,sad,0.08333333333333333,0.06060606060606061,0.23484848484848486,0.045454545454545456,0.10606060606060606,0.030303030303030304,0.1590909090909091,0.1590909090909091,0.07575757575757576,0.045454545454545456
79,35r28RDot7nPE7y9K9H7l0,Feeling Whitney,Stoney (Deluxe),Post Malone,2016-12-09,69,257265,0.412,0.787,0.227,4.69e-06,0.282,0.227,-12.696,0.0359,80.111,0,4,sad,0.16666666666666666,0.045454545454545456,0.13636363636363635,0.09090909090909091,0.06060606060606061,0.045454545454545456,0.15151515151515152,0.06060606060606061,0.10606060606060606,0.13636363636363635
80,2k2CZ1dJClLmDO2TVGsz1R,Leave a Light On - Acoustic,Leave a Light On (Acoustic),Tom Walker,2017-10-12,55,217366,0.38,0.88,0.406,0.0,0.0951,0.202,-6.761,0.0403,136.579,5,4,sad,0.0625,0.05,0.2625,0.2375,0.0125,0.1625,0.15,0.0125,0.05,0.0
81,7AFASza1mXqntmGtbxXprO,changes,?,XXXTENTACION,2018-03-16,74,121886,0.669,0.883,0.308,0.0,0.0984,0.52,-10.068,0.029,64.934,11,4,sad,0.11320754716981132,0.14622641509433962,0.18867924528301888,0.09905660377358491,0.07075471698113207,0.02830188679245283,0.14622641509433962,0.05660377358490566,0.04716981132075472,0.10377358490566038
82,65iHZtIK6wJy3MoLvPjSHo,Turning leaves,Turning leaves,Jeph Haven,2020-07-10,0,203428,0.646,0.738,0.265,0.0,0.113,0.225,-8.734,0.0295,104.92,10,4,sad,0.0,0.0,0.0,0.0,0.0,0.0,0.0,0.0,0.0,0.0
83,2Qgupr81MDbk182qKkf1oX,Waves - Acoustic,Waves (Acoustic),Dean Lewis,2017-02-03,0,248176,0.431,0.948,0.202,0.0,0.109,0.18,-11.361,0.0471,101.051,2,3,sad,0.06666666666666667,0.12380952380952381,0.17142857142857143,0.08571428571428572,0.09523809523809523,0.0761904761904762,0.09523809523809523,0.047619047619047616,0.09523809523809523,0.14285714285714285
84,0u2P5u6lvoDfwTYjAADbn4,lovely (with Khalid),lovely (with Khalid),Billie Eilish,2018-04-19,86,200185,0.351,0.934,0.296,0.0,0.095,0.12,-10.109,0.0333,115.284,4,4,sad,0.1206896551724138,0.13793103448275862,0.13793103448275862,0.06896551724137931,0.10344827586206896,0.06896551724137931,0.1206896551724138,0.0,0.1206896551724138,0.1206896551724138
85,0ZoWOsQXlkb8cyIH7XnepI,Aftertaste,Handwritten (Deluxe),Shawn Mendes,2015-04-13,0,169573,0.637,0.000323,0.509,0.0,0.0938,0.306,-5.926,0.0346,111.805,1,4,sad,0.0,0.0,0.0,0.0,0.0,0.0,0.0,0.0,0.0,0.0
86,4RL77hMWUq35NYnPLXBpih,Skinny Love,Birdy,Birdy,2011-11-04,70,201080,0.379,0.952,0.29,0.000996,0.118,0.184,-8.487,0.0513,165.997,4,4,sad,0.0625,0.0625,0.15625,0.09375,0.09375,0.03125,0.234375,0.0625,0.15625,0.046875
87,0UTHr20nqVFMoji8xYE9yl,Perfectly Wrong,Shawn Mendes,Shawn Mendes,2018-05-25,0,212773,0.465,0.875,0.311,0.0,0.0986,0.311,-11.748,0.0352,93.373,2,4,sad,0.047619047619047616,0.05952380952380952,0.36904761904761907,0.13095238095238096,0.047619047619047616,0.09523809523809523,0.10714285714285714,0.05952380952380952,0.05952380952380952,0.023809523809523808
88,3xDvZswTmnHBWsB39z6Sbn,Six Feet Under,Six Feet Under,Billie Eilish,2016-11-17,0,189613,0.573,0.803,0.3,0.000338,0.0773,0.181,-12.774,0.0366,67.511,11,4,sad,0.0410958904109589,0.136986301369863,0.2465753424657534,0.1643835616438356,0.06164383561643835,0.0958904109589041,0.0684931506849315,0.07534246575342465,0.0410958904109589,0.0684931506849315
89,5sF7hdYvhrcgNq8NZjfK8L,Not About Angels,Not About Angels,Birdy,2014-04-13,68,189475,0.405,0.964,0.111,4.37e-05,0.0872,0.219,-11.879,0.0369,116.86,0,4,sad,0.13333333333333333,0.0,0.06666666666666667,0.03333333333333333,0.03333333333333333,0.03333333333333333,0.3333333333333333,0.03333333333333333,0.23333333333333334,0.1
90,7jqzZyJJLrpkRFYGpkqSK6,Breathe Me,Colour The Small One,Sia,2004-01-01,65,272800,0.552,0.0364,0.643,0.74,0.105,0.212,-7.36,0.0327,120.012,0,4,sad,0.1,0.05,0.3,0.1,0.05,0.025,0.175,0.025,0.1,0.075
91,6wQSrFnJYm3evLsavFeCVT,Never Be Alone,Handwritten (Deluxe),Shawn Mendes,2015-04-13,0,215813,0.376,0.514,0.466,5.8e-05,0.0781,0.276,-6.927,0.0353,199.835,10,4,sad,0.16666666666666666,0.05555555555555555,0.1111111111111111,0.1111111111111111,0.05555555555555555,0.0,0.2777777777777778,0.0,0.16666666666666666,0.05555555555555555
92,6mORGLOz79w6VsCRLWYYuK,The Night We Met,Strange Trails,Lord Huron,2015-04-06,0,208211,0.443,0.969,0.369,0.277,0.638,0.0989,-9.514,0.0441,174.107,9,3,sad,0.0,0.3157894736842105,0.3157894736842105,0.21052631578947367,0.05263157894736842,0.0,0.05263157894736842,0.05263157894736842,0.0,0.0
93,6mrKP2jyIQmM0rw6fQryjr,Let You Down,Perception,NF,2017-10-06,0,212120,0.659,0.33,0.716,0.0,0.173,0.437,-5.673,0.111,148.015,5,4,sad,0.07017543859649122,0.12280701754385964,0.21929824561403508,0.14035087719298245,0.043859649122807015,0.07017543859649122,0.14035087719298245,0.02631578947368421,0.07017543859649122,0.09649122807017543
94,3yZQk5PC52CCmT4ZaTIKvv,This Is Gospel,"Too Weird to Live, Too Rare to Die!",Panic! At The Disco,2013-10-04,62,187186,0.572,0.00155,0.912,1.2e-06,0.102,0.606,-4.875,0.0707,156.073,7,4,sad,0.04854368932038835,0.1650485436893204,0.30097087378640774,0.13592233009708737,0.17475728155339806,0.019417475728155338,0.08737864077669903,0.009708737864077669,0.04854368932038835,0.009708737864077669
95,06DaCxeg3IUMcxDkKEyQKf,A Little Too Much,Handwritten (Deluxe),Shawn Mendes,2015-04-13,0,187026,0.553,0.473,0.507,0.0,0.108,0.57,-6.24,0.0304,83.093,11,4,sad,0.07142857142857142,0.25,0.25,0.07142857142857142,0.07142857142857142,0.07142857142857142,0.07142857142857142,0.07142857142857142,0.03571428571428571,0.03571428571428571
96,4KlL5Bwlm4yHYxr0B2rHci,Heal,Long Way Down (Deluxe),Tom Odell,2013-06-24,70,193080,0.445,0.952,0.179,0.00056,0.107,0.119,-12.938,0.0396,72.246,1,4,sad,0.13071895424836602,0.10457516339869281,0.11764705882352941,0.09803921568627451,0.0784313725490196,0.006535947712418301,0.1895424836601307,0.05228758169934641,0.16993464052287582,0.05228758169934641
97,2RttW7RAu5nOAfq6YFvApB,Happier,÷ (Deluxe),Ed Sheeran,2017-03-03,74,207520,0.522,0.536,0.385,0.0,0.135,0.236,-7.355,0.0288,89.792,0,4,sad,0.04938271604938271,0.12345679012345678,0.1728395061728395,0.13580246913580246,0.024691358024691357,0.1728395061728395,0.12345679012345678,0.012345679012345678,0.1111111111111111,0.07407407407407407
98,54KFQB6N4pn926IUUYZGzK,To Build A Home,Ma Fleur,The Cinematic Orchestra,2007-05-07,72,371320,0.264,0.885,0.122,0.349,0.094,0.0735,-15.399,0.0349,148.658,9,4,sad,0.13157894736842105,0.0,0.18421052631578946,0.07894736842105263,0.07894736842105263,0.10526315789473684,0.13157894736842105,0.05263157894736842,0.10526315789473684,0.13157894736842105
99,61iyAeMVUNu7vIVqedsBFB,We Don't Have To Take Our Clothes Off,Feline (Deluxe),Ella Eyre,2015-08-14,0,236293,0.565,0.956,0.176,5.47e-06,0.108,0.301,-9.254,0.0419,97.931,0,3,sad,0.175,0.0,0.025,0.0125,0.025,0.1,0.3,0.0,0.2,0.1625
100,1mXVgsBdtIVeCLJnSnmtdV,Too Good At Goodbyes,The Thrill Of It All (Special Edition),Sam Smith,2017-11-03,82,201000,0.715,0.638,0.372,0.0,0.169,0.474,-8.237,0.0443,91.931,5,4,sad,0.10559006211180125,0.031055900621118012,0.13664596273291926,0.10559006211180125,0.018633540372670808,0.13664596273291926,0.14906832298136646,0.018633540372670808,0.14285714285714285,0.15527950310559005
101,41WTP0gosjYD74B06uS2tL,You Said You'd Grow Old With Me,Wide Awake,Michael Schulte,2012-09-28,57,224743,0.531,0.905,0.347,0.0,0.0935,0.289,-7.044,0.0345,114.441,0,4,sad,0.18181818181818182,0.0,0.022727272727272728,0.1590909090909091,0.0,0.0,0.20454545454545456,0.0,0.11363636363636363,0.3181818181818182
102,5fX2oPyLCe5mBKqGDbOWqC,When You Love Someone,First Impressions,James TW,2016-04-15,0,216373,0.68,0.256,0.446,0.0,0.0515,0.339,-6.039,0.0281,125.863,7,4,sad,0.018867924528301886,0.018867924528301886,0.09433962264150944,0.09433962264150944,0.018867924528301886,0.05660377358490566,0.3584905660377358,0.018867924528301886,0.2641509433962264,0.05660377358490566
103,4hQ6UGyWQIGJmHSo0J88JW,Back To You - From 13 Reasons Why – Season 2 Soundtrack,Back To You (From 13 Reasons Why – Season 2 Soundtrack),Selena Gomez,2018-05-10,70,207904,0.6,0.0933,0.725,1.87e-06,0.12,0.506,-4.866,0.0487,102.056,6,4,sad,0.09210526315789473,0.10526315789473684,0.19736842105263158,0.10526315789473684,0.10526315789473684,0.06578947368421052,0.14473684210526316,0.07894736842105263,0.05263157894736842,0.05263157894736842
104,5TvE3pk05pyFIGdSY9j4DJ,Say Something,Is There Anybody Out There? - Track by Track Commentary,A Great Big World,2014-01-13,67,229400,0.407,0.857,0.147,2.89e-06,0.0913,0.0765,-8.822,0.0355,141.284,2,3,sad,0.07142857142857142,0.14285714285714285,0.14285714285714285,0.14285714285714285,0.0,0.0,0.42857142857142855,0.0,0.07142857142857142,0.0
105,4L2K7JKseFCBoHMZEAszW0,Jealous,Jealous,Labrinth,2014-11-21,0,287693,0.439,0.874,0.153,0.0,0.107,0.104,-8.95,0.0479,116.76,1,3,sad,0.08571428571428572,0.047619047619047616,0.17142857142857143,0.047619047619047616,0.14285714285714285,0.01904761904761905,0.14285714285714285,0.14285714285714285,0.11428571428571428,0.08571428571428572
106,0YywjDvFudcaHG74NuWISy,People Help the People,Birdy,Birdy,2011-11-04,69,256236,0.433,0.778,0.308,1.46e-05,0.092,0.153,-9.001,0.0291,73.331,10,3,sad,0.0975609756097561,0.12195121951219512,0.2073170731707317,0.07317073170731707,0.04878048780487805,0.06097560975609756,0.12195121951219512,0.07317073170731707,0.10975609756097561,0.08536585365853659
107,7Cj2tT0m2SBeIO1PsGfk8A,Grenade - Acoustic,The Grenade Sessions,Bruno Mars,2011-02-08,62,249535,0.639,0.819,0.393,0.0,0.0891,0.363,-6.314,0.0309,97.917,2,4,sad,0.021739130434782608,0.14130434782608695,0.21739130434782608,0.17391304347826086,0.021739130434782608,0.05434782608695652,0.13043478260869565,0.07608695652173914,0.13043478260869565,0.03260869565217391
108,0nJW01T7XtvILxQgC5J7Wh,When I Was Your Man,Unorthodox Jukebox,Bruno Mars,2012-12-07,87,213826,0.612,0.932,0.28,0.0,0.088,0.387,-8.648,0.0434,72.795,0,4,sad,0.12903225806451613,0.0,0.0967741935483871,0.03225806451612903,0.016129032258064516,0.12903225806451613,0.25806451612903225,0.03225806451612903,0.20967741935483872,0.0967741935483871
109,4VuS959DSpr82t3qBqCrWG,Supermarket Flowers,÷ (Deluxe),Ed Sheeran,2017-03-03,72,221106,0.589,0.914,0.242,0.0,0.0887,0.257,-10.517,0.0442,89.749,6,4,sad,0.11842105263157894,0.11842105263157894,0.13157894736842105,0.09210526315789473,0.0,0.05263157894736842,0.19736842105263158,0.013157894736842105,0.14473684210526316,0.13157894736842105
110,6c49aRi6DzktdZAEjirA5v,Je Hebt Een Vriend,Tele Romeo,K3,2001,0,205346,0.624,0.478,0.462,0.0,0.121,0.326,-7.597,0.0283,124.012,5,4,sad,0.0,0.3181818181818182,0.3181818181818182,0.3181818181818182,0.0,0.0,0.045454545454545456,0.0,0.0,0.0
111,4VPXFi4vFTtS9wHe6oMQaT,I Can't Fall in Love Without You,So Good,Zara Larsson,2017-03-17,59,180640,0.455,0.783,0.334,0.000109,0.146,0.268,-9.155,0.0346,129.985,4,4,sad,0.06329113924050633,0.0,0.189873417721519,0.17721518987341772,0.012658227848101266,0.0379746835443038,0.22784810126582278,0.0,0.22784810126582278,0.06329113924050633
112,2afCBiru10AFckfOa49wIa,You & I,Midnight Memories (Deluxe),One Direction,2013-11-25,78,237933,0.574,0.22,0.329,0.0,0.0986,0.356,-6.829,0.0274,130.993,1,4,sad,0.0,0.0,0.0,0.0,0.0,0.0,0.0,0.0,0.0,0.0
113,442j8VxaB60dWf9cBFuX5w,Almost Is Never Enough,Yours Truly,Ariana Grande,2013-01-01,65,327773,0.324,0.825,0.327,0.0,0.101,0.334,-7.494,0.0409,81.328,2,4,sad,0.1,0.014285714285714285,0.08571428571428572,0.02857142857142857,0.1,0.014285714285714285,0.3142857142857143,0.04285714285714286,0.24285714285714285,0.05714285714285714
114,7fWSIddv6LJG8ZXJFNVQyi,Nothing Really Matters,Nothing Really Matters,Mr. Probz,2014-09-27,0,222041,0.404,0.888,0.225,0.0,0.111,0.275,-8.829,0.0363,135.075,4,4,sad,0.07894736842105263,0.02631578947368421,0.05263157894736842,0.02631578947368421,0.05263157894736842,0.02631578947368421,0.34210526315789475,0.0,0.3157894736842105,0.07894736842105263
115,5zCunX8URvLoBHlg1Fnjv6,Already Gone,"Covers, Vol. 2",Sleeping At Last,2016-11-04,65,243007,0.418,0.954,0.248,4.21e-06,0.108,0.298,-9.997,0.0451,130.953,3,4,sad,0.20833333333333334,0.0,0.0,0.10416666666666667,0.0,0.020833333333333332,0.25,0.0,0.20833333333333334,0.20833333333333334
116,2li2YIAG0WR8wlkgyUbmST,Lonely,Chillhop Raw Cuts,Various Artists,2017-02-13,0,119901,0.425,0.776,0.21,0.902,0.0992,0.311,-12.242,0.0451,158.846,8,4,sad,0.011940298507462687,0.18507462686567164,0.191044776119403,0.1880597014925373,0.18208955223880596,0.011940298507462687,0.020895522388059702,0.17313432835820897,0.01791044776119403,0.01791044776119403
117,6BubvX05pun9ZjAOtkEYQb,Butterfly Fly Away,Hannah Montana The Movie,Various Artists,2009-01-01,37,189986,0.613,0.733,0.286,0.000181,0.267,0.431,-12.609,0.0259,134.938,11,4,sad,0.2222222222222222,0.037037037037037035,0.037037037037037035,0.07407407407407407,0.037037037037037035,0.037037037037037035,0.18518518518518517,0.037037037037037035,0.18518518518518517,0.14814814814814814
118,0VhgEqMTNZwYL1ARDLLNCX,Can I Be Him,Back from the Edge,James Arthur,2016-10-28,76,246880,0.696,0.308,0.543,0.0,0.0939,0.479,-6.164,0.0489,107.969,11,4,sad,0.23655913978494625,0.021505376344086023,0.03225806451612903,0.13978494623655913,0.03225806451612903,0.010752688172043012,0.24731182795698925,0.0,0.12903225806451613,0.15053763440860216
119,2PIlBukQ6limukVR8Ubb5o,Please Don't Say You Love Me,English Rain,Gabrielle Aplin,2013-05-13,49,181400,0.479,0.737,0.541,0.0,0.108,0.321,-9.862,0.0545,85.994,0,4,sad,0.0,0.1,0.18,0.08,0.02,0.04,0.24,0.02,0.2,0.12
120,5E5MqaS6eOsbaJibl3YeMZ,Homesick,Dua Lipa (Deluxe),Dua Lipa,2017-06-02,58,230480,0.426,0.948,0.224,0.0,0.112,0.399,-8.683,0.0391,85.728,6,5,sad,0.10294117647058823,0.058823529411764705,0.11764705882352941,0.14705882352941177,0.08823529411764706,0.04411764705882353,0.16176470588235295,0.07352941176470588,0.10294117647058823,0.10294117647058823
121,6XmOSwXQGSOFNOL82jei5L,His Daughter,His Daughter,Molly Kate Kestner,2015-08-21,37,357153,0.465,0.874,0.153,0.0,0.117,0.262,-8.85,0.0708,168.938,6,3,sad,0.1,0.1,0.125,0.08333333333333333,0.016666666666666666,0.025,0.19166666666666668,0.025,0.18333333333333332,0.15
122,2kMAKtrAu16HVWxBnOwuhd,Hurts Like Hell,Love and War,Fleurie,2016-09-19,0,232000,0.433,0.727,0.152,5.19e-05,0.107,0.0974,-13.384,0.0369,129.792,9,3,sad,0.07590759075907591,0.10891089108910891,0.11551155115511551,0.10561056105610561,0.09900990099009901,0.0858085808580858,0.11551155115511551,0.09570957095709572,0.10231023102310231,0.09570957095709572
123,6pP5RJbBH6eKR8BCYX3MSU,Make Me (Cry) - Acoustic Version,Make Me (Cry) [Acoustic Version],Noah Cyrus,2016-12-13,50,232906,0.604,0.886,0.261,0.0,0.142,0.361,-7.736,0.0598,77.245,0,4,sad,0.12307692307692308,0.046153846153846156,0.09230769230769231,0.13846153846153847,0.046153846153846156,0.03076923076923077,0.2153846153846154,0.015384615384615385,0.16923076923076924,0.12307692307692308
124,2HfKpWYPx4Os46z1K7yE4k,I Miss You (feat. Julia Michaels) - Acoustic,I Miss You (feat. Julia Michaels) [Acoustic],Clean Bandit,2017-12-08,43,216294,0.556,0.865,0.31,0.0,0.0793,0.492,-9.33,0.0302,104.776,3,4,sad,0.0975609756097561,0.04878048780487805,0.14634146341463414,0.07317073170731707,0.0975609756097561,0.12195121951219512,0.1951219512195122,0.07317073170731707,0.07317073170731707,0.07317073170731707
125,7M8d1oa1Rfvik0RRHT12wt,Issues - Acoustic,Issues (Acoustic),Julia Michaels,2017-03-24,0,175280,0.691,0.742,0.343,0.0,0.0731,0.591,-6.107,0.0531,114.398,8,4,sad,0.08163265306122448,0.08163265306122448,0.1326530612244898,0.09183673469387756,0.11224489795918367,0.02040816326530612,0.17346938775510204,0.11224489795918367,0.15306122448979592,0.04081632653061224
126,3bejwgKeed56qo9OkKBaus,Lonely Together - Acoustic,Lonely Together (Acoustic),Avicii,2017-10-27,0,182078,0.454,0.814,0.43,0.0,0.172,0.507,-6.396,0.0399,139.956,4,3,sad,0.02962962962962963,0.1925925925925926,0.1925925925925926,0.17037037037037037,0.14814814814814814,0.0,0.02962962962962963,0.17037037037037037,0.007407407407407408,0.05925925925925926
127,3u5bTqHMM1P34ZkbwzdckV,The Story Never Ends,I met you when I was 18. (the playlist),Lauv,2018-05-31,0,229029,0.614,0.911,0.126,0.0,0.148,0.351,-9.403,0.0376,119.945,9,4,sad,0.0,0.06451612903225806,0.3548387096774194,0.16129032258064516,0.22580645161290322,0.03225806451612903,0.06451612903225806,0.0967741935483871,0.0,0.0
128,6MowG7MRVgPfGlCMsXKMJ2,Bird Set Free,This Is Acting (Deluxe Version),Sia,2016-10-21,61,252440,0.438,0.0115,0.805,0.000667,0.133,0.31,-4.284,0.0728,150.174,5,4,sad,0.10945273631840796,0.10945273631840796,0.10945273631840796,0.13930348258706468,0.09950248756218906,0.07462686567164178,0.12935323383084577,0.01990049751243781,0.12437810945273632,0.0845771144278607
129,7tQ9nEJbYZTb8ghZ0d2t0k,Promise Not To Fall,13 Reasons Why (Season 2),Selena Gomez,2018-05-18,40,208893,0.46,0.521,0.592,0.0367,0.129,0.133,-5.462,0.0313,149.272,9,4,sad,0.1326530612244898,0.04081632653061224,0.17346938775510204,0.16326530612244897,0.05102040816326531,0.07142857142857142,0.1326530612244898,0.030612244897959183,0.1326530612244898,0.07142857142857142
130,2mDAAURYFQ0kWXPIA4RlRv,XO,i think you think too much of me,EDEN,2016-08-19,0,159512,0.611,0.679,0.392,0.0,0.113,0.625,-5.848,0.105,163.917,2,4,sad,0.12389380530973451,0.1415929203539823,0.19469026548672566,0.1415929203539823,0.04424778761061947,0.05309734513274336,0.1415929203539823,0.017699115044247787,0.061946902654867256,0.07964601769911504
131,6fNhZRFEkBfgW39W3wKARJ,Pompeii,Bad Blood,Bastille,2013-01-01,75,214147,0.679,0.0755,0.715,0.0,0.271,0.571,-6.383,0.0407,127.435,9,4,sad,0.16279069767441862,0.11627906976744186,0.20930232558139536,0.16279069767441862,0.06976744186046512,0.0,0.20930232558139536,0.0,0.06976744186046512,0.0
132,3ee8Jmje8o58CHK66QrVC2,SAD!,?,XXXTENTACION,2018-03-16,79,166605,0.74,0.258,0.613,0.00372,0.123,0.473,-4.88,0.145,75.023,8,4,sad,0.0136986301369863,0.2328767123287671,0.273972602739726,0.1780821917808219,0.136986301369863,0.0136986301369863,0.0410958904109589,0.0547945205479452,0.0410958904109589,0.0136986301369863
133,4y5Cc7AOL8CIdtLWdcuGMg,Dancing On My Own - Acoustic,Dancing On My Own (Acoustic),Calum Scott,2016-06-17,0,253482,0.525,0.952,0.0789,3.75e-06,0.146,0.441,-11.496,0.0423,117.803,1,4,sad,0.0425531914893617,0.0425531914893617,0.0851063829787234,0.10638297872340426,0.02127659574468085,0.0851063829787234,0.3404255319148936,0.0,0.19148936170212766,0.0851063829787234
134,2bKS7HtZ9Cy4K7NGeRlePF,Attention - Acoustic,Attention (Acoustic),Charlie Puth,2017-06-09,0,206702,0.527,0.593,0.506,0.0,0.116,0.96,-4.35,0.0748,199.949,6,4,sad,0.05084745762711865,0.05084745762711865,0.13559322033898305,0.1016949152542373,0.05084745762711865,0.05084745762711865,0.22033898305084745,0.0847457627118644,0.03389830508474576,0.22033898305084745
135,3LNevUhGNlWmwruIoUKNZe,party favor,dont smile at me,Billie Eilish,2017-12-22,0,204770,0.818,0.883,0.189,3.76e-06,0.102,0.217,-12.284,0.0913,130.034,0,4,sad,0.04081632653061224,0.061224489795918366,0.16326530612244897,0.061224489795918366,0.061224489795918366,0.10204081632653061,0.16326530612244897,0.061224489795918366,0.12244897959183673,0.16326530612244897
136,19W5OTEcQI3ZoRW1HERMyy,Cancer,Cancer,Twenty One Pilots,2016-09-14,58,236826,0.652,0.281,0.295,1.03e-05,0.0809,0.196,-11.045,0.0477,75.065,2,4,sad,0.14285714285714285,0.09523809523809523,0.07142857142857142,0.09523809523809523,0.07142857142857142,0.07142857142857142,0.19047619047619047,0.023809523809523808,0.16666666666666666,0.07142857142857142
137,5P3yUXUC9rZPJPNmYGKEAz,Goner,Blurryface,Twenty One Pilots,2015-05-15,58,236733,0.565,0.194,0.437,7.14e-06,0.0656,0.217,-7.68,0.0403,96.132,6,3,sad,0.0,0.2727272727272727,0.2727272727272727,0.18181818181818182,0.0,0.2727272727272727,0.0,0.0,0.0,0.0
138,4izhmF4sQgGemZpLC68bC5,Before You Start Your Day,Twenty One Pilots,Twenty One Pilots,2009-12-29,50,233000,0.363,0.976,0.135,0.000265,0.107,0.195,-11.166,0.0295,98.45,7,4,sad,0.1,0.0,0.0,0.1,0.0,0.0,0.2,0.1,0.2,0.3
139,75ZvA4QfFiZvzhj2xkaWAh,I Fall Apart,Stoney (Deluxe),Post Malone,2016-12-09,75,223346,0.556,0.0689,0.538,0.0,0.196,0.291,-5.408,0.0382,143.946,8,4,sad,0.041666666666666664,0.08333333333333333,0.2638888888888889,0.16666666666666666,0.09722222222222222,0.041666666666666664,0.125,0.09722222222222222,0.013888888888888888,0.06944444444444445
140,7m9OqQk4RVRkw9JJdeAw96,Jocelyn Flores,17,XXXTENTACION,2017-08-25,80,119133,0.872,0.469,0.391,4.13e-06,0.297,0.437,-9.144,0.242,134.021,0,4,sad,0.05970149253731343,0.19402985074626866,0.2537313432835821,0.1791044776119403,0.029850746268656716,0.029850746268656716,0.05970149253731343,0.029850746268656716,0.05970149253731343,0.1044776119402985
141,7mmf56XtAneYnuomOuvySJ,hell is where i dreamt of u and woke up alone,digital druglord,blackbear,2017-04-21,0,168428,0.587,0.924,0.199,0.0,0.13,0.33,-11.615,0.0574,136.762,7,4,sad,0.10526315789473684,0.10526315789473684,0.18421052631578946,0.13157894736842105,0.07894736842105263,0.07894736842105263,0.10526315789473684,0.10526315789473684,0.07894736842105263,0.02631578947368421
142,3i5qVV8azKqGFK4Gzdt5YS,If You Want Love,Perception,NF,2017-10-06,69,199386,0.552,0.659,0.386,0.0,0.125,0.243,-10.22,0.13,116.205,0,1,sad,0.07142857142857142,0.1,0.08571428571428572,0.07142857142857142,0.0,0.02857142857142857,0.3142857142857143,0.0,0.24285714285714285,0.08571428571428572
143,6VwBbL8CzPiC4QV66ay7oR,Wicked Games,Trilogy,The Weeknd,2012-11-13,66,323746,0.658,0.00934,0.594,4.99e-06,0.325,0.317,-5.196,0.031,114.078,9,4,sad,0.023529411764705882,0.16470588235294117,0.23529411764705882,0.16470588235294117,0.023529411764705882,0.15294117647058825,0.10588235294117647,0.023529411764705882,0.10588235294117647,0.0
144,5PZ2cqh9Yem2g6cTSOLllz,Pain,One-X,Three Days Grace,2006-06-25,66,202973,0.416,0.00804,0.741,0.0,0.273,0.286,-4.001,0.0335,160.515,7,4,sad,0.0,0.16666666666666666,0.25,0.25,0.0,0.08333333333333333,0.0,0.08333333333333333,0.0,0.16666666666666666
145,5qJZxVKQ8vz9Rak3t4b2VY,This Is My Version,Covers,Conor Maynard,2016-08-05,40,148588,0.632,0.852,0.38,0.0,0.0992,0.588,-7.073,0.0301,77.944,1,4,sad,0.08,0.2,0.24,0.16,0.02,0.06,0.08,0.04,0.06,0.06
146,7bMkcxifc4EjIQKw49EC7h,September Song - Guitar Acoustic,Raised Under Grey Skies (Deluxe),JP Cooper,2017-10-06,58,212152,0.593,0.355,0.394,0.0,0.121,0.542,-8.946,0.0291,94.897,0,4,sad,0.07317073170731707,0.0975609756097561,0.0975609756097561,0.0975609756097561,0.12195121951219512,0.024390243902439025,0.24390243902439024,0.04878048780487805,0.04878048780487805,0.14634146341463414
147,3rdTo5LQGou3pS2ZLxTAcQ,Starving - Acoustic,Starving (Acoustic),Hailee Steinfeld,2016-11-11,50,181293,0.788,0.586,0.262,0.0,0.117,0.719,-8.354,0.0419,99.859,4,4,sad,0.0,0.07317073170731707,0.36585365853658536,0.04878048780487805,0.1951219512195122,0.07317073170731707,0.0975609756097561,0.12195121951219512,0.0,0.024390243902439025
148,0uZnF1sn2IcNCvnyAIKNMQ,Mercy - Acoustic,Illuminate (Deluxe),Shawn Mendes,2017-04-20,56,219160,0.57,0.711,0.347,0.0,0.11,0.43,-6.649,0.0358,74.054,11,4,sad,0.0759493670886076,0.0759493670886076,0.1518987341772152,0.0759493670886076,0.0759493670886076,0.0379746835443038,0.34177215189873417,0.012658227848101266,0.10126582278481013,0.05063291139240506
149,5AFMjlqAA0skXGqZHGZDxt,Perfect Strangers - Acoustic,Perfect Strangers (Acoustic),Jonas Blue,2016-07-15,42,191206,0.661,0.757,0.672,0.0,0.112,0.609,-4.292,0.0377,117.943,0,4,sad,0.16071428571428573,0.125,0.05357142857142857,0.03571428571428571,0.017857142857142856,0.017857142857142856,0.26785714285714285,0.03571428571428571,0.10714285714285714,0.17857142857142858
150,1EXxVBTTTzjgon6hWh3TuD,Stay - Acoustic,Stay (Acoustic),Zedd,2017-06-09,42,195051,0.625,0.094,0.574,0.0,0.298,0.294,-7.383,0.028,100.06,5,4,sad,0.0,0.0,0.0,0.0,0.0,0.0,0.0,0.0,0.0,0.0
151,6pezb9EwyygkHnJqkjLphG,Kill Em With Kindness - Acoustic,13 Reasons Why (A Netflix Original Series Soundtrack),Various Artists,2017-03-30,46,212693,0.547,0.922,0.158,0.0,0.102,0.148,-14.905,0.0315,95.08,11,4,sad,0.0,0.24390243902439024,0.2764227642276423,0.18699186991869918,0.07317073170731707,0.016260162601626018,0.17886178861788618,0.008130081300813009,0.0,0.016260162601626018
152,6Qm7DBWQguBzK459j4fOBt,The A Team - Acoustic,The A Team,Ed Sheeran,2011-06-10,40,241185,0.649,0.727,0.264,0.0,0.292,0.424,-9.899,0.28,121.815,9,5,sad,0.08333333333333333,0.13541666666666666,0.20833333333333334,0.11458333333333333,0.0625,0.041666666666666664,0.08333333333333333,0.11458333333333333,0.08333333333333333,0.07291666666666667
153,2mZrKpdrNUA4oZJWzTunqZ,Thunder - Live/Acoustic,Live At AllSaints Studios,Imagine Dragons,2017-08-04,43,214000,0.482,0.0611,0.694,0.0,0.0562,0.763,-4.718,0.125,169.037,4,4,sad,0.06451612903225806,0.20967741935483872,0.06451612903225806,0.04838709677419355,0.1774193548387097,0.1935483870967742,0.11290322580645161,0.0,0.06451612903225806,0.06451612903225806
154,1Jle5IfWWuetgt8fvW2Q69,Demons - Live London Sessions / 2013,Imagine Dragons (Live London Sessions),Imagine Dragons,2013-01-01,34,187506,0.438,0.34,0.361,0.0,0.101,0.31,-7.757,0.038,179.032,10,4,sad,0.0,0.0,0.0,0.0,0.0,0.0,0.0,0.0,0.0,0.0
155,3Eog0V6GCpABelD89PbUeB,Believer - Live/Acoustic,Live At AllSaints Studios,Imagine Dragons,2017-08-04,41,236000,0.602,0.264,0.392,0.0,0.102,0.257,-9.436,0.0875,115.904,3,4,sad,0.16296296296296298,0.14814814814814814,0.1925925925925926,0.17777777777777778,0.044444444444444446,0.037037037037037035,0.14074074074074075,0.014814814814814815,0.05185185185185185,0.02962962962962963
156,7uQE6YnZNEEkZ31808s8HC,Baby Don't Cut,Baby Don't Cut,Bmike,2014-09-25,46,252943,0.56,0.595,0.781,0.0,0.409,0.508,-4.957,0.0802,75.996,0,4,sad,0.10211267605633803,0.08450704225352113,0.13380281690140844,0.09154929577464789,0.07394366197183098,0.0528169014084507,0.176056338028169,0.06338028169014084,0.1619718309859155,0.05985915492957746
157,0Mf6WhWLfOpzOxacvbcboj,rock + roll,i think you think too much of me,EDEN,2016-08-19,52,296053,0.468,0.875,0.517,0.00705,0.171,0.425,-7.049,0.0574,69.282,0,4,sad,0.11016949152542373,0.13559322033898305,0.22033898305084745,0.1016949152542373,0.06779661016949153,0.059322033898305086,0.11864406779661017,0.05084745762711865,0.06779661016949153,0.06779661016949153
158,2cXATVqLE5BELCbWSHQKva,The Doctor Said,The Doctor Said,Chloe Adams,2017-03-28,42,211084,0.604,0.758,0.283,0.0,0.102,0.173,-7.36,0.0358,82.982,9,4,sad,0.12849162011173185,0.11731843575418995,0.12849162011173185,0.09497206703910614,0.07262569832402235,0.05027932960893855,0.1564245810055866,0.0670391061452514,0.08379888268156424,0.1005586592178771
159,4jz9DjiXmW4eUe5CgqWxbf,On My Own,Teen Beach 2 (Original TV Movie Soundtrack),Various Artists,2015-01-01,40,207213,0.631,0.133,0.742,0.0,0.158,0.479,-5.507,0.0376,88.004,7,4,sad,0.0,0.04878048780487805,0.4146341463414634,0.34146341463414637,0.04878048780487805,0.04878048780487805,0.04878048780487805,0.0,0.0,0.04878048780487805
160,5Gu0PDLN4YJeW75PpBSg9p,"Let Me Go (with Alesso, Florida Georgia Line & watt)","Let Me Go (with Alesso, Florida Georgia Line & watt)",Hailee Steinfeld,2017-09-08,70,174800,0.664,0.0337,0.708,0.0,0.0841,0.742,-4.154,0.0474,103.07,8,4,sad,0.0,0.0,0.0,0.0,0.0,0.0,0.0,0.0,0.0,0.0
161,0MO1qNhm8aRZchi8CJlIRo,Can't Love Myself,Can't Love Myself,Monty Datta,2018-02-16,56,122723,0.585,0.913,0.0836,0.00189,0.126,0.453,-12.663,0.296,180.172,1,4,sad,0.03488372093023256,0.10465116279069768,0.11627906976744186,0.11627906976744186,0.011627906976744186,0.0,0.27906976744186046,0.03488372093023256,0.26744186046511625,0.03488372093023256
162,0THaWSWIhPExcWDycK5nBo,Jocelyn Flores,Jocelyn Flores,Killpop,2017-11-01,0,118961,0.909,0.262,0.173,0.000189,0.229,0.337,-15.239,0.0875,100.045,9,4,sad,0.05970149253731343,0.19402985074626866,0.2537313432835821,0.1791044776119403,0.029850746268656716,0.029850746268656716,0.05970149253731343,0.029850746268656716,0.05970149253731343,0.1044776119402985
163,2vQwlW8H1jFveGNXwZfJCV,Dead Inside (Interlude),17,XXXTENTACION,2017-08-25,58,86826,0.461,0.973,0.0279,0.00226,0.169,0.354,-21.992,0.0412,88.388,0,4,sad,0.06976744186046512,0.06976744186046512,0.06976744186046512,0.06976744186046512,0.06976744186046512,0.06976744186046512,0.20930232558139536,0.06976744186046512,0.20930232558139536,0.09302325581395349
164,4CH66Rxcjcj3VBHwmIBj4T,BAD!,BAD!,XXXTENTACION,2018-11-09,54,94245,0.78,0.0643,0.492,0.0313,0.174,0.374,-3.4,0.0671,143.983,5,4,sad,0.10869565217391304,0.11956521739130435,0.16304347826086957,0.10869565217391304,0.14130434782608695,0.0,0.18478260869565216,0.08695652173913043,0.08695652173913043,0.0
165,7uqcLJFlSYjVPLUz1vPxkY,Guardian angel,SKINS,XXXTENTACION,2018-12-07,62,108034,0.712,0.795,0.374,0.0,0.187,0.779,-10.215,0.511,133.952,0,4,sad,0.0,0.0,0.0,0.0,0.0,0.0,0.0,0.0,0.0,0.0
166,2jTidefcsTu6VQhpIImJrt,All I Want,In A Perfect World (Deluxe),Kodaline,2013-06-14,0,305746,0.188,0.174,0.411,0.153,0.0843,0.159,-9.733,0.0484,187.376,0,3,sad,0.10144927536231885,0.014492753623188406,0.014492753623188406,0.014492753623188406,0.028985507246376812,0.057971014492753624,0.3333333333333333,0.028985507246376812,0.3188405797101449,0.08695652173913043
167,1gBvWYAo67gx97mK62hwKg,Sex for Breakfast,Sex for Breakfast,Lo'fi Boy,2018-03-05,0,146963,0.858,0.658,0.271,0.00293,0.0789,0.475,-15.047,0.47,96.998,9,4,sad,0.17391304347826086,0.0,0.17391304347826086,0.0,0.0,0.0,0.30434782608695654,0.0,0.17391304347826086,0.17391304347826086
168,19YKaevk2bce4odJkP5L22,Nikes,Blonde,Frank Ocean,2016-08-20,71,314075,0.633,0.692,0.395,0.000222,0.108,0.123,-9.638,0.0857,138.023,8,4,sad,0.16666666666666666,0.03333333333333333,0.06666666666666667,0.03333333333333333,0.03333333333333333,0.05,0.25,0.06666666666666667,0.18333333333333332,0.11666666666666667
169,21uwnuheXfeJoo2vip9fyh,A Letter to Xxxtentacion,A Letter to Xxxtentacion,Emonn Lacoree,2018-06-20,0,200751,0.669,0.766,0.509,0.0,0.108,0.6,-8.457,0.777,91.165,0,4,sad,0.0,0.0,0.0,0.0,0.0,0.0,0.0,0.0,0.0,0.0
170,0KTdKLiwmurQgFT7Y9mOM7,You Are Loving,Passion & Confusion,Timmies,2017-09-21,0,100812,0.814,0.874,0.333,3.54e-06,0.615,0.387,-11.56,0.189,99.994,6,4,sad,0.17894736842105263,0.0,0.11578947368421053,0.0,0.0,0.0,0.3157894736842105,0.0,0.21052631578947367,0.17894736842105263
171,6nkcPGa0sr24NFCc5l5UjE,If I Could Tell Her,Dear Evan Hansen (Original Broadway Cast Recording),Various Artists,2017-02-03,56,248653,0.584,0.647,0.312,0.0,0.152,0.455,-8.249,0.0405,96.026,4,4,sad,0.20408163265306123,0.0,0.0,0.0,0.0,0.061224489795918366,0.32653061224489793,0.0,0.22448979591836735,0.1836734693877551
172,3EPXxR3ImUwfayaurPi3cm,Be Alright,Be Alright,Dean Lewis,2018-06-29,73,196373,0.553,0.697,0.586,0.0,0.0813,0.443,-6.319,0.0362,126.684,11,4,sad,0.07407407407407407,0.07407407407407407,0.037037037037037035,0.037037037037037035,0.0,0.07407407407407407,0.3333333333333333,0.0,0.25925925925925924,0.1111111111111111
173,7quAYFaV0R1JXUiapBbeHl,William,Lithopédion,Damso,2018-06-15,41,95160,0.489,0.446,0.517,0.0,0.0832,0.166,-8.921,0.307,149.609,1,4,sad,0.0,0.26666666666666666,0.3,0.26666666666666666,0.0,0.03333333333333333,0.06666666666666667,0.0,0.03333333333333333,0.03333333333333333
174,629kbMNfMZRSfSHNhcMQyj,Oceaan,Alles Is Familie,Various Artists,2012-01-01,0,161933,0.421,0.863,0.29,0.0,0.124,0.208,-9.849,0.034,96.163,9,4,sad,0.0,0.14285714285714285,0.14285714285714285,0.14285714285714285,0.14285714285714285,0.0,0.14285714285714285,0.14285714285714285,0.0,0.14285714285714285
175,2nE0r5ORSv4KdhhlqrZo58,Revenge,Theos,Pk.Pg,2018-06-21,0,134739,0.549,0.959,0.241,8.16e-06,0.111,0.191,-13.581,0.0465,121.355,11,4,sad,0.04430379746835443,0.2088607594936709,0.22151898734177214,0.18354430379746836,0.05063291139240506,0.056962025316455694,0.06962025316455696,0.06962025316455696,0.04430379746835443,0.05063291139240506
176,6yvxKrf9KZLTodXFTBmdR1,Nicotine,Amigo,Chef'Special,2017-03-03,0,238260,0.569,0.639,0.301,1.02e-06,0.0982,0.443,-9.478,0.03,89.541,5,4,sad,0.009708737864077669,0.13592233009708737,0.27184466019417475,0.21359223300970873,0.13592233009708737,0.009708737864077669,0.009708737864077669,0.13592233009708737,0.009708737864077669,0.06796116504854369
177,6MH1oRsRfQc2ZCco3ic7Mx,Most Girls - Acoustic,Most Girls (Acoustic),Hailee Steinfeld,2017-08-04,45,200880,0.676,0.514,0.266,0.0,0.108,0.707,-8.847,0.184,205.598,9,4,sad,0.027777777777777776,0.2638888888888889,0.2847222222222222,0.24305555555555555,0.034722222222222224,0.020833333333333332,0.05555555555555555,0.013888888888888888,0.034722222222222224,0.020833333333333332
178,7CzVAhQeZfTLqNnzdAiqrH,Let Her Go - Acoustic,All The Little Lights,Passenger,2012-11-05,0,266746,0.553,0.943,0.0748,0.0,0.0822,0.256,-13.781,0.0496,141.341,4,4,sad,0.07913669064748201,0.07913669064748201,0.1079136690647482,0.10071942446043165,0.07913669064748201,0.07913669064748201,0.15827338129496402,0.07913669064748201,0.15827338129496402,0.07913669064748201
179,6LW0f4CsC9PtGPBXPJAnAL,Please Don't Cut,Please Don't Cut,Mikelwj,2012-10-22,32,267129,0.673,0.241,0.491,0.0,0.0944,0.385,-12.666,0.263,80.076,6,4,sad,0.1762295081967213,0.0778688524590164,0.0942622950819672,0.07377049180327869,0.06557377049180328,0.05737704918032787,0.19262295081967212,0.036885245901639344,0.13934426229508196,0.0860655737704918
180,1EQFOouqdKYdpbNoOHRVO2,abcdefu (angrier),abcdefu (angrier),GAYLE,2021-09-24,62,159836,0.671,0.0658,0.599,0.0,0.101,0.448,-6.18,0.0405,121.849,4,3,sad,0.04878048780487805,0.04878048780487805,0.14634146341463414,0.12195121951219512,0.12195121951219512,0.04878048780487805,0.1951219512195122,0.12195121951219512,0.07317073170731707,0.07317073170731707
181,66Ae3p10Em3KdTaM787Ptx,this is what heartbreak feels like,this is what heartbreak feels like (432Hz),JVKE,2022-10-04,60,157636,0.707,0.578,0.474,0.0,0.11,0.538,-4.603,0.0672,109.991,1,4,sad,0.0736196319018405,0.09815950920245399,0.22699386503067484,0.06748466257668712,0.049079754601226995,0.03680981595092025,0.1165644171779141,0.147239263803681,0.1165644171779141,0.06748466257668712
182,76cy1WJvNGJTj78UqeA5zr,IDGAF,Dua Lipa (Deluxe),Dua Lipa,2017-06-02,77,217946,0.836,0.0403,0.544,0.0,0.0824,0.51,-5.975,0.0943,97.028,7,4,sad,0.0821917808219178,0.0136986301369863,0.2328767123287671,0.0684931506849315,0.0273972602739726,0.0273972602739726,0.1780821917808219,0.1232876712328767,0.1506849315068493,0.0958904109589041
183,6Jkm5kUldvIqxzI1Pa7nXH,10 Things I Hate About You,10 Things I Hate About You,Leah Kate,2022-03-23,4,157138,0.544,0.00991,0.786,0.0,0.169,0.446,-2.97,0.0501,153.967,8,4,sad,0.08235294117647059,0.058823529411764705,0.27058823529411763,0.08235294117647059,0.10588235294117647,0.011764705882352941,0.1411764705882353,0.15294117647058825,0.08235294117647059,0.011764705882352941
184,5MWXOo8DJwgODtPGaietNz,cinderella's dead,cinderella's dead,EMELINE,2022-04-01,67,120666,0.596,0.33,0.607,0.0,0.103,0.531,-6.179,0.168,119.882,6,4,sad,0.014388489208633094,0.18705035971223022,0.2158273381294964,0.17985611510791366,0.16546762589928057,0.007194244604316547,0.02158273381294964,0.15827338129496402,0.014388489208633094,0.03597122302158273
185,6FZDfxM3a3UCqtzo5pxSLZ,Without Me,Manic,Halsey,2020-01-17,77,201660,0.752,0.293,0.488,9.2e-06,0.0936,0.533,-7.05,0.0705,136.07,6,4,sad,0.0,0.0,0.0,0.0,0.0,0.0,0.0,0.0,0.0,0.0
186,20R4HfKloPKgXDqU7UKk3x,Therefore I Am,Happier Than Ever,Billie Eilish,2021-07-30,73,173539,0.879,0.227,0.365,0.135,0.0583,0.663,-7.781,0.0924,94.016,2,4,sad,0.1375,0.05,0.15,0.0375,0.125,0.0125,0.175,0.125,0.1375,0.05
187,7aGyRfJWtLqgJaZoG9lJhE,Mad at Disney,Mad at Disney,salem ilese,2020-07-24,2,136838,0.738,0.424,0.621,7.39e-06,0.692,0.715,-7.313,0.0486,113.968,0,4,sad,0.0,0.0,0.0,0.0,0.0,0.0,0.0,0.0,0.0,0.0
188,4ZtFanR9U6ndgddUvNcjcG,good 4 u,SOUR,Olivia Rodrigo,2021-05-21,82,178146,0.563,0.335,0.664,0.0,0.0849,0.688,-5.044,0.154,166.928,9,4,sad,0.0,0.0,0.0,0.0,0.0,0.0,0.0,0.0,0.0,0.0
189,6WrI0LAC5M1Rw2MnX2ZvEg,Don't Start Now,Don't Start Now,Dua Lipa,2019-10-31,71,183290,0.794,0.0125,0.793,0.0,0.0952,0.677,-4.521,0.0842,123.941,11,4,sad,0.1694915254237288,0.1694915254237288,0.15254237288135594,0.15254237288135594,0.03389830508474576,0.03389830508474576,0.0847457627118644,0.0,0.03389830508474576,0.1694915254237288
190,0AUvWawuP0ibk4SQ3sIZjk,Daisy,Daisy,Ashnikko,2020-07-09,61,146523,0.834,0.235,0.663,0.0,0.372,0.774,-6.143,0.133,121.876,8,4,sad,0.038461538461538464,0.11538461538461539,0.2153846153846154,0.12307692307692308,0.09230769230769231,0.038461538461538464,0.16923076923076924,0.046153846153846156,0.08461538461538462,0.07692307692307693
191,4fkM7M4Uo5AUASnnsRC7EZ,Not Your Barbie Girl,Not Your Barbie Girl,Ava Max,2018-08-13,63,186520,0.745,0.103,0.642,0.0,0.0335,0.35,-4.138,0.0506,120.063,6,4,sad,0.16279069767441862,0.09302325581395349,0.06976744186046512,0.023255813953488372,0.023255813953488372,0.046511627906976744,0.3488372093023256,0.0,0.11627906976744186,0.11627906976744186
192,534P1wgOzlgSogu8At0B6b,I've Had Enough,I've Had Enough,Melina KB,2021-03-12,58,210828,0.742,0.26,0.607,0.0,0.0884,0.667,-5.744,0.0686,170.055,10,3,sad,0.05217391304347826,0.06956521739130435,0.17391304347826086,0.08695652173913043,0.10434782608695652,0.043478260869565216,0.22608695652173913,0.043478260869565216,0.12173913043478261,0.0782608695652174
193,3HWzoMvoF3TQfYg4UPszDq,Truth Hurts,Cuz I Love You (Super Deluxe),Lizzo,2019-04-19,68,173325,0.715,0.11,0.624,0.0,0.123,0.412,-3.046,0.114,158.087,4,4,sad,0.05737704918032787,0.12295081967213115,0.1557377049180328,0.13114754098360656,0.12295081967213115,0.07377049180327869,0.14754098360655737,0.05737704918032787,0.06557377049180328,0.06557377049180328
194,0yvPEnB032fojLfVluFjUv,Sorry Not Sorry,Tell Me You Love Me,Demi Lovato,2017-09-29,70,203760,0.705,0.0242,0.643,0.0,0.262,0.884,-6.929,0.232,143.944,11,4,sad,0.026595744680851064,0.15425531914893617,0.22340425531914893,0.1276595744680851,0.18085106382978725,0.02127659574468085,0.06382978723404255,0.14893617021276595,0.02127659574468085,0.031914893617021274
195,6xsEAm6w9oMQYYg3jkEkMT,Bad Blood,Bad Blood,Taylor Swift,2015-05-17,64,200106,0.654,0.0294,0.655,0.0,0.139,0.221,-7.388,0.106,170.16,11,4,sad,0.0335195530726257,0.12290502793296089,0.1340782122905028,0.12290502793296089,0.12290502793296089,0.01675977653631285,0.1564245810055866,0.11173184357541899,0.1564245810055866,0.0223463687150838
196,23T0OX7QOiIUFShSzbJ5Uo,I Hope,Goldmine,Gabby Barrett,2020-06-19,68,210772,0.466,0.0951,0.536,0.0,0.114,0.377,-6.227,0.0429,75.998,6,4,sad,0.1356382978723404,0.05851063829787234,0.08776595744680851,0.06382978723404255,0.047872340425531915,0.1595744680851064,0.14361702127659576,0.0398936170212766,0.13031914893617022,0.13297872340425532
197,45bE4HXI0AwGZXfZtMp8JR,you broke me first,you broke me first,Tate McRae,2020-04-17,18,169265,0.667,0.785,0.373,0.0,0.0906,0.0823,-9.389,0.05,124.148,4,4,sad,0.014492753623188406,0.2028985507246377,0.2463768115942029,0.2028985507246377,0.08695652173913043,0.043478260869565216,0.08695652173913043,0.07246376811594203,0.0,0.043478260869565216
198,3OHfY25tqY28d16oZczHc8,Kill Bill,SOS,SZA,2022-12-09,77,153946,0.644,0.0543,0.728,0.169,0.161,0.43,-5.75,0.0351,88.993,8,4,sad,0.06097560975609756,0.12195121951219512,0.17073170731707318,0.13414634146341464,0.06097560975609756,0.0,0.1951219512195122,0.04878048780487805,0.14634146341463414,0.06097560975609756
199,5Z2MiIZ5I3jJvvmeWMLbOQ,Escapism.,Escapism. / The Thrill Is Gone.,RAYE,2022-10-12,24,272373,0.538,0.138,0.742,4.67e-05,0.0934,0.25,-5.355,0.114,96.107,2,4,sad,0.13559322033898305,0.14124293785310735,0.22033898305084745,0.1694915254237288,0.03954802259887006,0.011299435028248588,0.1694915254237288,0.022598870056497175,0.04519774011299435,0.04519774011299435
200,2vwlzO0Qp8kfEtzTsCXfyE,Wrecking Ball,Bangerz (Deluxe Version),Miley Cyrus,2013-10-04,78,221360,0.53,0.407,0.422,0.0,0.107,0.349,-6.262,0.0342,119.964,5,4,sad,0.0,0.0,0.0,0.0,0.0,0.0,0.0,0.0,0.0,0.0
201,1r9xUipOqoNwggBpENDsvJ,Enemy (with JID) - from the series Arcane League of Legends,Enemy (with JID) [from the series Arcane League of Legends],Imagine Dragons,2021-10-28,73,173381,0.728,0.237,0.783,0.0,0.434,0.555,-4.424,0.266,77.011,11,4,sad,0.07647058823529412,0.14705882352941177,0.15294117647058825,0.07647058823529412,0.13529411764705881,0.052941176470588235,0.11764705882352941,0.11764705882352941,0.047058823529411764,0.07647058823529412
202,6wNeKPXF0RDKyvfKfri5hf,Dollhouse,Cry Baby (Deluxe Edition),Melanie Martinez,2015-08-14,72,231853,0.725,0.22,0.708,0.0,0.777,0.555,-5.331,0.0756,130.029,5,4,sad,0.20987654320987653,0.012345679012345678,0.07407407407407407,0.012345679012345678,0.024691358024691357,0.07407407407407407,0.20987654320987653,0.024691358024691357,0.20987654320987653,0.14814814814814814
203,0lUSd7TCG8srh6HpIAEIWL,Power,Glory Days (Expanded Edition),Little Mix,2016-11-18,70,247840,0.566,0.0372,0.855,0.000157,0.181,0.517,-4.016,0.211,172.966,7,4,sad,0.07777777777777778,0.08333333333333333,0.16111111111111112,0.1111111111111111,0.14444444444444443,0.06111111111111111,0.1111111111111111,0.08888888888888889,0.07222222222222222,0.08888888888888889
204,59tskctgqUmjCWAwhzYAFm,Looking at Me,Singular Act II,Sabrina Carpenter,2019-07-19,77,181120,0.681,0.00398,0.798,5.11e-06,0.0542,0.516,-4.367,0.0375,105.99,2,4,sad,0.06578947368421052,0.09210526315789473,0.18421052631578946,0.13157894736842105,0.039473684210526314,0.07894736842105263,0.23684210526315788,0.0,0.11842105263157894,0.05263157894736842
205,5lAnYvAIkSDNXqfo7DyFUm,Ain't Shit,Planet Her,Doja Cat,2021-06-25,73,174253,0.855,0.506,0.488,0.0,0.347,0.619,-4.601,0.208,124.097,3,4,sad,0.057692307692307696,0.057692307692307696,0.2403846153846154,0.057692307692307696,0.18269230769230768,0.0,0.08653846153846154,0.19230769230769232,0.0673076923076923,0.057692307692307696
206,7FGIEAVXfegxngH9Jg6VwA,What A Shame,What A Shame,Leyla Blue,2020-12-09,59,177200,0.699,0.315,0.463,0.0,0.0803,0.565,-7.828,0.475,143.99,0,4,sad,0.013888888888888888,0.1597222222222222,0.2222222222222222,0.1736111111111111,0.013888888888888888,0.027777777777777776,0.09722222222222222,0.1597222222222222,0.08333333333333333,0.04861111111111111
207,360Wr96ywrCQq4kTAJ8Pq6,Pacify Her,Cry Baby (Deluxe Edition),Melanie Martinez,2015-08-14,74,220013,0.576,0.0467,0.593,0.000767,0.237,0.373,-6.024,0.0306,157.993,9,4,sad,0.08602150537634409,0.03225806451612903,0.21505376344086022,0.043010752688172046,0.1827956989247312,0.010752688172043012,0.17204301075268819,0.13978494623655913,0.10752688172043011,0.010752688172043012
208,0Qh38w01QRXK6KHIv0e3hb,What About Us,Beautiful Trauma,P!nk,2017-10-13,73,269600,0.491,0.0281,0.588,2.01e-06,0.0906,0.193,-6.177,0.0506,113.608,1,4,sad,0.0958904109589041,0.0958904109589041,0.0958904109589041,0.1095890410958904,0.0958904109589041,0.0684931506849315,0.1095890410958904,0.0547945205479452,0.1095890410958904,0.1643835616438356
209,198ZUXC5jCr5DiQNlKBiNV,Get Down,Six: The Musical (Studio Cast Recording),SIX,2018-08-31,57,253993,0.898,0.00986,0.406,0.0,0.0509,0.39,-9.905,0.102,102.985,4,4,sad,0.14492753623188406,0.07246376811594203,0.07246376811594203,0.07246376811594203,0.0,0.028985507246376812,0.34782608695652173,0.0,0.2608695652173913,0.0
210,23L5CiUhw2jV1OIMwthR3S,In the Name of Love,In the Name of Love,Martin Garrix,2016-07-29,78,195706,0.501,0.109,0.519,0.0,0.454,0.168,-5.88,0.0409,133.99,4,4,sad,0.021739130434782608,0.13043478260869565,0.14130434782608695,0.09782608695652174,0.08695652173913043,0.03260869565217391,0.2391304347826087,0.043478260869565216,0.1956521739130435,0.010869565217391304
211,4svaKoxMMP7ImmKrD5hfQu,Victoria's Secret,Victoria’s Secret,Jax,2022-06-30,61,175934,0.586,0.00655,0.556,0.0,0.0836,0.517,-7.639,0.0592,167.018,6,4,sad,0.23636363636363636,0.05454545454545454,0.09090909090909091,0.01818181818181818,0.14545454545454545,0.09090909090909091,0.14545454545454545,0.03636363636363636,0.09090909090909091,0.09090909090909091
212,3Jb00jDoYOA7xHq4L2mWpZ,AVA (Sped Up),AVA (Sped Up),Natalie Jane,2022-12-02,40,137594,0.675,0.147,0.477,4.76e-05,0.0864,0.334,-5.684,0.0377,100.748,11,4,sad,0.0,0.0,0.0,0.0,0.0,0.0,0.0,0.0,0.0,0.0
213,78qd8dvwea0Gosb6Fe6j3k,Boss Bitch,Boss Bitch,Doja Cat,2020-01-23,74,134239,0.707,0.127,0.955,0.0,0.202,0.575,-4.593,0.222,125.989,10,4,sad,0.038461538461538464,0.13286713286713286,0.17132867132867133,0.13986013986013987,0.14685314685314685,0.027972027972027972,0.15734265734265734,0.12937062937062938,0.03146853146853147,0.024475524475524476
214,1V6gIisPpYqgFeWbMLI0bA,Heart Attack,Demi,Demi Lovato,2013-01-01,78,210840,0.504,0.0738,0.785,0.0,0.239,0.502,-4.802,0.104,173.968,8,4,sad,0.09090909090909091,0.16233766233766234,0.23376623376623376,0.09090909090909091,0.1038961038961039,0.03896103896103896,0.11038961038961038,0.012987012987012988,0.09090909090909091,0.06493506493506493
215,1ue7zm5TVVvmoQV8lK6K2H,Pretty Girl,Pretty Girl,Maggie Lindemann,2016-09-30,58,219428,0.456,0.298,0.764,0.0,0.229,0.383,-3.584,0.148,124.971,10,5,sad,0.17543859649122806,0.03508771929824561,0.14035087719298245,0.08771929824561403,0.03508771929824561,0.03508771929824561,0.14035087719298245,0.07017543859649122,0.14035087719298245,0.14035087719298245
216,4uqh9bualXNHXXwO2wPorc,Daisies,Daisies,Katy Perry,2020-05-15,53,173123,0.639,0.0837,0.546,0.0,0.122,0.149,-5.382,0.0407,122.179,1,4,sad,0.10204081632653061,0.05102040816326531,0.1326530612244898,0.09183673469387756,0.08163265306122448,0.07142857142857142,0.17346938775510204,0.02040816326530612,0.14285714285714285,0.1326530612244898
217,2YyLNljkMy2viVcXoFGTDY,Tears of Gold,Tears of Gold,Faouzia,2019-11-20,64,176117,0.587,0.128,0.664,0.0,0.323,0.617,-5.698,0.0523,149.957,5,4,sad,0.036036036036036036,0.12612612612612611,0.23423423423423423,0.18018018018018017,0.0990990990990991,0.02702702702702703,0.10810810810810811,0.036036036036036036,0.08108108108108109,0.07207207207207207
218,27rdGxbavYJeBphck5MZAF,Nothing Breaks Like a Heart (feat. Miley Cyrus),Nothing Breaks Like a Heart (feat. Miley Cyrus),Mark Ronson,2018-11-30,69,217466,0.601,0.00987,0.794,1.36e-06,0.388,0.244,-5.844,0.0671,114.066,7,4,sad,0.05844155844155844,0.15584415584415584,0.2077922077922078,0.24025974025974026,0.12987012987012986,0.025974025974025976,0.07142857142857142,0.032467532467532464,0.07142857142857142,0.006493506493506494
219,5r0cOO77xkM5jjHk67Z2Lt,"Baby, I'm Jealous (feat. Doja Cat)",Better Mistakes,Bebe Rexha,2021-05-07,58,175873,0.737,0.0398,0.867,0.0,0.32,0.506,-2.259,0.0458,98.05,11,4,sad,0.04918032786885246,0.0273224043715847,0.22404371584699453,0.02185792349726776,0.1912568306010929,0.0,0.14207650273224043,0.20765027322404372,0.13114754098360656,0.00546448087431694
220,6HU7h9RYOaPRFeh0R3UeAr,deja vu,SOUR,Olivia Rodrigo,2021-05-21,83,215506,0.442,0.584,0.612,5.7e-06,0.37,0.178,-7.222,0.112,180.917,2,4,sad,0.13580246913580246,0.04938271604938271,0.12345679012345678,0.037037037037037035,0.04938271604938271,0.04938271604938271,0.30864197530864196,0.07407407407407407,0.16049382716049382,0.012345679012345678
221,5ajjAnNRh8bxFvaVHzpPjh,Reckless,Reckless,Madison Beer,2021-06-04,71,203384,0.386,0.807,0.426,0.0,0.14,0.261,-6.642,0.0363,180.104,3,3,sad,0.07228915662650602,0.1566265060240964,0.18072289156626506,0.12048192771084337,0.12048192771084337,0.04819277108433735,0.0963855421686747,0.03614457831325301,0.07228915662650602,0.0963855421686747
222,12cZWGf5ZgLcKubEW9mx5q,HOPE,HOPE,NF,2023-02-16,66,264473,0.546,0.396,0.787,0.0,0.0619,0.497,-4.023,0.212,100.559,0,3,sad,0.09174311926605505,0.1743119266055046,0.2018348623853211,0.14678899082568808,0.06422018348623854,0.027522935779816515,0.13761467889908258,0.027522935779816515,0.05504587155963303,0.07339449541284404
223,6IbnUaczZBT34DhaD6S18F,Bubblegum Bitch,Electra Heart (Deluxe),MARINA,2012-04-27,75,154666,0.495,0.000219,0.856,0.0,0.103,0.609,-5.123,0.0311,158.024,0,4,sad,0.02654867256637168,0.06637168141592921,0.17699115044247787,0.13716814159292035,0.14601769911504425,0.05752212389380531,0.13716814159292035,0.04424778761061947,0.16371681415929204,0.04424778761061947
224,59CfNbkERJ3NoTXDvoURjj,Boyfriend,Boyfriend,Dove Cameron,2022-02-11,71,153000,0.345,0.232,0.612,0.0,0.194,0.232,-6.543,0.0608,179.773,7,3,sad,0.11320754716981132,0.11320754716981132,0.11320754716981132,0.07547169811320754,0.07547169811320754,0.09433962264150944,0.22641509433962265,0.03773584905660377,0.09433962264150944,0.05660377358490566
225,5NEbSFTrxg63xy3j7jiQAe,I'm an Albatraoz,I'm an Albatraoz,CDM Project,2019-01-16,22,166000,0.745,0.0895,0.739,0.0037,0.0844,0.612,-9.095,0.0572,128.011,0,4,sad,0.11764705882352941,0.058823529411764705,0.058823529411764705,0.029411764705882353,0.17647058823529413,0.11764705882352941,0.14705882352941177,0.058823529411764705,0.11764705882352941,0.11764705882352941
226,4eWQlBRaTjPPUlzacqEeoQ,Never Be the Same,Camila,Camila Cabello,2018-01-12,75,226973,0.637,0.181,0.713,0.000637,0.137,0.243,-4.333,0.0747,129.923,0,4,sad,0.03571428571428571,0.08035714285714286,0.35714285714285715,0.044642857142857144,0.22321428571428573,0.044642857142857144,0.026785714285714284,0.13392857142857142,0.026785714285714284,0.026785714285714284
227,7k4t7uLgtOxPwTpFmtJNTY,Tusa,Tusa,KAROL G,2019-11-07,72,200960,0.803,0.295,0.715,0.000134,0.0574,0.574,-3.28,0.298,101.085,2,4,sad,0.02857142857142857,0.17142857142857143,0.22857142857142856,0.14285714285714285,0.17142857142857143,0.05714285714285714,0.08571428571428572,0.08571428571428572,0.0,0.02857142857142857
228,5OLcsBO28uWHMzS0EEeZNp,Little Girl Gone,Little Girl Gone,CHINCHILLA,2023-04-21,3,188596,0.706,0.177,0.675,0.0,0.0852,0.516,-6.351,0.237,159.961,1,4,sad,0.06818181818181818,0.1590909090909091,0.25757575757575757,0.08333333333333333,0.1590909090909091,0.10606060606060606,0.045454545454545456,0.05303030303030303,0.007575757575757576,0.06060606060606061
229,4OafepJy2teCjYJbvFE60J,breathin,Sweetener,Ariana Grande,2018-08-17,68,198160,0.568,0.0211,0.656,1.37e-05,0.213,0.364,-5.413,0.0433,100.049,8,4,sad,0.10714285714285714,0.0,0.21428571428571427,0.10714285714285714,0.07142857142857142,0.0,0.21428571428571427,0.07142857142857142,0.0,0.21428571428571427
230,4atLCK41iF1xFDydQ6WliG,PS5,PS5 (Super Pack),salem ilese,2022-07-06,0,152214,0.602,0.0131,0.642,5.33e-06,0.0668,0.54,-5.404,0.211,175.978,2,4,sad,0.09859154929577464,0.07042253521126761,0.15492957746478872,0.09859154929577464,0.028169014084507043,0.09859154929577464,0.15492957746478872,0.056338028169014086,0.1267605633802817,0.11267605633802817
231,7y9iMe8SOB6z3NoHE2OfXl,Bad At Love,hopeless fountain kingdom (Deluxe),Halsey,2017-06-02,23,181279,0.675,0.0604,0.751,0.0,0.0893,0.612,-3.539,0.0296,118.384,0,4,sad,0.022988505747126436,0.1206896551724138,0.16091954022988506,0.12643678160919541,0.13218390804597702,0.022988505747126436,0.10919540229885058,0.15517241379310345,0.09195402298850575,0.05747126436781609
232,6ZtiywT2Qm50a1uR0jlY35,"Sit Still, Look Pretty","Sit Still, Look Pretty",Daya,2016-10-07,33,207761,0.846,0.286,0.734,8.27e-05,0.425,0.717,-3.601,0.108,90.98,2,4,sad,0.1487603305785124,0.12396694214876033,0.1322314049586777,0.09504132231404959,0.024793388429752067,0.028925619834710745,0.1487603305785124,0.012396694214876033,0.14049586776859505,0.1446280991735537
233,7vu0JkJh0ldukEYbTVcqd0,Issues,Nervous System,Julia Michaels,2017-07-28,72,176320,0.728,0.401,0.415,0.0,0.0616,0.455,-6.852,0.0639,114.145,8,4,sad,0.08163265306122448,0.08163265306122448,0.1326530612244898,0.09183673469387756,0.11224489795918367,0.02040816326530612,0.17346938775510204,0.11224489795918367,0.15306122448979592,0.04081632653061224
234,7w3rcy1CrATkUgCoItTbId,Love Lies,"Love, Simon (Original Motion Picture Soundtrack)",Various Artists,2018-03-16,43,201253,0.702,0.108,0.573,0.0,0.114,0.394,-7.748,0.049,143.916,6,4,sad,0.0990990990990991,0.06306306306306306,0.14414414414414414,0.02702702702702703,0.07207207207207207,0.05405405405405406,0.1891891891891892,0.10810810810810811,0.1891891891891892,0.05405405405405406
235,72jCZdH0Lhg93z6Z4hBjgj,I Knew You Were Trouble.,Red,Taylor Swift,2012-10-22,59,217973,0.622,0.00454,0.469,2.25e-06,0.0398,0.679,-6.798,0.0363,77.019,3,4,sad,0.08695652173913043,0.11594202898550725,0.2608695652173913,0.11594202898550725,0.08695652173913043,0.028985507246376812,0.057971014492753624,0.14492753623188406,0.043478260869565216,0.057971014492753624
236,3yOlyBJuViE2YSGn3nVE1K,My Oh My (feat. DaBaby),Romance,Camila Cabello,2019-12-06,72,170746,0.724,0.018,0.491,1.29e-05,0.0887,0.383,-6.024,0.0296,105.046,8,4,sad,0.20192307692307693,0.038461538461538464,0.0673076923076923,0.04807692307692308,0.028846153846153848,0.09615384615384616,0.17307692307692307,0.009615384615384616,0.15384615384615385,0.18269230769230768
237,3nqQXoyQOWXiESFLlDF1hG,Unholy (feat. Kim Petras),Unholy (feat. Kim Petras),Sam Smith,2022-09-22,77,156943,0.719,0.0138,0.454,4.83e-06,0.318,0.224,-7.384,0.0707,131.007,2,4,sad,0.014705882352941176,0.08823529411764706,0.14705882352941177,0.0,0.08823529411764706,0.14705882352941177,0.22058823529411764,0.058823529411764705,0.22058823529411764,0.014705882352941176
238,0yLdNVWF3Srea0uzk55zFn,Flowers,Flowers,Miley Cyrus,2023-01-13,25,200454,0.707,0.0632,0.681,5.15e-06,0.0322,0.646,-4.325,0.0668,117.999,0,4,sad,0.01639344262295082,0.06557377049180328,0.13934426229508196,0.12295081967213115,0.02459016393442623,0.03278688524590164,0.319672131147541,0.00819672131147541,0.26229508196721313,0.00819672131147541
239,5vTPxzm4h2bY9rYyVrGEU5,Really Don't Care,Demi,Demi Lovato,2013-01-01,68,201600,0.706,0.123,0.728,0.0,0.185,0.851,-3.602,0.0852,121.017,7,4,sad,0.0410958904109589,0.1095890410958904,0.2876712328767123,0.1095890410958904,0.1780821917808219,0.0958904109589041,0.0821917808219178,0.0410958904109589,0.0273972602739726,0.0273972602739726
240,3o9kpgkIcffx0iSwxhuNI2,Numb Little Bug,Numb Little Bug,Em Beihold,2022-01-28,67,169237,0.742,0.327,0.527,0.0,0.25,0.638,-6.892,0.0769,84.974,8,4,sad,0.05813953488372093,0.13953488372093023,0.27906976744186046,0.12790697674418605,0.03488372093023256,0.023255813953488372,0.1744186046511628,0.046511627906976744,0.06976744186046512,0.046511627906976744
241,1c8gk2PeTE04A1pIDH9YMk,Rolling in the Deep,21,Adele,2011-01-24,78,228093,0.73,0.138,0.769,0.0,0.0473,0.507,-5.114,0.0298,104.948,8,4,sad,0.0673076923076923,0.08653846153846154,0.18269230769230768,0.20192307692307693,0.038461538461538464,0.07692307692307693,0.14423076923076922,0.038461538461538464,0.10576923076923077,0.057692307692307696
242,6xlOnm5MITIKtixzJW8R0j,DARKSIDE,Wars In A Wonderland,Neoni,2021-08-20,73,168000,0.533,0.31,0.714,1.58e-06,0.0869,0.454,-6.472,0.0608,165.037,7,3,sad,0.0,0.0,0.0,0.0,0.0,0.0,0.0,0.0,0.0,0.0
243,3MoV1UsAJmz64LHqyiRMp0,Say My Name,7,David Guetta,2018-09-14,53,198946,0.703,0.137,0.66,0.0,0.192,0.79,-5.119,0.123,95.031,10,4,sad,0.10344827586206896,0.1103448275862069,0.07586206896551724,0.006896551724137931,0.006896551724137931,0.041379310344827586,0.3586206896551724,0.006896551724137931,0.2896551724137931,0.0
244,6bTbMMEShyGyrcuIwtBlpA,Living Hell,Dolls EP,Bella Poarch,2022-08-12,59,174002,0.729,0.598,0.551,0.0,0.176,0.312,-6.935,0.056,124.044,0,4,sad,0.11363636363636363,0.10606060606060606,0.10606060606060606,0.06818181818181818,0.08333333333333333,0.030303030303030304,0.17424242424242425,0.08333333333333333,0.17424242424242425,0.06060606060606061
245,7uUahoeqGNRMbpdeiLj1rS,Panic Room,Panic Room,Au/Ra,2018-02-09,67,237772,0.495,0.152,0.426,5.65e-06,0.099,0.0636,-9.434,0.0736,97.91,8,4,sad,0.0,0.0,0.0,0.0,0.0,0.0,0.0,0.0,0.0,0.0
246,58HvfVOeJY7lUuCqF0m3ly,MIDDLE OF THE NIGHT,MIDDLE OF THE NIGHT,Elley Duhé,2020-01-10,75,184447,0.41,0.0228,0.611,0.0,0.116,0.0899,-8.271,0.0467,185.727,4,3,sad,0.13636363636363635,0.09090909090909091,0.045454545454545456,0.045454545454545456,0.045454545454545456,0.045454545454545456,0.09090909090909091,0.045454545454545456,0.09090909090909091,0.36363636363636365
247,0yLdNVWF3Srea0uzk55zFn,Flowers,Flowers,Miley Cyrus,2023-01-13,25,200454,0.707,0.0632,0.681,5.15e-06,0.0322,0.646,-4.325,0.0668,117.999,0,4,sad,0.01639344262295082,0.06557377049180328,0.13934426229508196,0.12295081967213115,0.02459016393442623,0.03278688524590164,0.319672131147541,0.00819672131147541,0.26229508196721313,0.00819672131147541
248,4dh34dyav8M5jCN3yidn8Z,Big Weenie,Encore (Deluxe Version),Eminem,2004-11-12,62,266933,0.622,0.242,0.539,0.0,0.107,0.315,-4.331,0.502,173.662,1,4,sad,0.0,0.0,0.0,0.0,0.0,0.0,0.0,0.0,0.0,0.0
249,1KixkQVDUHggZMU9dUobgm,My Head & My Heart,Heaven & Hell,Ava Max,2020-09-18,70,174760,0.614,0.0697,0.934,0.0,0.121,0.436,-3.709,0.07,116.001,9,4,sad,0.0,0.0,0.0,0.0,0.0,0.0,0.0,0.0,0.0,0.0
250,6zBqlhWjEhNyH4Z8eUDzMT,Twinkle Twinkle,Twinkle Twinkle,Leah Kate,2022-06-24,0,156937,0.571,0.0151,0.854,0.0,0.251,0.6,-4.753,0.125,160.035,7,4,sad,0.08695652173913043,0.0,0.0,0.0,0.0,0.0,0.34782608695652173,0.0,0.30434782608695654,0.2608695652173913
251,2tGvwE8GcFKwNdAXMnlbfl,happier,SOUR,Olivia Rodrigo,2021-05-21,82,175933,0.395,0.765,0.443,9.67e-06,0.0839,0.338,-9.72,0.133,168.924,6,3,sad,0.18095238095238095,0.009523809523809525,0.047619047619047616,0.01904761904761905,0.02857142857142857,0.0761904761904762,0.21904761904761905,0.0380952380952381,0.21904761904761905,0.1619047619047619
252,42ydLwx4i5V49RXHOozJZq,Scars To Your Beautiful,Know-It-All (Deluxe),Alessia Cara,2016-03-11,68,230226,0.319,0.0285,0.739,0.0,0.111,0.449,-5.74,0.272,194.169,0,4,sad,0.08108108108108109,0.13513513513513514,0.05405405405405406,0.06306306306306306,0.009009009009009009,0.02702702702702703,0.2972972972972973,0.0,0.25225225225225223,0.08108108108108109
253,3XF5xLJHOQQRbWya6hBp7d,you should see me in a crown,"WHEN WE ALL FALL ASLEEP, WHERE DO WE GO?",Billie Eilish,2019-03-29,76,180952,0.678,0.462,0.533,0.219,0.139,0.323,-10.485,0.186,150.455,4,4,sad,0.09523809523809523,0.19047619047619047,0.14285714285714285,0.07936507936507936,0.031746031746031744,0.015873015873015872,0.12698412698412698,0.031746031746031744,0.1111111111111111,0.1746031746031746
254,04aAxqtGp5pv12UXAg4pkq,Centuries,American Beauty/American Psycho,Fall Out Boy,2015-01-16,79,228360,0.393,0.00359,0.858,0.0,0.102,0.56,-2.868,0.0729,176.042,4,4,sad,0.05172413793103448,0.10344827586206896,0.27586206896551724,0.13793103448275862,0.06896551724137931,0.034482758620689655,0.15517241379310345,0.034482758620689655,0.06896551724137931,0.06896551724137931
255,1y4eb6hmAvsqlDOl3fx9kk,Hot N Cold,One Of The Boys,Katy Perry,2008-06-17,70,220226,0.706,7.73e-05,0.842,0.0,0.0688,0.861,-3.956,0.0417,132.032,7,4,sad,0.04918032786885246,0.12295081967213115,0.2459016393442623,0.09836065573770492,0.10655737704918032,0.09016393442622951,0.10655737704918032,0.00819672131147541,0.09836065573770492,0.07377049180327869
256,1Xi84slp6FryDSCbzq4UCD,Arcade,Arcade,Duncan Laurence,2019-03-07,73,183624,0.459,0.817,0.331,0.00104,0.135,0.271,-12.603,0.0421,72.023,9,3,sad,0.09433962264150944,0.03773584905660377,0.2641509433962264,0.16981132075471697,0.1509433962264151,0.0,0.1320754716981132,0.018867924528301886,0.11320754716981132,0.018867924528301886
257,4TgyIbBZCW0UIwS8eua06z,Hate You,Hate You,Jordi,2022-11-18,51,176540,0.636,0.762,0.473,3.82e-06,0.152,0.399,-8.311,0.0389,87.034,0,4,sad,0.03225806451612903,0.08602150537634409,0.22580645161290322,0.17204301075268819,0.12903225806451613,0.010752688172043012,0.12903225806451613,0.11827956989247312,0.08602150537634409,0.010752688172043012
258,3S8jK1mGzQi24ilFb45DAZ,Lonely (with benny blanco),Justice,Justin Bieber,2021-03-19,74,149189,0.619,0.9,0.241,0.0,0.116,0.0719,-7.102,0.046,79.461,11,4,sad,0.05,0.13333333333333333,0.16666666666666666,0.16666666666666666,0.15,0.03333333333333333,0.06666666666666667,0.16666666666666666,0.03333333333333333,0.03333333333333333
259,3udCid1W2whR6CQrVpsKUh,Cinderella Snapped,Cinderella Snapped,Jax,2023-03-03,53,173103,0.752,0.0193,0.522,0.0,0.105,0.65,-5.993,0.0507,139.936,1,3,sad,0.12790697674418605,0.046511627906976744,0.06976744186046512,0.011627906976744186,0.023255813953488372,0.046511627906976744,0.313953488372093,0.023255813953488372,0.20930232558139536,0.12790697674418605
260,5MAK1nd8R6PWnle1Q1WJvh,I See Red,I See Red,Everybody Loves an Outlaw,2018-10-31,72,230613,0.509,0.00713,0.448,0.0137,0.244,0.221,-7.552,0.0357,156.909,4,3,sad,0.0,0.2,0.3333333333333333,0.1111111111111111,0.2,0.022222222222222223,0.022222222222222223,0.06666666666666667,0.0,0.044444444444444446
261,2Ggr9IfS70wYQacW8nZKPG,labour,labour,Paris Paloma,2023-03-23,71,237744,0.65,0.396,0.574,0.000112,0.354,0.441,-10.3,0.101,83.963,11,4,sad,0.10897435897435898,0.09615384615384616,0.19230769230769232,0.07692307692307693,0.08333333333333333,0.0,0.16666666666666666,0.05128205128205128,0.10897435897435898,0.11538461538461539
262,1zu2GKHPJIsUu80SUJX4H4,Devil Doesn’t Bargain,(Un)Commentary,Alec Benjamin,2022-04-15,69,163613,0.448,0.577,0.606,0.0,0.217,0.483,-4.565,0.0609,121.15,3,4,sad,0.10119047619047619,0.1488095238095238,0.1488095238095238,0.08928571428571429,0.1130952380952381,0.023809523809523808,0.16071428571428573,0.09523809523809523,0.023809523809523808,0.09523809523809523
263,3u1FiuSpfsgVnekEMXgMwJ,"Tag, You're It",Cry Baby (Deluxe Edition),Melanie Martinez,2015-08-14,72,189026,0.559,0.24,0.835,0.019,0.185,0.382,-5.555,0.0424,114.908,5,4,sad,0.08333333333333333,0.041666666666666664,0.1875,0.041666666666666664,0.10416666666666667,0.14583333333333334,0.16666666666666666,0.041666666666666664,0.10416666666666667,0.08333333333333333
264,1P17dC1amhFzptugyAO7Il,Look What You Made Me Do,reputation,Taylor Swift,2017-11-10,79,211853,0.766,0.204,0.709,1.41e-05,0.126,0.506,-6.471,0.123,128.07,9,4,sad,0.09803921568627451,0.09803921568627451,0.1568627450980392,0.09803921568627451,0.13725490196078433,0.0196078431372549,0.09803921568627451,0.11764705882352941,0.0392156862745098,0.13725490196078433
265,0aU73DSJXOwjzMakUhlL9t,Just a Friend,Just a Friend,Jordi,2023-08-25,50,141147,0.785,0.0499,0.653,0.0,0.0899,0.589,-6.464,0.199,89.99,2,4,sad,0.23404255319148937,0.028368794326241134,0.04964539007092199,0.014184397163120567,0.02127659574468085,0.0425531914893617,0.28368794326241137,0.014184397163120567,0.23404255319148937,0.07801418439716312
266,6yARPLK0PV4heEyh7pVMGz,Part Of Me,Teenage Dream: The Complete Confection,Katy Perry,2012-01-01,70,216160,0.666,0.000348,0.922,0.0,0.0867,0.758,-4.645,0.0352,130.007,5,4,sad,0.034482758620689655,0.13793103448275862,0.20689655172413793,0.13793103448275862,0.034482758620689655,0.1724137931034483,0.10344827586206896,0.06896551724137931,0.06896551724137931,0.034482758620689655
267,04ZTP5KsCypmtCmQg5tH9R,I'm a Mess,Expectations,Bebe Rexha,2018-06-22,68,195519,0.63,0.00281,0.694,0.0,0.0719,0.216,-6.257,0.0253,97.005,11,4,sad,0.10852713178294573,0.015503875968992248,0.08527131782945736,0.015503875968992248,0.007751937984496124,0.07751937984496124,0.26356589147286824,0.06976744186046512,0.26356589147286824,0.09302325581395349
268,2qxmye6gAegTMjLKEBoR3d,Let Me Down Slowly,Narrated For You,Alec Benjamin,2018-11-16,83,169353,0.652,0.74,0.557,0.0,0.124,0.483,-5.714,0.0318,150.073,1,4,sad,0.07518796992481203,0.10526315789473684,0.20300751879699247,0.17293233082706766,0.05263157894736842,0.05263157894736842,0.14285714285714285,0.06766917293233082,0.09022556390977443,0.03759398496240601
269,3k79jB4aGmMDUQzEwa46Rz,vampire,vampire,Olivia Rodrigo,2023-06-30,16,219724,0.484,0.148,0.53,0.0,0.283,0.319,-5.82,0.054,136.874,5,4,sad,0.06956521739130435,0.1391304347826087,0.19130434782608696,0.12173913043478261,0.12173913043478261,0.017391304347826087,0.10434782608695652,0.13043478260869565,0.06956521739130435,0.034782608695652174
270,6cPh0IceWYeMEeYmbSgIMG,Pretty Distraction,Pretty Distraction,SkyDxddy,2023-09-08,54,175813,0.468,0.113,0.45,0.0,0.089,0.448,-7.981,0.0322,172.038,6,3,sad,0.08,0.12,0.14666666666666667,0.05333333333333334,0.12,0.04,0.2,0.08,0.12,0.04
271,2IGMVunIBsBLtEQyoI1Mu7,Paint The Town Red,Paint The Town Red,Doja Cat,2023-08-04,79,231750,0.868,0.269,0.538,3.34e-06,0.0901,0.732,-8.603,0.174,99.968,5,4,sad,0.04150943396226415,0.1509433962264151,0.18490566037735848,0.12830188679245283,0.16226415094339622,0.026415094339622643,0.07924528301886792,0.12830188679245283,0.03773584905660377,0.06037735849056604
272,2gyxAWHebV7xPYVxqoi86f,get him back!,GUTS,Olivia Rodrigo,2023-09-08,76,211141,0.553,0.0143,0.847,0.0,0.561,0.733,-5.736,0.187,162.024,5,4,sad,0.06190476190476191,0.1523809523809524,0.2,0.14761904761904762,0.0761904761904762,0.07142857142857142,0.09047619047619047,0.05714285714285714,0.07142857142857142,0.07142857142857142
273,4kkeuVl6gF3RMqE4Nn5W3E,E.T.,Teenage Dream,Katy Perry,2010-01-01,64,206373,0.603,0.0178,0.863,0.0,0.389,0.731,-5.423,0.0773,150.054,5,4,sad,0.06748466257668712,0.1411042944785276,0.2392638036809816,0.09202453987730061,0.04294478527607362,0.049079754601226995,0.09815950920245399,0.12269938650306748,0.06748466257668712,0.07975460122699386
274,0XqQxKtAdYbOC8OVIjWLZD,Dancing With The Devil,Dancing With The Devil…The Art of Starting Over,Demi Lovato,2021-04-02,48,243992,0.413,0.273,0.64,0.0,0.11,0.149,-5.811,0.0427,75.245,8,4,sad,0.04838709677419355,0.12903225806451613,0.1935483870967742,0.11290322580645161,0.12096774193548387,0.03225806451612903,0.06451612903225806,0.12096774193548387,0.03225806451612903,0.14516129032258066
275,0pXUVMtPaFDghiBgDs6U1f,My Problem,My Problem,Jordi,2023-10-27,48,146932,0.798,0.243,0.583,0.0,0.151,0.737,-5.547,0.0989,74.476,0,4,sad,0.0,0.24444444444444444,0.3333333333333333,0.24444444444444444,0.08888888888888889,0.0,0.0,0.08888888888888889,0.0,0.0
276,3QSjVPObHxuAJc3E5nrjRn,VILLAIN,ALL OUT,K/DA,2020-11-06,68,199125,0.653,0.0232,0.634,0.0,0.0908,0.306,-5.875,0.0391,160.013,5,4,sad,0.0,0.0,0.0,0.0,0.0,0.0,0.5,0.0,0.5,0.0
277,63mdJr3NMY3wReOkNE6c6W,People You Know,Rare,Selena Gomez,2020-01-10,73,194900,0.695,0.0881,0.62,5.43e-05,0.111,0.619,-8.082,0.0521,150.032,8,4,sad,0.05263157894736842,0.13157894736842105,0.21052631578947367,0.13157894736842105,0.13157894736842105,0.05263157894736842,0.05263157894736842,0.13157894736842105,0.05263157894736842,0.05263157894736842
278,6dgUya35uo964z7GZXM07g,Nonsense,emails i can't send,Sabrina Carpenter,2022-07-15,87,163648,0.74,0.0268,0.697,0.0,0.224,0.732,-4.912,0.034,138.992,8,4,sad,0.07446808510638298,0.06382978723404255,0.19148936170212766,0.07446808510638298,0.06382978723404255,0.10638297872340426,0.14893617021276595,0.06382978723404255,0.13829787234042554,0.07446808510638298
279,7aonAWn0J0AJ47ZU9WHCXC,INFERNO,INFERNO,Sub Urban,2021-08-13,59,133133,0.82,0.0766,0.611,2.5e-05,0.0684,0.637,-5.02,0.122,127.883,9,4,sad,0.0,0.0,0.0,0.0,0.0,0.0,0.0,0.0,0.0,0.0
280,3M214U0mwSm041GsQR3nrO,Toxic,Serotonin Dreams,BoyWithUke,2022-05-06,72,168066,0.609,0.749,0.619,0.0,0.264,0.689,-5.677,0.311,179.71,11,4,sad,0.023255813953488372,0.10465116279069768,0.3023255813953488,0.09302325581395349,0.08139534883720931,0.0,0.06976744186046512,0.19767441860465115,0.05813953488372093,0.06976744186046512
281,0u2P5u6lvoDfwTYjAADbn4,lovely (with Khalid),lovely (with Khalid),Billie Eilish,2018-04-19,86,200185,0.351,0.934,0.296,0.0,0.095,0.12,-10.109,0.0333,115.284,4,4,sad,0.1206896551724138,0.13793103448275862,0.13793103448275862,0.06896551724137931,0.10344827586206896,0.06896551724137931,0.1206896551724138,0.0,0.1206896551724138,0.1206896551724138
282,2VlLbhGLVJgdOW7kKdWWFc,Six Feet Under,Six Feet Under,Billie Eilish,2016-11-17,72,189613,0.576,0.807,0.307,0.000355,0.0792,0.157,-12.732,0.0428,67.513,11,4,sad,0.0410958904109589,0.136986301369863,0.2465753424657534,0.1643835616438356,0.06164383561643835,0.0958904109589041,0.0684931506849315,0.07534246575342465,0.0410958904109589,0.0684931506849315
283,2qxmye6gAegTMjLKEBoR3d,Let Me Down Slowly,Narrated For You,Alec Benjamin,2018-11-16,83,169353,0.652,0.74,0.557,0.0,0.124,0.483,-5.714,0.0318,150.073,1,4,sad,0.07518796992481203,0.10526315789473684,0.20300751879699247,0.17293233082706766,0.05263157894736842,0.05263157894736842,0.14285714285714285,0.06766917293233082,0.09022556390977443,0.03759398496240601
284,5zjOUGpiYeu1FgEDp0OPav,MURDER MY FEELINGS,MURDER MY FEELINGS,Lala Sadii,2023-07-24,0,164831,0.659,0.0211,0.693,0.0,0.139,0.358,-6.285,0.0361,130.004,5,4,sad,0.01020408163265306,0.22448979591836735,0.2193877551020408,0.2193877551020408,0.11224489795918367,0.10204081632653061,0.00510204081632653,0.10204081632653061,0.00510204081632653,0.0
285,4GRFzKI7jTZ3kbMfouc7bn,Backstabber,Animal (Expanded Edition),Kesha,2010-01-01,69,186840,0.6,0.0666,0.939,6.18e-06,0.34,0.833,-1.794,0.19,159.941,7,4,sad,0.12121212121212122,0.06060606060606061,0.12121212121212122,0.0,0.0,0.06060606060606061,0.18181818181818182,0.06060606060606061,0.12121212121212122,0.2727272727272727
286,2n0U2OG5d6TuW5mKx7YrC0,Two Birds,Far,Regina Spektor,2009-06-19,71,195840,0.546,0.802,0.5,0.00108,0.107,0.449,-8.881,0.0379,150.92,0,4,sad,0.0,0.0,0.5454545454545454,0.09090909090909091,0.0,0.0,0.09090909090909091,0.2727272727272727,0.0,0.0
287,7z3NjKBqjv3d1ykXCFQxaT,Fat Funny Friend,Fat Funny Friend,Maddie Zahm,2022-02-04,63,199764,0.498,0.625,0.452,0.0,0.0836,0.265,-7.887,0.124,107.728,0,4,sad,0.17647058823529413,0.011764705882352941,0.12941176470588237,0.08235294117647059,0.0,0.011764705882352941,0.2235294117647059,0.07058823529411765,0.18823529411764706,0.10588235294117647
288,3o9kpgkIcffx0iSwxhuNI2,Numb Little Bug,Numb Little Bug,Em Beihold,2022-01-28,67,169237,0.742,0.327,0.527,0.0,0.25,0.638,-6.892,0.0769,84.974,8,4,sad,0.05813953488372093,0.13953488372093023,0.27906976744186046,0.12790697674418605,0.03488372093023256,0.023255813953488372,0.1744186046511628,0.046511627906976744,0.06976744186046512,0.046511627906976744
289,360Wr96ywrCQq4kTAJ8Pq6,Pacify Her,Cry Baby (Deluxe Edition),Melanie Martinez,2015-08-14,74,220013,0.576,0.0467,0.593,0.000767,0.237,0.373,-6.024,0.0306,157.993,9,4,sad,0.08602150537634409,0.03225806451612903,0.21505376344086022,0.043010752688172046,0.1827956989247312,0.010752688172043012,0.17204301075268819,0.13978494623655913,0.10752688172043011,0.010752688172043012
290,32BeYxKPrig1LefHsC0Xuo,Happier Than Ever - Edit,Happier Than Ever (Edit),Billie Eilish,2021-07-28,69,151444,0.334,0.0468,0.599,0.000392,0.205,0.127,-5.742,0.0365,161.74,0,3,sad,0.05063291139240506,0.10126582278481013,0.189873417721519,0.11392405063291139,0.11392405063291139,0.05063291139240506,0.08860759493670886,0.13924050632911392,0.05063291139240506,0.10126582278481013
291,6MpCaSIOfqBqbMED4kXgNY,Prom Queen,Prom Queen,Beach Bunny,2018-08-10,51,136562,0.528,0.000391,0.797,0.011,0.14,0.751,-7.487,0.0485,143.785,4,4,sad,0.1509433962264151,0.05660377358490566,0.1320754716981132,0.09433962264150944,0.018867924528301886,0.03773584905660377,0.20754716981132076,0.0,0.18867924528301888,0.11320754716981132
292,28a302Jx34OM1z5qG7ykMJ,Best Friend Breakup,Best Friend Breakup,Lauren Spencer Smith,2023-02-10,0,141060,0.685,0.247,0.601,0.0,0.102,0.506,-5.114,0.146,82.013,5,3,sad,0.05405405405405406,0.10810810810810811,0.14864864864864866,0.0945945945945946,0.08108108108108109,0.0945945945945946,0.10810810810810811,0.06756756756756757,0.0945945945945946,0.14864864864864866
293,4t0niaO4hHvwt5MGFhO355,New Friends,New Friends,Jordana Bryant,2022-06-24,40,182080,0.702,0.0274,0.594,0.0,0.146,0.0738,-5.998,0.0378,99.96,0,4,sad,0.034482758620689655,0.13793103448275862,0.22413793103448276,0.20689655172413793,0.0,0.06896551724137931,0.15517241379310345,0.0,0.10344827586206896,0.06896551724137931
294,4TgyIbBZCW0UIwS8eua06z,Hate You,Hate You,Jordi,2022-11-18,51,176540,0.636,0.762,0.473,3.82e-06,0.152,0.399,-8.311,0.0389,87.034,0,4,sad,0.03225806451612903,0.08602150537634409,0.22580645161290322,0.17204301075268819,0.12903225806451613,0.010752688172043012,0.12903225806451613,0.11827956989247312,0.08602150537634409,0.010752688172043012
295,76OGwb5RA9h4FxQPT33ekc,SNAP,SNAP,Rosa Linn,2022-03-19,63,179551,0.565,0.107,0.636,9.9e-06,0.447,0.525,-8.198,0.0638,170.01,0,4,sad,0.0,0.0,0.0,0.0,0.0,0.0,0.0,0.0,0.0,0.0
296,4fouWK6XVHhzl78KzQ1UjL,abcdefu,abcdefu,GAYLE,2021-08-13,73,168601,0.695,0.299,0.54,0.0,0.367,0.415,-5.692,0.0493,121.932,4,4,sad,0.04,0.04,0.14,0.12,0.12,0.06,0.2,0.12,0.08,0.08
297,5JCoSi02qi3jJeHdZXMmR8,favorite crime,SOUR,Olivia Rodrigo,2021-05-21,82,152666,0.369,0.866,0.272,0.0,0.147,0.218,-10.497,0.0364,172.929,9,4,sad,0.12087912087912088,0.0989010989010989,0.15384615384615385,0.08791208791208792,0.10989010989010989,0.054945054945054944,0.14285714285714285,0.054945054945054944,0.12087912087912088,0.054945054945054944
298,3W5KHP0Yr56ejVDns9vci3,Wish You The Best,Wish You The Best,Lewis Capaldi,2023-04-14,0,210880,0.675,0.547,0.48,0.0,0.0943,0.491,-3.658,0.0316,107.86,3,4,sad,0.047619047619047616,0.19047619047619047,0.25396825396825395,0.20634920634920634,0.0,0.06349206349206349,0.1111111111111111,0.0,0.1111111111111111,0.015873015873015872
299,5CZ40GBx1sQ9agT82CLQCT,traitor,SOUR,Olivia Rodrigo,2021-05-21,84,229226,0.38,0.691,0.339,0.0,0.12,0.0849,-7.885,0.0338,100.607,3,4,sad,0.07,0.12,0.2,0.14,0.13,0.03,0.09,0.09,0.07,0.06
0,7DbdUf8aHSYoliSjO6LZv6,"Sex, Drugs, Etc.",Chit Chat,Beach Weather,2016-11-04,74,196784,0.572,0.013,0.839,0.00976,0.522,0.465,-5.083,0.0377,143.969,4,4,happy,0.06451612903225806,0.03225806451612903,0.25806451612903225,0.3225806451612903,0.0,0.03225806451612903,0.16129032258064516,0.0,0.0967741935483871,0.03225806451612903
1,5XeFesFbtLpXzIVDNQP22n,I Wanna Be Yours,AM,Arctic Monkeys,2013-09-09,90,183956,0.464,0.136,0.417,0.022,0.0974,0.479,-9.345,0.0256,67.528,0,4,happy,0.0,0.3162393162393162,0.3418803418803419,0.29914529914529914,0.008547008547008548,0.0,0.017094017094017096,0.0,0.0,0.017094017094017096
2,2AYEOC02WLhUiOoaig2SEH,Out of My League,More Than Just a Dream (Deluxe Edition),Fitz and The Tantrums,2013-05-07,73,209386,0.545,0.0387,0.968,0.00325,0.331,0.527,-3.553,0.0853,169.965,9,4,happy,0.23529411764705882,0.08823529411764706,0.08823529411764706,0.08823529411764706,0.0,0.0,0.29411764705882354,0.0,0.11764705882352941,0.08823529411764706
3,5ruzrDWcT0vuJIOMW7gMnW,The Adults Are Talking,The New Abnormal,The Strokes,2020-04-10,78,309053,0.593,0.0113,0.749,0.106,0.314,0.649,-5.67,0.0475,164.959,5,4,happy,0.0,0.06451612903225806,0.3548387096774194,0.16129032258064516,0.1935483870967742,0.0,0.12903225806451613,0.0967741935483871,0.0,0.0
4,6QeYSvYqYUsfBzsApbjDHO,Cigarettes out the Window,Who Really Cares,TV Girl,2016-02-25,84,198960,0.625,0.12,0.659,0.0,0.17,0.594,-5.669,0.0337,113.551,0,4,happy,0.0,0.07692307692307693,0.23076923076923078,0.15384615384615385,0.07692307692307693,0.15384615384615385,0.07692307692307693,0.07692307692307693,0.07692307692307693,0.07692307692307693
5,2tznHmp70DxMyr2XhWLOW0,Cigarette Daydreams,Melophobia,Cage The Elephant,2013-10-08,79,208760,0.636,0.0807,0.676,0.0,0.0831,0.273,-3.442,0.0263,113.98,2,4,happy,0.10416666666666667,0.14583333333333334,0.10416666666666667,0.0625,0.0,0.020833333333333332,0.3541666666666667,0.0,0.10416666666666667,0.10416666666666667
6,0yc6Gst2xkRu0eMLeRMGCX,Apocalypse,Cigarettes After Sex,Cigarettes After Sex,2017-06-09,87,290616,0.369,0.0205,0.468,0.566,0.109,0.18,-9.013,0.0273,94.434,5,4,happy,0.0,0.10638297872340426,0.10638297872340426,0.1702127659574468,0.02127659574468085,0.02127659574468085,0.2765957446808511,0.0,0.2765957446808511,0.02127659574468085
7,1FWsomP9StpCcXNWmJk8Cl,K.,Cigarettes After Sex,Cigarettes After Sex,2017-06-09,82,320030,0.454,0.14,0.401,0.837,0.136,0.319,-10.251,0.0264,93.703,3,4,happy,0.04,0.0,0.32,0.16,0.04,0.2,0.08,0.04,0.08,0.04
8,3p4hRhMcb6ch8OLtATMaLw,Cry,Cry,Cigarettes After Sex,2019-10-25,84,256799,0.408,0.758,0.398,0.654,0.112,0.165,-10.448,0.0277,142.834,7,4,happy,0.19444444444444445,0.027777777777777776,0.1388888888888889,0.1111111111111111,0.0,0.027777777777777776,0.25,0.0,0.08333333333333333,0.16666666666666666
9,0SpkyS1Q4MD8GaVcP5YjT4,Sunsetz,Cigarettes After Sex,Cigarettes After Sex,2017-06-09,83,215150,0.41,0.0561,0.48,0.814,0.0972,0.129,-9.417,0.0294,75.303,9,4,happy,0.14285714285714285,0.047619047619047616,0.2857142857142857,0.047619047619047616,0.0,0.09523809523809523,0.14285714285714285,0.0,0.14285714285714285,0.09523809523809523
10,4TVsTKQVeC99tCjfRKLeob,white tee,crybaby,Lil Peep,2016-06-10,15,132226,0.8,0.285,0.526,0.0,0.0717,0.729,-8.909,0.0416,149.991,11,4,happy,0.07589285714285714,0.05357142857142857,0.11607142857142858,0.05357142857142857,0.05357142857142857,0.044642857142857144,0.24107142857142858,0.08035714285714286,0.22321428571428573,0.05803571428571429
11,186bb3vDk1yzNK5u3e7h7O,your favorite dress,CASTLES II,Lil Peep,2021-07-02,1,177386,0.494,0.0814,0.628,0.0,0.111,0.101,-7.615,0.0541,129.966,7,3,happy,0.06746031746031746,0.05952380952380952,0.05952380952380952,0.023809523809523808,0.023809523809523808,0.1349206349206349,0.23412698412698413,0.027777777777777776,0.2222222222222222,0.14682539682539683
12,64PgpLHuQK3UJ5qZ875Vei,Save That Shit,"Come Over When You're Sober, Pt. 1",Lil Peep,2017-08-15,21,231546,0.534,0.0262,0.583,0.0,0.421,0.145,-8.672,0.0288,106.0,2,4,happy,0.07547169811320754,0.0660377358490566,0.1792452830188679,0.09433962264150944,0.10377358490566038,0.0,0.1792452830188679,0.10377358490566038,0.1792452830188679,0.018867924528301886
13,6Ox1rvlwEpB49drasQm6RF,Star Shopping,Star Shopping,Lil Peep,2015,23,142000,0.538,0.0946,0.471,0.0185,0.116,0.307,-9.84,0.0955,93.07,4,4,happy,0.12,0.0,0.04,0.02,0.06,0.04,0.4,0.02,0.16,0.14
14,2GiJYvgVaD2HtM8GqD9EgQ,Electric Love,Dopamine,BØRNS,2015-10-16,76,218106,0.611,0.00543,0.797,0.00137,0.26,0.518,-7.627,0.0533,120.041,6,4,happy,0.011494252873563218,0.06896551724137931,0.04597701149425287,0.034482758620689655,0.04597701149425287,0.14942528735632185,0.3103448275862069,0.011494252873563218,0.2988505747126437,0.022988505747126436
15,0UV5zxRMz6AO4ZwUOZNIKI,Where'd All the Time Go?,"Shame, Shame (Deluxe Edition)",Dr. Dog,2010-11-02,77,234800,0.454,0.132,0.82,0.000969,0.115,0.575,-4.193,0.0567,166.303,2,4,happy,0.0,0.030303030303030304,0.30303030303030304,0.21212121212121213,0.030303030303030304,0.030303030303030304,0.12121212121212122,0.15151515151515152,0.06060606060606061,0.06060606060606061
16,0JIMT9gzLIIz0esKLyjbKf,Telephones,Changes,Vacations,2018,80,212432,0.526,0.00283,0.447,0.0301,0.109,0.183,-9.268,0.0274,74.995,2,4,happy,0.0,0.0,0.3333333333333333,0.3333333333333333,0.0,0.0,0.3333333333333333,0.0,0.0,0.0
17,6dBUzqjtbnIa1TwYbyw5CM,Lovers Rock,French Exit,TV Girl,2014-06-05,86,213920,0.559,7.53e-06,0.871,0.00545,0.096,0.572,-5.338,0.0397,104.97,5,4,happy,0.039473684210526314,0.013157894736842105,0.17105263157894737,0.11842105263157894,0.0,0.14473684210526316,0.19736842105263158,0.02631578947368421,0.17105263157894737,0.11842105263157894
18,5RBOcBpJXaNnHCGViJmYhh,The Perfect Girl,The Perfect Girl,Mareux,2021-12-08,76,194423,0.485,0.000872,0.89,0.818,0.102,0.258,-5.992,0.0911,128.881,8,4,happy,0.1,0.0,0.3,0.3,0.0,0.0,0.2,0.0,0.1,0.0
19,7sIx70dGj3VBiHWr0KZXfD,Blondie,Wild Heart,Current Joys,2013-01-02,75,194733,0.776,0.622,0.626,0.899,0.086,0.866,-12.561,0.0396,122.072,6,4,happy,0.10465116279069768,0.10465116279069768,0.13953488372093023,0.046511627906976744,0.05813953488372093,0.03488372093023256,0.23255813953488372,0.05813953488372093,0.18604651162790697,0.03488372093023256
20,0mflMxspEfB0VbI1kyLiAv,Stick Season,Stick Season,Noah Kahan,2022-10-14,88,182346,0.664,0.799,0.5,0.0,0.0966,0.801,-6.935,0.0651,117.896,9,4,happy,0.03571428571428571,0.13095238095238096,0.23809523809523808,0.16666666666666666,0.11904761904761904,0.07142857142857142,0.07142857142857142,0.05952380952380952,0.07142857142857142,0.03571428571428571
21,0b6xZk9f96N77BfmYWnQNC,Mama's Boy,Sunburn,Dominic Fike,2023-07-07,72,155721,0.807,0.15,0.354,0.713,0.186,0.602,-7.554,0.0321,78.964,9,4,happy,0.0,0.0,0.3953488372093023,0.023255813953488372,0.0,0.023255813953488372,0.06976744186046512,0.37209302325581395,0.09302325581395349,0.023255813953488372
22,58ge6dfP91o9oXMzq3XkIS,505,Favourite Worst Nightmare (Standard Version),Arctic Monkeys,2007-04-24,79,253586,0.52,0.00237,0.852,5.79e-05,0.0733,0.234,-5.866,0.0543,140.267,0,4,happy,0.09615384615384616,0.038461538461538464,0.19230769230769232,0.038461538461538464,0.07692307692307693,0.07692307692307693,0.15384615384615385,0.07692307692307693,0.09615384615384616,0.15384615384615385
23,1170VohRSx6GwE6QDCHPPH,Kilby Girl,When We Were Friends,The Backseat Lovers,2019-01-27,71,282205,0.329,0.0578,0.444,0.0352,0.113,0.225,-9.973,0.0417,162.279,1,4,happy,0.04878048780487805,0.12195121951219512,0.24390243902439024,0.07317073170731707,0.12195121951219512,0.0,0.12195121951219512,0.1951219512195122,0.07317073170731707,0.0
24,7EkWXAI1wn8Ii883ecd9xr,Freaks,Freaks,Surf Curse,2021-05-15,84,147062,0.345,3.84e-05,0.941,0.633,0.0511,0.407,-9.918,0.0466,179.626,9,4,happy,0.15384615384615385,0.07692307692307693,0.23076923076923078,0.23076923076923078,0.0,0.0,0.0,0.0,0.0,0.3076923076923077
25,1Ph96WpdjNlwD6iKRE2Xa3,More Than Friends,More Than Friends,Aidan Bissett,2020-09-26,61,183012,0.559,0.58,0.655,0.000155,0.124,0.667,-6.792,0.051,160.016,6,4,happy,0.07692307692307693,0.11538461538461539,0.19230769230769232,0.07692307692307693,0.07692307692307693,0.07692307692307693,0.15384615384615385,0.038461538461538464,0.07692307692307693,0.11538461538461539
26,0QZ5yyl6B6utIWkxeBDxQN,The Night We Met,Strange Trails,Lord Huron,2015-04-07,78,208211,0.545,0.969,0.366,0.267,0.641,0.1,-9.51,0.0378,86.997,2,3,happy,0.0,0.3157894736842105,0.3157894736842105,0.21052631578947367,0.05263157894736842,0.0,0.05263157894736842,0.05263157894736842,0.0,0.0
27,1A3tuE6ti9qoZDwB3LB0t2,I Think I Like When It Rains,Locals 2,WILLIS,2017-06-12,69,278293,0.622,0.0401,0.455,0.0,0.0957,0.274,-7.116,0.0282,124.412,9,4,happy,0.11428571428571428,0.05714285714285714,0.2,0.02857142857142857,0.14285714285714285,0.02857142857142857,0.11428571428571428,0.05714285714285714,0.05714285714285714,0.2
28,7MfNoHB8JRNbSQ8P3eAfMQ,T-Shirt Weather,Young Chasers (Deluxe),Circa Waves,2015-03-30,60,192120,0.421,0.00145,0.95,1.1e-05,0.245,0.472,-4.603,0.0662,160.02,4,4,happy,0.06666666666666667,0.0,0.2,0.06666666666666667,0.06666666666666667,0.06666666666666667,0.2,0.06666666666666667,0.13333333333333333,0.13333333333333333
29,3EaJDYHA0KnX88JvDhL9oa,Dark Red,Dark Red,Steve Lacy,2017-02-20,85,173104,0.603,0.446,0.784,8.32e-06,0.119,0.769,-4.023,0.062,172.041,6,4,happy,0.08974358974358974,0.07692307692307693,0.14102564102564102,0.11538461538461539,0.0641025641025641,0.05128205128205128,0.16666666666666666,0.0641025641025641,0.1282051282051282,0.10256410256410256
30,7zwn1eykZtZ5LODrf7c0tS,You Get Me So High,Hard To Imagine The Neighbourhood Ever Changing,The Neighbourhood,2018-11-02,82,153000,0.551,0.186,0.881,0.0791,0.152,0.387,-6.099,0.0542,88.036,7,4,happy,0.07575757575757576,0.10606060606060606,0.16666666666666666,0.13636363636363635,0.045454545454545456,0.030303030303030304,0.12121212121212122,0.015151515151515152,0.045454545454545456,0.25757575757575757
31,6IPwKM3fUUzlElbvKw2sKl,we fell in love in october,we fell in love in october / October Passed Me By,girl in red,2018-11-21,86,184153,0.566,0.113,0.366,0.181,0.155,0.237,-12.808,0.028,129.96,7,4,happy,0.06896551724137931,0.0,0.1724137931034483,0.13793103448275862,0.0,0.0,0.27586206896551724,0.0,0.27586206896551724,0.06896551724137931
32,3pyyGVqWvRMq43qtJBzxe0,Kids,Kids,Current Joys,2015-03-08,74,269142,0.828,0.508,0.66,0.403,0.0755,0.904,-9.669,0.0337,113.45,6,4,happy,0.0,0.2222222222222222,0.2222222222222222,0.1111111111111111,0.1111111111111111,0.1111111111111111,0.0,0.1111111111111111,0.0,0.1111111111111111
33,1xK59OXxi2TAAAbmZK0kBL,Romantic Homicide,Romantic Homicide,d4vd,2022-07-20,85,132630,0.571,0.453,0.544,0.00805,0.322,0.216,-10.613,0.0299,132.052,6,4,happy,0.1,0.05,0.2,0.2,0.05,0.0,0.15,0.1,0.1,0.05
34,3IznIgmXtrUaoPWpQTy5jB,Not Allowed,Who Really Cares,TV Girl,2016-02-25,84,167864,0.67,0.669,0.905,0.000227,0.349,0.563,-6.855,0.129,104.965,1,4,happy,0.15723270440251572,0.05660377358490566,0.08176100628930817,0.05660377358490566,0.012578616352201259,0.11949685534591195,0.20754716981132076,0.03773584905660377,0.13836477987421383,0.1320754716981132
35,1KIJclzEbNhSVw8tiHPWwE,Young,Vibes,Vacations,2016,78,189160,0.498,0.00392,0.81,0.00717,0.0635,0.594,-4.065,0.0263,79.935,7,4,happy,0.09259259259259259,0.05555555555555555,0.14814814814814814,0.027777777777777776,0.05555555555555555,0.10185185185185185,0.2037037037037037,0.018518518518518517,0.14814814814814814,0.14814814814814814
36,6HJxxqHWMdidwTVZmZWeHU,New Flesh,Wild Heart,Current Joys,2013-01-02,72,167986,0.62,0.887,0.594,0.5,0.0917,0.698,-16.066,0.0383,165.861,9,4,happy,0.0,0.1388888888888889,0.3333333333333333,0.25,0.08333333333333333,0.08333333333333333,0.0,0.08333333333333333,0.0,0.027777777777777776
37,5E30LdtzQTGqRvNd7l6kG5,Daddy Issues,Wiped Out!,The Neighbourhood,2015-10-30,84,260173,0.588,0.0678,0.521,0.149,0.123,0.337,-9.461,0.0329,85.012,10,4,happy,0.0625,0.14583333333333334,0.22916666666666666,0.16666666666666666,0.0625,0.020833333333333332,0.14583333333333334,0.041666666666666664,0.0625,0.0625
38,39sDitIeCMrVX2QyXHY46t,Blue Hair,Death of a Party Girl,TV Girl,2018-05-08,82,217000,0.751,0.554,0.72,0.0497,0.258,0.884,-6.376,0.0303,135.73,4,4,happy,0.10526315789473684,0.02631578947368421,0.10526315789473684,0.18421052631578946,0.05263157894736842,0.10526315789473684,0.13157894736842105,0.07894736842105263,0.13157894736842105,0.07894736842105263
39,7wCmS9TTVUcIhRalDYFgPy,Where Is My Mind? - 2007 Remaster,Surfer Rosa (2007 Remaster),Pixies,1988-03-21,76,234973,0.519,0.0204,0.441,0.000453,0.076,0.25,-14.178,0.0353,81.334,4,4,happy,0.2,0.1,0.25,0.1,0.0,0.15,0.1,0.1,0.0,0.0
40,7H0ya83CMmgFcOhw0UB6ow,Space Song,Depression Cherry,Beach House,2015-08-28,76,320466,0.508,0.229,0.792,0.124,0.145,0.601,-7.311,0.0297,147.067,0,4,happy,0.05660377358490566,0.03773584905660377,0.37735849056603776,0.37735849056603776,0.018867924528301886,0.018867924528301886,0.05660377358490566,0.0,0.05660377358490566,0.0
41,4VqEUmMjhbj6w7g5EVKILE,castles,castles,Lil Peep,2016-07-04,72,144906,0.574,0.0515,0.785,0.0,0.169,0.429,-5.189,0.0463,135.042,3,4,happy,0.07207207207207207,0.18018018018018017,0.17117117117117117,0.13513513513513514,0.05405405405405406,0.04504504504504504,0.09009009009009009,0.04504504504504504,0.07207207207207207,0.13513513513513514
42,2YSzYUF3jWqb9YP9VXmpjE,IDGAF (feat. Yeat),For All The Dogs,Drake,2023-10-06,77,260111,0.673,0.0466,0.672,0.000284,0.193,0.14,-8.577,0.224,136.902,8,4,happy,0.07878787878787878,0.09090909090909091,0.13333333333333333,0.09090909090909091,0.11515151515151516,0.048484848484848485,0.15151515151515152,0.05454545454545454,0.10303030303030303,0.13333333333333333
43,2R4AlwtrrkMaRKojcTIzmL,For the First Time,This Old Dog,Mac DeMarco,2017-05-05,80,182306,0.551,0.296,0.529,0.0093,0.178,0.521,-10.469,0.0517,75.515,5,4,happy,0.11627906976744186,0.046511627906976744,0.11627906976744186,0.06976744186046512,0.046511627906976744,0.046511627906976744,0.11627906976744186,0.046511627906976744,0.11627906976744186,0.27906976744186046
44,7s5VQqrjBtrBgZL4pEa46S,Romantic Lover,Let's Skip to the Wedding,Eyedress,2020-08-07,80,86739,0.658,0.701,0.447,0.924,0.198,0.538,-9.299,0.0869,184.316,9,4,happy,0.22727272727272727,0.0,0.0,0.0,0.0,0.0,0.2727272727272727,0.0,0.2727272727272727,0.22727272727272727
45,3zksbXteOCeSusJ5Xltr3t,Bubble Gum,Bubble Gum,Clairo,2019-02-22,75,175960,0.509,0.979,0.0167,2.72e-05,0.387,0.229,-24.639,0.115,207.97,9,3,happy,0.15217391304347827,0.043478260869565216,0.08695652173913043,0.043478260869565216,0.021739130434782608,0.08695652173913043,0.1956521739130435,0.021739130434782608,0.17391304347826086,0.17391304347826086
46,11iIikXxC6NP0Ma8vMD27x,Alien Blues,Gawk,Vundabar,2015-07-24,78,155933,0.467,0.0807,0.757,0.908,0.0876,0.433,-5.093,0.033,82.282,3,4,happy,0.05,0.125,0.2,0.1,0.05,0.05,0.125,0.15,0.075,0.075
47,7svpAkwc6xaSxlbZ7V7JiS,i was all over her,melanchole,salvia palth,2014-07-01,27,161462,0.529,0.788,0.353,0.853,0.116,0.0601,-12.835,0.0292,104.557,7,4,happy,0.0,0.23076923076923078,0.23076923076923078,0.15384615384615385,0.07692307692307693,0.07692307692307693,0.07692307692307693,0.07692307692307693,0.07692307692307693,0.0
48,7EAMXbLcL0qXmciM5SwMh2,Heart To Heart,Here Comes The Cowboy,Mac DeMarco,2019-05-10,81,211140,0.901,0.667,0.136,0.354,0.109,0.643,-16.127,0.102,150.076,8,4,happy,0.0,0.0,0.16666666666666666,0.16666666666666666,0.0,0.0,0.0,0.0,0.0,0.6666666666666666
49,45ROR8UMn60YEVQnDy0uVF,Juliet,Animal Kingdom,Cavetown,2019-04-12,71,278991,0.546,0.00346,0.586,0.00114,0.0562,0.364,-8.488,0.0313,131.778,6,4,happy,0.07017543859649122,0.19298245614035087,0.2631578947368421,0.12280701754385964,0.12280701754385964,0.017543859649122806,0.05263157894736842,0.07017543859649122,0.05263157894736842,0.03508771929824561
50,4KULAymBBJcPRpk1yO4dOG,I Remember Everything (feat. Kacey Musgraves),Zach Bryan,Zach Bryan,2023-08-25,87,227195,0.429,0.554,0.453,2e-06,0.102,0.155,-7.746,0.0459,77.639,0,4,happy,0.10204081632653061,0.05102040816326531,0.19387755102040816,0.08163265306122448,0.061224489795918366,0.09183673469387756,0.15306122448979592,0.030612244897959183,0.11224489795918367,0.12244897959183673
51,3WMj8moIAXJhHsyLaqIIHI,Something in the Orange,Something in the Orange,Zach Bryan,2022-04-22,86,228013,0.369,0.555,0.192,8.35e-06,0.0954,0.148,-12.151,0.04,175.212,4,3,happy,0.03076923076923077,0.13846153846153847,0.18461538461538463,0.15384615384615385,0.12307692307692308,0.06153846153846154,0.07692307692307693,0.12307692307692308,0.06153846153846154,0.046153846153846156
52,1DPjbMypYp80indlQFWlya,Valerie,The Night in Question: French Exit Outtakes,TV Girl,2020-05-01,55,282500,0.802,0.201,0.918,0.397,0.315,0.947,-3.786,0.132,101.932,0,4,happy,0.11538461538461539,0.038461538461538464,0.17307692307692307,0.019230769230769232,0.019230769230769232,0.09615384615384616,0.1346153846153846,0.1346153846153846,0.1346153846153846,0.1346153846153846
53,3RUGDh87fCK2IqYktl79Qd,Valerie,Valerie,Rome Hero Foxes,2020-04-29,42,240000,0.644,0.487,0.709,4.97e-06,0.0609,0.855,-9.083,0.058,101.029,3,4,happy,0.11538461538461539,0.038461538461538464,0.17307692307692307,0.019230769230769232,0.019230769230769232,0.09615384615384616,0.1346153846153846,0.1346153846153846,0.1346153846153846,0.1346153846153846
54,42TtHTxWk782ZBiqyOi2d1,Dawns (feat. Maggie Rogers),Dawns (feat. Maggie Rogers),Zach Bryan,2023-01-27,77,290892,0.447,0.874,0.441,4.36e-05,0.188,0.286,-7.658,0.0456,122.811,0,4,happy,0.08602150537634409,0.08602150537634409,0.23655913978494625,0.0967741935483871,0.0967741935483871,0.021505376344086023,0.12903225806451613,0.03225806451612903,0.11827956989247312,0.0967741935483871
55,2dBwB667LHQkLhdYlwLUZK,Summertime Sadness,Born To Die - The Paradise Edition,Lana Del Rey,2012-11-12,65,265427,0.565,0.0542,0.654,1.8e-06,0.122,0.235,-6.826,0.0335,111.968,1,4,happy,0.18110236220472442,0.06299212598425197,0.15748031496062992,0.14960629921259844,0.007874015748031496,0.047244094488188976,0.1732283464566929,0.007874015748031496,0.13385826771653545,0.07874015748031496
56,1M0g1beKC4H9gbrOiSayHW,National Anthem,Born To Die - The Paradise Edition,Lana Del Rey,2012-11-12,59,230520,0.532,0.531,0.899,0.000146,0.0957,0.436,-5.935,0.244,85.0,0,4,happy,0.0,0.0,0.0,0.0,0.0,0.0,0.0,0.0,0.0,0.0
57,6GGtHZgBycCgGBUhZo81xe,Say Yes To Heaven,Say Yes To Heaven,Lana Del Rey,2023-05-19,84,209156,0.485,0.678,0.348,0.167,0.118,0.145,-11.576,0.0257,99.898,6,4,happy,0.17647058823529413,0.08823529411764706,0.14705882352941177,0.029411764705882353,0.11764705882352941,0.029411764705882353,0.20588235294117646,0.0,0.17647058823529413,0.029411764705882353
58,6RiiSy9GzSwiyDEJDiMuKe,Something About You,Mulholland Drive,Eyedress,2021-08-27,82,153312,0.648,0.0332,0.781,0.013,0.305,0.822,-8.736,0.0271,133.417,9,4,happy,0.08888888888888889,0.022222222222222223,0.13333333333333333,0.022222222222222223,0.08888888888888889,0.08888888888888889,0.2,0.0,0.17777777777777778,0.17777777777777778
59,0I1eFRytp4XRhLCjT6tZm7,I Can't Handle Change,I Can't Handle Change,Roar,2010-03-14,22,198213,0.247,0.0447,0.438,0.000867,0.111,0.39,-8.478,0.0358,185.711,5,3,happy,0.10606060606060606,0.045454545454545456,0.13636363636363635,0.12121212121212122,0.015151515151515152,0.18181818181818182,0.18181818181818182,0.030303030303030304,0.09090909090909091,0.09090909090909091
60,1wVuPmvt6AWvTL5W2GJnzZ,Talking to the Moon,Doo-Wops & Hooligans,Bruno Mars,2010-05-11,75,217866,0.498,0.511,0.59,0.0,0.107,0.0784,-4.721,0.032,145.867,1,4,happy,0.037037037037037035,0.1111111111111111,0.2222222222222222,0.1111111111111111,0.1111111111111111,0.037037037037037035,0.1111111111111111,0.18518518518518517,0.037037037037037035,0.037037037037037035
61,6SKwQghsR8AISlxhcwyA9R,Marry You,Doo-Wops & Hooligans,Bruno Mars,2010-05-11,78,230192,0.621,0.332,0.82,0.0,0.104,0.452,-4.865,0.0367,144.905,10,4,happy,0.08163265306122448,0.1292517006802721,0.10204081632653061,0.07482993197278912,0.013605442176870748,0.061224489795918366,0.22448979591836735,0.006802721088435374,0.20408163265306123,0.10204081632653061
62,4lLtanYk6tkMvooU0tWzG8,Grenade,Doo-Wops & Hooligans,Bruno Mars,2010-05-11,79,222091,0.704,0.148,0.558,0.0,0.107,0.245,-7.273,0.0542,110.444,2,4,happy,0.021739130434782608,0.14130434782608695,0.21739130434782608,0.17391304347826086,0.021739130434782608,0.05434782608695652,0.13043478260869565,0.07608695652173914,0.13043478260869565,0.03260869565217391
63,3B5UbSndRz907IZhhmUfLi,Count on Me,Doo-Wops & Hooligans,Bruno Mars,2010-05-11,68,197469,0.589,0.851,0.389,0.0,0.0772,0.501,-5.972,0.028,89.1,0,4,happy,0.3235294117647059,0.0,0.11764705882352941,0.14705882352941177,0.0,0.0,0.35294117647058826,0.0,0.029411764705882353,0.029411764705882353
64,2vWBUC9djv6BtiGlmKiQaH,YKWIM?,Bipolar,Yot Club,2019-05-31,79,212750,0.372,0.937,0.537,0.873,0.287,0.228,-7.623,0.0305,123.735,9,3,happy,0.0,0.0,0.5,0.5,0.0,0.0,0.0,0.0,0.0,0.0
65,3jfZ9M23l0L7RxzYMTgBTv,Looking Out for You,Looking Out for You,Joy Again,2016-01-15,78,179499,0.682,0.0884,0.9,0.063,0.0685,0.937,-5.028,0.0874,100.721,9,4,happy,0.1346153846153846,0.0,0.07692307692307693,0.019230769230769232,0.019230769230769232,0.15384615384615385,0.23076923076923078,0.0,0.21153846153846154,0.15384615384615385
66,5ghIJDpPoe3CfHMGu71E6T,Smells Like Teen Spirit,Nevermind (Remastered),Nirvana,1991-09-26,77,301920,0.502,2.55e-05,0.912,0.000173,0.106,0.72,-4.556,0.0564,116.761,1,4,happy,0.0375,0.1,0.325,0.025,0.05,0.05,0.15,0.1,0.1375,0.025
67,4Wjhj0WjkyECccfHVIgaTq,Trust Issues,Care Package,Drake,2019-08-02,76,281518,0.421,0.779,0.539,0.0,0.111,0.523,-5.456,0.274,89.177,11,3,happy,0.0,0.0,0.0,0.0,0.0,0.0,0.0,0.0,0.0,0.0
68,1yeB8MUNeLo9Ek1UEpsyz6,Rich Baby Daddy (feat. Sexyy Red & SZA),For All The Dogs,Drake,2023-10-06,79,319191,0.636,0.0458,0.729,0.0,0.384,0.141,-4.495,0.055,146.009,2,4,happy,0.0,0.0,0.0,0.0,0.0,0.0,0.0,0.0,0.0,0.0
69,6DCZcSspjsKoFjzjrWoCdn,God's Plan,Scorpion,Drake,2018-06-29,81,198973,0.754,0.0332,0.449,8.29e-05,0.552,0.357,-9.211,0.109,77.169,7,4,happy,0.06504065040650407,0.12195121951219512,0.13821138211382114,0.08943089430894309,0.08943089430894309,0.024390243902439025,0.17886178861788618,0.08130081300813008,0.08130081300813008,0.13008130081300814
70,4SqWKzw0CbA05TGszDgMlc,I Love You So,I Love You So,The Walters,2014-11-28,87,160239,0.575,0.583,0.648,0.0,0.115,0.466,-4.891,0.0358,75.977,10,4,happy,0.07017543859649122,0.03508771929824561,0.10526315789473684,0.07017543859649122,0.05263157894736842,0.07017543859649122,0.24561403508771928,0.07017543859649122,0.21052631578947367,0.07017543859649122
71,5gDWsRxpJ2lZAffh5p7K0w,Stargirl Interlude,Starboy,The Weeknd,2016-11-24,83,111626,0.715,0.353,0.47,0.0923,0.104,0.426,-12.638,0.0772,89.965,5,4,happy,0.1076923076923077,0.015384615384615385,0.13846153846153847,0.06153846153846154,0.015384615384615385,0.0,0.26153846153846155,0.07692307692307693,0.18461538461538463,0.13846153846153847
72,3sNVsP50132BTNlImLx70i,Bound 2,Yeezus,Kanye West,2013-06-18,81,229146,0.367,0.145,0.665,0.0,0.113,0.31,-2.821,0.0465,148.913,1,4,happy,0.06369426751592357,0.05732484076433121,0.2484076433121019,0.08917197452229299,0.06369426751592357,0.025477707006369428,0.20382165605095542,0.050955414012738856,0.14012738853503184,0.05732484076433121
73,4qG7hWhljsqqENL5PaLA2z,Let The Light In (feat. Father John Misty),Did you know that there's a tunnel under Ocean Blvd,Lana Del Rey,2023-03-24,78,278126,0.335,0.385,0.44,0.00251,0.115,0.198,-9.748,0.0275,132.449,9,4,happy,0.0,0.0,0.0,0.0,0.0,0.0,0.0,0.0,0.0,0.0
74,51Grh1RyUDcMBbpuyUIUHI,rises the moon,recently,Liana Flores,2019-04-10,81,161929,0.483,0.947,0.129,0.145,0.106,0.203,-20.149,0.0349,137.35,5,3,happy,0.075,0.125,0.175,0.1,0.05,0.025,0.2,0.0,0.15,0.1
75,2xql0pid3EUwW38AsywxhV,Reflections,Hard To Imagine The Neighbourhood Ever Changing,The Neighbourhood,2018-11-02,83,244013,0.648,0.114,0.594,0.0462,0.116,0.544,-7.027,0.0293,113.983,11,4,happy,0.056338028169014086,0.09859154929577464,0.18309859154929578,0.1267605633802817,0.09859154929577464,0.04225352112676056,0.11267605633802817,0.11267605633802817,0.09859154929577464,0.07042253521126761
76,1NZs6n6hl8UuMaX0UC0YTz,Brooklyn Baby,Ultraviolence (Deluxe),Lana Del Rey,2014-01-01,80,351640,0.404,0.542,0.664,0.00402,0.11,0.0949,-6.698,0.0407,107.747,1,4,happy,0.1,0.014285714285714285,0.05714285714285714,0.04285714285714286,0.0,0.02857142857142857,0.37142857142857144,0.014285714285714285,0.2857142857142857,0.08571428571428572
77,2enPRFda84VE2wtI8c86Uf,Always Forever,Static,Cults,2013-10-15,79,223746,0.174,0.00181,0.742,0.281,0.198,0.36,-5.93,0.0485,163.378,8,4,happy,0.13333333333333333,0.06666666666666667,0.26666666666666666,0.0,0.0,0.06666666666666667,0.13333333333333333,0.0,0.13333333333333333,0.2
78,3Z0qLOS0cqWKPHXkbTXmNF,Gilded Lily,Offering,Cults,2022-10-26,76,212736,0.4,0.468,0.571,3.05e-05,0.519,0.146,-6.534,0.0288,61.859,11,4,happy,0.038461538461538464,0.038461538461538464,0.2692307692307692,0.11538461538461539,0.07692307692307693,0.0,0.07692307692307693,0.23076923076923078,0.0,0.15384615384615385
79,77KnJc8o5G1eKVwX5ywMeZ,Mind Over Matter (Reprise),Mirrorball / Mind Over Matter (Reprise),Young the Giant,2015-04-18,74,230866,0.393,0.229,0.487,0.0,0.128,0.3,-6.348,0.0337,151.958,0,4,happy,0.03278688524590164,0.13114754098360656,0.09836065573770492,0.08196721311475409,0.01639344262295082,0.19672131147540983,0.13114754098360656,0.01639344262295082,0.13114754098360656,0.16393442622950818
80,72cGBEqu7RitIOoACXYjfR,The Blonde,French Exit,TV Girl,2014-06-05,76,227760,0.501,0.225,0.547,0.912,0.288,0.225,-7.961,0.0243,87.692,1,4,happy,0.08888888888888889,0.044444444444444446,0.17777777777777778,0.1111111111111111,0.022222222222222223,0.06666666666666667,0.17777777777777778,0.06666666666666667,0.1111111111111111,0.13333333333333333
81,5Az8KU81g2aLBbJN67F2CI,Mind Over Matter,Mind Over Matter,Young the Giant,2014-01-17,70,244693,0.466,0.000501,0.763,0.0,0.0973,0.293,-4.448,0.0318,154.914,0,4,happy,0.03278688524590164,0.13114754098360656,0.09836065573770492,0.08196721311475409,0.01639344262295082,0.19672131147540983,0.13114754098360656,0.01639344262295082,0.13114754098360656,0.16393442622950818
82,7D0RhFcb3CrfPuTJ0obrod,Sparks,Parachutes,Coldplay,2000-07-10,86,227093,0.371,0.748,0.268,0.0517,0.104,0.165,-10.506,0.0281,102.617,1,3,happy,0.1875,0.0,0.125,0.1875,0.0,0.0,0.1875,0.0,0.1875,0.125
83,75IQVo8hqI1iwVZyvkN2VT,Show Me How,Show Me How,Men I Trust,2018-02-28,79,215110,0.791,0.672,0.271,0.543,0.102,0.564,-11.959,0.0431,166.002,5,4,happy,0.3333333333333333,0.0,0.1111111111111111,0.037037037037037035,0.0,0.037037037037037035,0.2222222222222222,0.0,0.2222222222222222,0.037037037037037035
84,6ilc4vQcwMPlvAHFfsTGng,Sweet,Cigarettes After Sex,Cigarettes After Sex,2017-06-09,81,292110,0.449,0.351,0.51,0.761,0.139,0.115,-9.075,0.0278,96.425,6,4,happy,0.10377358490566038,0.03773584905660377,0.02830188679245283,0.03773584905660377,0.009433962264150943,0.10377358490566038,0.25471698113207547,0.009433962264150943,0.2358490566037736,0.1792452830188679
85,3sslYZcFKtUvIEWN9lADgr,First Love/Late Spring,Bury Me At Makeout Creek,Mitski,2014-11-11,76,278640,0.445,0.000825,0.543,0.0137,0.202,0.102,-8.196,0.0272,99.963,0,4,happy,0.07692307692307693,0.02564102564102564,0.14102564102564102,0.08974358974358974,0.01282051282051282,0.08974358974358974,0.23076923076923078,0.05128205128205128,0.16666666666666666,0.11538461538461539
86,2fhOljbX79loRcdl47SFye,Moonlight on the River,This Old Dog,Mac DeMarco,2017-05-05,76,422613,0.662,0.252,0.478,0.833,0.216,0.43,-8.631,0.0451,139.98,9,4,happy,0.0,0.0,0.0,0.0,0.0,0.0,0.2,0.0,0.0,0.8
87,0sTlGEld0h8kIPZaKDYUf4,Notion,Notion,The Rare Occasions,2021-12-02,79,195120,0.309,0.0673,0.883,0.00111,0.0849,0.312,-3.825,0.0808,159.488,9,4,happy,0.05454545454545454,0.07272727272727272,0.14545454545454545,0.09090909090909091,0.07272727272727272,0.01818181818181818,0.23636363636363636,0.05454545454545454,0.12727272727272726,0.12727272727272726
88,0EF1EE8zusg3Y869e56JFd,Nothing's New,Good God!,Rio Romeo,2022-09-23,78,211000,0.421,0.863,0.394,4.74e-06,0.0984,0.399,-8.312,0.0277,96.192,11,3,happy,0.024390243902439025,0.12195121951219512,0.3170731707317073,0.24390243902439024,0.0,0.024390243902439025,0.14634146341463414,0.0,0.024390243902439025,0.0975609756097561
89,2K7xn816oNHJZ0aVqdQsha,Softcore,Hard To Imagine The Neighbourhood Ever Changing,The Neighbourhood,2018-11-02,84,206280,0.575,0.0484,0.568,0.000417,0.286,0.37,-5.509,0.03,93.986,9,4,happy,0.01818181818181818,0.01818181818181818,0.03636363636363636,0.03636363636363636,0.01818181818181818,0.18181818181818182,0.23636363636363636,0.0,0.23636363636363636,0.21818181818181817
90,5PjdC2gMATetx5xdnwGUu7,i wanna be your girlfriend,i wanna be your girlfriend,girl in red,2018-03-02,74,204990,0.541,0.0215,0.382,0.000836,0.304,0.343,-14.323,0.035,155.901,7,4,happy,0.04950495049504951,0.15841584158415842,0.16831683168316833,0.17326732673267325,0.04950495049504951,0.09405940594059406,0.10396039603960396,0.04950495049504951,0.09900990099009901,0.054455445544554455
91,2e4jB31WcGsxKL1ByqdZCq,Sippy Cup,Cry Baby (Deluxe Edition),Melanie Martinez,2015-08-14,68,195066,0.715,0.486,0.651,0.0,0.228,0.733,-9.241,0.12,134.914,5,4,happy,0.11304347826086956,0.0782608695652174,0.19130434782608696,0.10434782608695652,0.08695652173913043,0.017391304347826087,0.14782608695652175,0.02608695652173913,0.1565217391304348,0.0782608695652174
92,0j3mqDTK4Z6lvrLzFCUUz6,Good Looking,Good Looking,Suki Waterhouse,2022-08-18,81,214800,0.365,0.079,0.554,0.000358,0.125,0.259,-9.076,0.03,150.11,4,3,happy,0.09210526315789473,0.06578947368421052,0.14473684210526316,0.02631578947368421,0.039473684210526314,0.10526315789473684,0.17105263157894737,0.11842105263157894,0.10526315789473684,0.13157894736842105
93,1aXV8GrmQLvgoFtBPERP7E,Jealous,Jealous,Eyedress,2019-12-06,83,122338,0.474,0.00491,0.921,0.85,0.476,0.696,-10.431,0.0457,93.01,9,4,happy,0.08571428571428572,0.047619047619047616,0.17142857142857143,0.047619047619047616,0.14285714285714285,0.01904761904761905,0.14285714285714285,0.14285714285714285,0.11428571428571428,0.08571428571428572
94,0TZejo18HlJ86OrWNsXKnw,Mrs Magic,Mrs Magic,Strawberry Guy,2019-07-24,79,208500,0.471,0.159,0.634,0.365,0.374,0.366,-7.406,0.031,132.542,8,4,happy,0.3333333333333333,0.1111111111111111,0.2222222222222222,0.1111111111111111,0.0,0.1111111111111111,0.1111111111111111,0.0,0.0,0.0
95,5Qnrgqy1pAm9GyNQOgyVFz,Fourth of July,Carrie & Lowell,Sufjan Stevens,2015-03-31,77,279316,0.435,0.973,0.104,0.33,0.119,0.162,-22.39,0.0445,120.484,6,4,happy,0.043478260869565216,0.2028985507246377,0.2318840579710145,0.21739130434782608,0.014492753623188406,0.0,0.15942028985507245,0.028985507246376812,0.043478260869565216,0.057971014492753624
96,79EkGysjP2dL5GdpeQjRxT,This Side of Paradise,Color,Coyote Theory,2020-12-11,76,242010,0.306,0.432,0.664,7.5e-06,0.135,0.321,-6.07,0.0276,158.283,9,4,happy,0.04819277108433735,0.1686746987951807,0.1686746987951807,0.1686746987951807,0.1686746987951807,0.0,0.04819277108433735,0.1686746987951807,0.03614457831325301,0.024096385542168676
97,79EkGysjP2dL5GdpeQjRxT,This Side of Paradise,Color,Coyote Theory,2020-12-11,76,242010,0.306,0.432,0.664,7.5e-06,0.135,0.321,-6.07,0.0276,158.283,9,4,happy,0.04819277108433735,0.1686746987951807,0.1686746987951807,0.1686746987951807,0.1686746987951807,0.0,0.04819277108433735,0.1686746987951807,0.03614457831325301,0.024096385542168676
98,7IL8PSVwLOJxqYne6azxQv,Pretty Boy,Chip Chrome & The Mono-Tones,The Neighbourhood,2020-09-25,73,234093,0.578,0.208,0.386,0.0453,0.307,0.569,-11.464,0.0278,154.902,6,4,happy,0.0,0.0,0.2,0.0,0.0,0.0,0.6,0.2,0.0,0.0
99,1EQFOouqdKYdpbNoOHRVO2,abcdefu (angrier),abcdefu (angrier),GAYLE,2021-09-24,62,159836,0.671,0.0658,0.599,0.0,0.101,0.448,-6.18,0.0405,121.849,4,3,happy,0.04878048780487805,0.04878048780487805,0.14634146341463414,0.12195121951219512,0.12195121951219512,0.04878048780487805,0.1951219512195122,0.12195121951219512,0.07317073170731707,0.07317073170731707
100,66Ae3p10Em3KdTaM787Ptx,this is what heartbreak feels like,this is what heartbreak feels like (432Hz),JVKE,2022-10-04,60,157636,0.707,0.578,0.474,0.0,0.11,0.538,-4.603,0.0672,109.991,1,4,happy,0.0736196319018405,0.09815950920245399,0.22699386503067484,0.06748466257668712,0.049079754601226995,0.03680981595092025,0.1165644171779141,0.147239263803681,0.1165644171779141,0.06748466257668712
101,76cy1WJvNGJTj78UqeA5zr,IDGAF,Dua Lipa (Deluxe),Dua Lipa,2017-06-02,77,217946,0.836,0.0403,0.544,0.0,0.0824,0.51,-5.975,0.0943,97.028,7,4,happy,0.0821917808219178,0.0136986301369863,0.2328767123287671,0.0684931506849315,0.0273972602739726,0.0273972602739726,0.1780821917808219,0.1232876712328767,0.1506849315068493,0.0958904109589041
102,6Jkm5kUldvIqxzI1Pa7nXH,10 Things I Hate About You,10 Things I Hate About You,Leah Kate,2022-03-23,4,157138,0.544,0.00991,0.786,0.0,0.169,0.446,-2.97,0.0501,153.967,8,4,happy,0.08235294117647059,0.058823529411764705,0.27058823529411763,0.08235294117647059,0.10588235294117647,0.011764705882352941,0.1411764705882353,0.15294117647058825,0.08235294117647059,0.011764705882352941
103,5MWXOo8DJwgODtPGaietNz,cinderella's dead,cinderella's dead,EMELINE,2022-04-01,67,120666,0.596,0.33,0.607,0.0,0.103,0.531,-6.179,0.168,119.882,6,4,happy,0.014388489208633094,0.18705035971223022,0.2158273381294964,0.17985611510791366,0.16546762589928057,0.007194244604316547,0.02158273381294964,0.15827338129496402,0.014388489208633094,0.03597122302158273
104,6FZDfxM3a3UCqtzo5pxSLZ,Without Me,Manic,Halsey,2020-01-17,77,201660,0.752,0.293,0.488,9.2e-06,0.0936,0.533,-7.05,0.0705,136.07,6,4,happy,0.0,0.0,0.0,0.0,0.0,0.0,0.0,0.0,0.0,0.0
105,20R4HfKloPKgXDqU7UKk3x,Therefore I Am,Happier Than Ever,Billie Eilish,2021-07-30,73,173539,0.879,0.227,0.365,0.135,0.0583,0.663,-7.781,0.0924,94.016,2,4,happy,0.1375,0.05,0.15,0.0375,0.125,0.0125,0.175,0.125,0.1375,0.05
106,7aGyRfJWtLqgJaZoG9lJhE,Mad at Disney,Mad at Disney,salem ilese,2020-07-24,2,136838,0.738,0.424,0.621,7.39e-06,0.692,0.715,-7.313,0.0486,113.968,0,4,happy,0.0,0.0,0.0,0.0,0.0,0.0,0.0,0.0,0.0,0.0
107,4ZtFanR9U6ndgddUvNcjcG,good 4 u,SOUR,Olivia Rodrigo,2021-05-21,82,178146,0.563,0.335,0.664,0.0,0.0849,0.688,-5.044,0.154,166.928,9,4,happy,0.0,0.0,0.0,0.0,0.0,0.0,0.0,0.0,0.0,0.0
108,6WrI0LAC5M1Rw2MnX2ZvEg,Don't Start Now,Don't Start Now,Dua Lipa,2019-10-31,71,183290,0.794,0.0125,0.793,0.0,0.0952,0.677,-4.521,0.0842,123.941,11,4,happy,0.1694915254237288,0.1694915254237288,0.15254237288135594,0.15254237288135594,0.03389830508474576,0.03389830508474576,0.0847457627118644,0.0,0.03389830508474576,0.1694915254237288
109,0AUvWawuP0ibk4SQ3sIZjk,Daisy,Daisy,Ashnikko,2020-07-09,61,146523,0.834,0.235,0.663,0.0,0.372,0.774,-6.143,0.133,121.876,8,4,happy,0.038461538461538464,0.11538461538461539,0.2153846153846154,0.12307692307692308,0.09230769230769231,0.038461538461538464,0.16923076923076924,0.046153846153846156,0.08461538461538462,0.07692307692307693
110,4fkM7M4Uo5AUASnnsRC7EZ,Not Your Barbie Girl,Not Your Barbie Girl,Ava Max,2018-08-13,63,186520,0.745,0.103,0.642,0.0,0.0335,0.35,-4.138,0.0506,120.063,6,4,happy,0.16279069767441862,0.09302325581395349,0.06976744186046512,0.023255813953488372,0.023255813953488372,0.046511627906976744,0.3488372093023256,0.0,0.11627906976744186,0.11627906976744186
111,534P1wgOzlgSogu8At0B6b,I've Had Enough,I've Had Enough,Melina KB,2021-03-12,58,210828,0.742,0.26,0.607,0.0,0.0884,0.667,-5.744,0.0686,170.055,10,3,happy,0.05217391304347826,0.06956521739130435,0.17391304347826086,0.08695652173913043,0.10434782608695652,0.043478260869565216,0.22608695652173913,0.043478260869565216,0.12173913043478261,0.0782608695652174
112,3HWzoMvoF3TQfYg4UPszDq,Truth Hurts,Cuz I Love You (Super Deluxe),Lizzo,2019-04-19,68,173325,0.715,0.11,0.624,0.0,0.123,0.412,-3.046,0.114,158.087,4,4,happy,0.05737704918032787,0.12295081967213115,0.1557377049180328,0.13114754098360656,0.12295081967213115,0.07377049180327869,0.14754098360655737,0.05737704918032787,0.06557377049180328,0.06557377049180328
113,0yvPEnB032fojLfVluFjUv,Sorry Not Sorry,Tell Me You Love Me,Demi Lovato,2017-09-29,70,203760,0.705,0.0242,0.643,0.0,0.262,0.884,-6.929,0.232,143.944,11,4,happy,0.026595744680851064,0.15425531914893617,0.22340425531914893,0.1276595744680851,0.18085106382978725,0.02127659574468085,0.06382978723404255,0.14893617021276595,0.02127659574468085,0.031914893617021274
114,6xsEAm6w9oMQYYg3jkEkMT,Bad Blood,Bad Blood,Taylor Swift,2015-05-17,64,200106,0.654,0.0294,0.655,0.0,0.139,0.221,-7.388,0.106,170.16,11,4,happy,0.0335195530726257,0.12290502793296089,0.1340782122905028,0.12290502793296089,0.12290502793296089,0.01675977653631285,0.1564245810055866,0.11173184357541899,0.1564245810055866,0.0223463687150838
115,23T0OX7QOiIUFShSzbJ5Uo,I Hope,Goldmine,Gabby Barrett,2020-06-19,68,210772,0.466,0.0951,0.536,0.0,0.114,0.377,-6.227,0.0429,75.998,6,4,happy,0.1356382978723404,0.05851063829787234,0.08776595744680851,0.06382978723404255,0.047872340425531915,0.1595744680851064,0.14361702127659576,0.0398936170212766,0.13031914893617022,0.13297872340425532
116,45bE4HXI0AwGZXfZtMp8JR,you broke me first,you broke me first,Tate McRae,2020-04-17,18,169265,0.667,0.785,0.373,0.0,0.0906,0.0823,-9.389,0.05,124.148,4,4,happy,0.014492753623188406,0.2028985507246377,0.2463768115942029,0.2028985507246377,0.08695652173913043,0.043478260869565216,0.08695652173913043,0.07246376811594203,0.0,0.043478260869565216
117,3OHfY25tqY28d16oZczHc8,Kill Bill,SOS,SZA,2022-12-09,77,153946,0.644,0.0543,0.728,0.169,0.161,0.43,-5.75,0.0351,88.993,8,4,happy,0.06097560975609756,0.12195121951219512,0.17073170731707318,0.13414634146341464,0.06097560975609756,0.0,0.1951219512195122,0.04878048780487805,0.14634146341463414,0.06097560975609756
118,5Z2MiIZ5I3jJvvmeWMLbOQ,Escapism.,Escapism. / The Thrill Is Gone.,RAYE,2022-10-12,24,272373,0.538,0.138,0.742,4.67e-05,0.0934,0.25,-5.355,0.114,96.107,2,4,happy,0.13559322033898305,0.14124293785310735,0.22033898305084745,0.1694915254237288,0.03954802259887006,0.011299435028248588,0.1694915254237288,0.022598870056497175,0.04519774011299435,0.04519774011299435
119,2vwlzO0Qp8kfEtzTsCXfyE,Wrecking Ball,Bangerz (Deluxe Version),Miley Cyrus,2013-10-04,78,221360,0.53,0.407,0.422,0.0,0.107,0.349,-6.262,0.0342,119.964,5,4,happy,0.0,0.0,0.0,0.0,0.0,0.0,0.0,0.0,0.0,0.0
120,1r9xUipOqoNwggBpENDsvJ,Enemy (with JID) - from the series Arcane League of Legends,Enemy (with JID) [from the series Arcane League of Legends],Imagine Dragons,2021-10-28,73,173381,0.728,0.237,0.783,0.0,0.434,0.555,-4.424,0.266,77.011,11,4,happy,0.07647058823529412,0.14705882352941177,0.15294117647058825,0.07647058823529412,0.13529411764705881,0.052941176470588235,0.11764705882352941,0.11764705882352941,0.047058823529411764,0.07647058823529412
121,6wNeKPXF0RDKyvfKfri5hf,Dollhouse,Cry Baby (Deluxe Edition),Melanie Martinez,2015-08-14,72,231853,0.725,0.22,0.708,0.0,0.777,0.555,-5.331,0.0756,130.029,5,4,happy,0.20987654320987653,0.012345679012345678,0.07407407407407407,0.012345679012345678,0.024691358024691357,0.07407407407407407,0.20987654320987653,0.024691358024691357,0.20987654320987653,0.14814814814814814
122,0lUSd7TCG8srh6HpIAEIWL,Power,Glory Days (Expanded Edition),Little Mix,2016-11-18,70,247840,0.566,0.0372,0.855,0.000157,0.181,0.517,-4.016,0.211,172.966,7,4,happy,0.07777777777777778,0.08333333333333333,0.16111111111111112,0.1111111111111111,0.14444444444444443,0.06111111111111111,0.1111111111111111,0.08888888888888889,0.07222222222222222,0.08888888888888889
123,59tskctgqUmjCWAwhzYAFm,Looking at Me,Singular Act II,Sabrina Carpenter,2019-07-19,77,181120,0.681,0.00398,0.798,5.11e-06,0.0542,0.516,-4.367,0.0375,105.99,2,4,happy,0.06578947368421052,0.09210526315789473,0.18421052631578946,0.13157894736842105,0.039473684210526314,0.07894736842105263,0.23684210526315788,0.0,0.11842105263157894,0.05263157894736842
124,5lAnYvAIkSDNXqfo7DyFUm,Ain't Shit,Planet Her,Doja Cat,2021-06-25,73,174253,0.855,0.506,0.488,0.0,0.347,0.619,-4.601,0.208,124.097,3,4,happy,0.057692307692307696,0.057692307692307696,0.2403846153846154,0.057692307692307696,0.18269230769230768,0.0,0.08653846153846154,0.19230769230769232,0.0673076923076923,0.057692307692307696
125,7FGIEAVXfegxngH9Jg6VwA,What A Shame,What A Shame,Leyla Blue,2020-12-09,59,177200,0.699,0.315,0.463,0.0,0.0803,0.565,-7.828,0.475,143.99,0,4,happy,0.013888888888888888,0.1597222222222222,0.2222222222222222,0.1736111111111111,0.013888888888888888,0.027777777777777776,0.09722222222222222,0.1597222222222222,0.08333333333333333,0.04861111111111111
126,360Wr96ywrCQq4kTAJ8Pq6,Pacify Her,Cry Baby (Deluxe Edition),Melanie Martinez,2015-08-14,74,220013,0.576,0.0467,0.593,0.000767,0.237,0.373,-6.024,0.0306,157.993,9,4,happy,0.08602150537634409,0.03225806451612903,0.21505376344086022,0.043010752688172046,0.1827956989247312,0.010752688172043012,0.17204301075268819,0.13978494623655913,0.10752688172043011,0.010752688172043012
127,0Qh38w01QRXK6KHIv0e3hb,What About Us,Beautiful Trauma,P!nk,2017-10-13,73,269600,0.491,0.0281,0.588,2.01e-06,0.0906,0.193,-6.177,0.0506,113.608,1,4,happy,0.0958904109589041,0.0958904109589041,0.0958904109589041,0.1095890410958904,0.0958904109589041,0.0684931506849315,0.1095890410958904,0.0547945205479452,0.1095890410958904,0.1643835616438356
128,198ZUXC5jCr5DiQNlKBiNV,Get Down,Six: The Musical (Studio Cast Recording),SIX,2018-08-31,57,253993,0.898,0.00986,0.406,0.0,0.0509,0.39,-9.905,0.102,102.985,4,4,happy,0.14492753623188406,0.07246376811594203,0.07246376811594203,0.07246376811594203,0.0,0.028985507246376812,0.34782608695652173,0.0,0.2608695652173913,0.0
129,23L5CiUhw2jV1OIMwthR3S,In the Name of Love,In the Name of Love,Martin Garrix,2016-07-29,78,195706,0.501,0.109,0.519,0.0,0.454,0.168,-5.88,0.0409,133.99,4,4,happy,0.021739130434782608,0.13043478260869565,0.14130434782608695,0.09782608695652174,0.08695652173913043,0.03260869565217391,0.2391304347826087,0.043478260869565216,0.1956521739130435,0.010869565217391304
130,4svaKoxMMP7ImmKrD5hfQu,Victoria's Secret,Victoria’s Secret,Jax,2022-06-30,61,175934,0.586,0.00655,0.556,0.0,0.0836,0.517,-7.639,0.0592,167.018,6,4,happy,0.23636363636363636,0.05454545454545454,0.09090909090909091,0.01818181818181818,0.14545454545454545,0.09090909090909091,0.14545454545454545,0.03636363636363636,0.09090909090909091,0.09090909090909091
131,3Jb00jDoYOA7xHq4L2mWpZ,AVA (Sped Up),AVA (Sped Up),Natalie Jane,2022-12-02,40,137594,0.675,0.147,0.477,4.76e-05,0.0864,0.334,-5.684,0.0377,100.748,11,4,happy,0.0,0.0,0.0,0.0,0.0,0.0,0.0,0.0,0.0,0.0
132,78qd8dvwea0Gosb6Fe6j3k,Boss Bitch,Boss Bitch,Doja Cat,2020-01-23,74,134239,0.707,0.127,0.955,0.0,0.202,0.575,-4.593,0.222,125.989,10,4,happy,0.038461538461538464,0.13286713286713286,0.17132867132867133,0.13986013986013987,0.14685314685314685,0.027972027972027972,0.15734265734265734,0.12937062937062938,0.03146853146853147,0.024475524475524476
133,1V6gIisPpYqgFeWbMLI0bA,Heart Attack,Demi,Demi Lovato,2013-01-01,78,210840,0.504,0.0738,0.785,0.0,0.239,0.502,-4.802,0.104,173.968,8,4,happy,0.09090909090909091,0.16233766233766234,0.23376623376623376,0.09090909090909091,0.1038961038961039,0.03896103896103896,0.11038961038961038,0.012987012987012988,0.09090909090909091,0.06493506493506493
134,1ue7zm5TVVvmoQV8lK6K2H,Pretty Girl,Pretty Girl,Maggie Lindemann,2016-09-30,58,219428,0.456,0.298,0.764,0.0,0.229,0.383,-3.584,0.148,124.971,10,5,happy,0.17543859649122806,0.03508771929824561,0.14035087719298245,0.08771929824561403,0.03508771929824561,0.03508771929824561,0.14035087719298245,0.07017543859649122,0.14035087719298245,0.14035087719298245
135,4uqh9bualXNHXXwO2wPorc,Daisies,Daisies,Katy Perry,2020-05-15,53,173123,0.639,0.0837,0.546,0.0,0.122,0.149,-5.382,0.0407,122.179,1,4,happy,0.10204081632653061,0.05102040816326531,0.1326530612244898,0.09183673469387756,0.08163265306122448,0.07142857142857142,0.17346938775510204,0.02040816326530612,0.14285714285714285,0.1326530612244898
136,2YyLNljkMy2viVcXoFGTDY,Tears of Gold,Tears of Gold,Faouzia,2019-11-20,64,176117,0.587,0.128,0.664,0.0,0.323,0.617,-5.698,0.0523,149.957,5,4,happy,0.036036036036036036,0.12612612612612611,0.23423423423423423,0.18018018018018017,0.0990990990990991,0.02702702702702703,0.10810810810810811,0.036036036036036036,0.08108108108108109,0.07207207207207207
137,27rdGxbavYJeBphck5MZAF,Nothing Breaks Like a Heart (feat. Miley Cyrus),Nothing Breaks Like a Heart (feat. Miley Cyrus),Mark Ronson,2018-11-30,69,217466,0.601,0.00987,0.794,1.36e-06,0.388,0.244,-5.844,0.0671,114.066,7,4,happy,0.05844155844155844,0.15584415584415584,0.2077922077922078,0.24025974025974026,0.12987012987012986,0.025974025974025976,0.07142857142857142,0.032467532467532464,0.07142857142857142,0.006493506493506494
138,5r0cOO77xkM5jjHk67Z2Lt,"Baby, I'm Jealous (feat. Doja Cat)",Better Mistakes,Bebe Rexha,2021-05-07,58,175873,0.737,0.0398,0.867,0.0,0.32,0.506,-2.259,0.0458,98.05,11,4,happy,0.04918032786885246,0.0273224043715847,0.22404371584699453,0.02185792349726776,0.1912568306010929,0.0,0.14207650273224043,0.20765027322404372,0.13114754098360656,0.00546448087431694
139,6HU7h9RYOaPRFeh0R3UeAr,deja vu,SOUR,Olivia Rodrigo,2021-05-21,83,215506,0.442,0.584,0.612,5.7e-06,0.37,0.178,-7.222,0.112,180.917,2,4,happy,0.13580246913580246,0.04938271604938271,0.12345679012345678,0.037037037037037035,0.04938271604938271,0.04938271604938271,0.30864197530864196,0.07407407407407407,0.16049382716049382,0.012345679012345678
140,5ajjAnNRh8bxFvaVHzpPjh,Reckless,Reckless,Madison Beer,2021-06-04,71,203384,0.386,0.807,0.426,0.0,0.14,0.261,-6.642,0.0363,180.104,3,3,happy,0.07228915662650602,0.1566265060240964,0.18072289156626506,0.12048192771084337,0.12048192771084337,0.04819277108433735,0.0963855421686747,0.03614457831325301,0.07228915662650602,0.0963855421686747
141,12cZWGf5ZgLcKubEW9mx5q,HOPE,HOPE,NF,2023-02-16,66,264473,0.546,0.396,0.787,0.0,0.0619,0.497,-4.023,0.212,100.559,0,3,happy,0.09174311926605505,0.1743119266055046,0.2018348623853211,0.14678899082568808,0.06422018348623854,0.027522935779816515,0.13761467889908258,0.027522935779816515,0.05504587155963303,0.07339449541284404
142,6IbnUaczZBT34DhaD6S18F,Bubblegum Bitch,Electra Heart (Deluxe),MARINA,2012-04-27,74,154666,0.495,0.000219,0.856,0.0,0.103,0.609,-5.123,0.0311,158.024,0,4,happy,0.02654867256637168,0.06637168141592921,0.17699115044247787,0.13716814159292035,0.14601769911504425,0.05752212389380531,0.13716814159292035,0.04424778761061947,0.16371681415929204,0.04424778761061947
143,59CfNbkERJ3NoTXDvoURjj,Boyfriend,Boyfriend,Dove Cameron,2022-02-11,71,153000,0.345,0.232,0.612,0.0,0.194,0.232,-6.543,0.0608,179.773,7,3,happy,0.11320754716981132,0.11320754716981132,0.11320754716981132,0.07547169811320754,0.07547169811320754,0.09433962264150944,0.22641509433962265,0.03773584905660377,0.09433962264150944,0.05660377358490566
144,5NEbSFTrxg63xy3j7jiQAe,I'm an Albatraoz,I'm an Albatraoz,CDM Project,2019-01-16,22,166000,0.745,0.0895,0.739,0.0037,0.0844,0.612,-9.095,0.0572,128.011,0,4,happy,0.11764705882352941,0.058823529411764705,0.058823529411764705,0.029411764705882353,0.17647058823529413,0.11764705882352941,0.14705882352941177,0.058823529411764705,0.11764705882352941,0.11764705882352941
145,4eWQlBRaTjPPUlzacqEeoQ,Never Be the Same,Camila,Camila Cabello,2018-01-12,75,226973,0.637,0.181,0.713,0.000637,0.137,0.243,-4.333,0.0747,129.923,0,4,happy,0.03571428571428571,0.08035714285714286,0.35714285714285715,0.044642857142857144,0.22321428571428573,0.044642857142857144,0.026785714285714284,0.13392857142857142,0.026785714285714284,0.026785714285714284
146,7k4t7uLgtOxPwTpFmtJNTY,Tusa,Tusa,KAROL G,2019-11-07,72,200960,0.803,0.295,0.715,0.000134,0.0574,0.574,-3.28,0.298,101.085,2,4,happy,0.02857142857142857,0.17142857142857143,0.22857142857142856,0.14285714285714285,0.17142857142857143,0.05714285714285714,0.08571428571428572,0.08571428571428572,0.0,0.02857142857142857
147,5OLcsBO28uWHMzS0EEeZNp,Little Girl Gone,Little Girl Gone,CHINCHILLA,2023-04-21,3,188596,0.706,0.177,0.675,0.0,0.0852,0.516,-6.351,0.237,159.961,1,4,happy,0.06818181818181818,0.1590909090909091,0.25757575757575757,0.08333333333333333,0.1590909090909091,0.10606060606060606,0.045454545454545456,0.05303030303030303,0.007575757575757576,0.06060606060606061
148,4OafepJy2teCjYJbvFE60J,breathin,Sweetener,Ariana Grande,2018-08-17,68,198160,0.568,0.0211,0.656,1.37e-05,0.213,0.364,-5.413,0.0433,100.049,8,4,happy,0.10714285714285714,0.0,0.21428571428571427,0.10714285714285714,0.07142857142857142,0.0,0.21428571428571427,0.07142857142857142,0.0,0.21428571428571427
149,4atLCK41iF1xFDydQ6WliG,PS5,PS5 (Super Pack),salem ilese,2022-07-06,0,152214,0.602,0.0131,0.642,5.33e-06,0.0668,0.54,-5.404,0.211,175.978,2,4,happy,0.09859154929577464,0.07042253521126761,0.15492957746478872,0.09859154929577464,0.028169014084507043,0.09859154929577464,0.15492957746478872,0.056338028169014086,0.1267605633802817,0.11267605633802817
150,7y9iMe8SOB6z3NoHE2OfXl,Bad At Love,hopeless fountain kingdom (Deluxe),Halsey,2017-06-02,23,181279,0.675,0.0604,0.751,0.0,0.0893,0.612,-3.539,0.0296,118.384,0,4,happy,0.022988505747126436,0.1206896551724138,0.16091954022988506,0.12643678160919541,0.13218390804597702,0.022988505747126436,0.10919540229885058,0.15517241379310345,0.09195402298850575,0.05747126436781609
151,6ZtiywT2Qm50a1uR0jlY35,"Sit Still, Look Pretty","Sit Still, Look Pretty",Daya,2016-10-07,33,207761,0.846,0.286,0.734,8.27e-05,0.425,0.717,-3.601,0.108,90.98,2,4,happy,0.1487603305785124,0.12396694214876033,0.1322314049586777,0.09504132231404959,0.024793388429752067,0.028925619834710745,0.1487603305785124,0.012396694214876033,0.14049586776859505,0.1446280991735537
152,7vu0JkJh0ldukEYbTVcqd0,Issues,Nervous System,Julia Michaels,2017-07-28,72,176320,0.728,0.401,0.415,0.0,0.0616,0.455,-6.852,0.0639,114.145,8,4,happy,0.08163265306122448,0.08163265306122448,0.1326530612244898,0.09183673469387756,0.11224489795918367,0.02040816326530612,0.17346938775510204,0.11224489795918367,0.15306122448979592,0.04081632653061224
153,7w3rcy1CrATkUgCoItTbId,Love Lies,"Love, Simon (Original Motion Picture Soundtrack)",Various Artists,2018-03-16,43,201253,0.702,0.108,0.573,0.0,0.114,0.394,-7.748,0.049,143.916,6,4,happy,0.0990990990990991,0.06306306306306306,0.14414414414414414,0.02702702702702703,0.07207207207207207,0.05405405405405406,0.1891891891891892,0.10810810810810811,0.1891891891891892,0.05405405405405406
154,72jCZdH0Lhg93z6Z4hBjgj,I Knew You Were Trouble.,Red,Taylor Swift,2012-10-22,59,217973,0.622,0.00454,0.469,2.25e-06,0.0398,0.679,-6.798,0.0363,77.019,3,4,happy,0.08695652173913043,0.11594202898550725,0.2608695652173913,0.11594202898550725,0.08695652173913043,0.028985507246376812,0.057971014492753624,0.14492753623188406,0.043478260869565216,0.057971014492753624
155,3yOlyBJuViE2YSGn3nVE1K,My Oh My (feat. DaBaby),Romance,Camila Cabello,2019-12-06,72,170746,0.724,0.018,0.491,1.29e-05,0.0887,0.383,-6.024,0.0296,105.046,8,4,happy,0.20192307692307693,0.038461538461538464,0.0673076923076923,0.04807692307692308,0.028846153846153848,0.09615384615384616,0.17307692307692307,0.009615384615384616,0.15384615384615385,0.18269230769230768
156,3nqQXoyQOWXiESFLlDF1hG,Unholy (feat. Kim Petras),Unholy (feat. Kim Petras),Sam Smith,2022-09-22,77,156943,0.719,0.0138,0.454,4.83e-06,0.318,0.224,-7.384,0.0707,131.007,2,4,happy,0.014705882352941176,0.08823529411764706,0.14705882352941177,0.0,0.08823529411764706,0.14705882352941177,0.22058823529411764,0.058823529411764705,0.22058823529411764,0.014705882352941176
157,0yLdNVWF3Srea0uzk55zFn,Flowers,Flowers,Miley Cyrus,2023-01-13,25,200454,0.707,0.0632,0.681,5.15e-06,0.0322,0.646,-4.325,0.0668,117.999,0,4,happy,0.01639344262295082,0.06557377049180328,0.13934426229508196,0.12295081967213115,0.02459016393442623,0.03278688524590164,0.319672131147541,0.00819672131147541,0.26229508196721313,0.00819672131147541
158,5vTPxzm4h2bY9rYyVrGEU5,Really Don't Care,Demi,Demi Lovato,2013-01-01,68,201600,0.706,0.123,0.728,0.0,0.185,0.851,-3.602,0.0852,121.017,7,4,happy,0.0410958904109589,0.1095890410958904,0.2876712328767123,0.1095890410958904,0.1780821917808219,0.0958904109589041,0.0821917808219178,0.0410958904109589,0.0273972602739726,0.0273972602739726
159,3o9kpgkIcffx0iSwxhuNI2,Numb Little Bug,Numb Little Bug,Em Beihold,2022-01-28,67,169237,0.742,0.327,0.527,0.0,0.25,0.638,-6.892,0.0769,84.974,8,4,happy,0.05813953488372093,0.13953488372093023,0.27906976744186046,0.12790697674418605,0.03488372093023256,0.023255813953488372,0.1744186046511628,0.046511627906976744,0.06976744186046512,0.046511627906976744
160,1c8gk2PeTE04A1pIDH9YMk,Rolling in the Deep,21,Adele,2011-01-24,77,228093,0.73,0.138,0.769,0.0,0.0473,0.507,-5.114,0.0298,104.948,8,4,happy,0.0673076923076923,0.08653846153846154,0.18269230769230768,0.20192307692307693,0.038461538461538464,0.07692307692307693,0.14423076923076922,0.038461538461538464,0.10576923076923077,0.057692307692307696
161,6xlOnm5MITIKtixzJW8R0j,DARKSIDE,Wars In A Wonderland,Neoni,2021-08-20,73,168000,0.533,0.31,0.714,1.58e-06,0.0869,0.454,-6.472,0.0608,165.037,7,3,happy,0.0,0.0,0.0,0.0,0.0,0.0,0.0,0.0,0.0,0.0
162,3MoV1UsAJmz64LHqyiRMp0,Say My Name,7,David Guetta,2018-09-14,53,198946,0.703,0.137,0.66,0.0,0.192,0.79,-5.119,0.123,95.031,10,4,happy,0.10344827586206896,0.1103448275862069,0.07586206896551724,0.006896551724137931,0.006896551724137931,0.041379310344827586,0.3586206896551724,0.006896551724137931,0.2896551724137931,0.0
163,6bTbMMEShyGyrcuIwtBlpA,Living Hell,Dolls EP,Bella Poarch,2022-08-12,59,174002,0.729,0.598,0.551,0.0,0.176,0.312,-6.935,0.056,124.044,0,4,happy,0.11363636363636363,0.10606060606060606,0.10606060606060606,0.06818181818181818,0.08333333333333333,0.030303030303030304,0.17424242424242425,0.08333333333333333,0.17424242424242425,0.06060606060606061
164,7uUahoeqGNRMbpdeiLj1rS,Panic Room,Panic Room,Au/Ra,2018-02-09,67,237772,0.495,0.152,0.426,5.65e-06,0.099,0.0636,-9.434,0.0736,97.91,8,4,happy,0.0,0.0,0.0,0.0,0.0,0.0,0.0,0.0,0.0,0.0
165,58HvfVOeJY7lUuCqF0m3ly,MIDDLE OF THE NIGHT,MIDDLE OF THE NIGHT,Elley Duhé,2020-01-10,75,184447,0.41,0.0228,0.611,0.0,0.116,0.0899,-8.271,0.0467,185.727,4,3,happy,0.13636363636363635,0.09090909090909091,0.045454545454545456,0.045454545454545456,0.045454545454545456,0.045454545454545456,0.09090909090909091,0.045454545454545456,0.09090909090909091,0.36363636363636365
166,0yLdNVWF3Srea0uzk55zFn,Flowers,Flowers,Miley Cyrus,2023-01-13,25,200454,0.707,0.0632,0.681,5.15e-06,0.0322,0.646,-4.325,0.0668,117.999,0,4,happy,0.01639344262295082,0.06557377049180328,0.13934426229508196,0.12295081967213115,0.02459016393442623,0.03278688524590164,0.319672131147541,0.00819672131147541,0.26229508196721313,0.00819672131147541
167,4dh34dyav8M5jCN3yidn8Z,Big Weenie,Encore (Deluxe Version),Eminem,2004-11-12,62,266933,0.622,0.242,0.539,0.0,0.107,0.315,-4.331,0.502,173.662,1,4,happy,0.0,0.0,0.0,0.0,0.0,0.0,0.0,0.0,0.0,0.0
168,1KixkQVDUHggZMU9dUobgm,My Head & My Heart,Heaven & Hell,Ava Max,2020-09-18,70,174760,0.614,0.0697,0.934,0.0,0.121,0.436,-3.709,0.07,116.001,9,4,happy,0.0,0.0,0.0,0.0,0.0,0.0,0.0,0.0,0.0,0.0
169,6zBqlhWjEhNyH4Z8eUDzMT,Twinkle Twinkle,Twinkle Twinkle,Leah Kate,2022-06-24,0,156937,0.571,0.0151,0.854,0.0,0.251,0.6,-4.753,0.125,160.035,7,4,happy,0.08695652173913043,0.0,0.0,0.0,0.0,0.0,0.34782608695652173,0.0,0.30434782608695654,0.2608695652173913
170,2tGvwE8GcFKwNdAXMnlbfl,happier,SOUR,Olivia Rodrigo,2021-05-21,82,175933,0.395,0.765,0.443,9.67e-06,0.0839,0.338,-9.72,0.133,168.924,6,3,happy,0.18095238095238095,0.009523809523809525,0.047619047619047616,0.01904761904761905,0.02857142857142857,0.0761904761904762,0.21904761904761905,0.0380952380952381,0.21904761904761905,0.1619047619047619
171,42ydLwx4i5V49RXHOozJZq,Scars To Your Beautiful,Know-It-All (Deluxe),Alessia Cara,2016-03-11,68,230226,0.319,0.0285,0.739,0.0,0.111,0.449,-5.74,0.272,194.169,0,4,happy,0.08108108108108109,0.13513513513513514,0.05405405405405406,0.06306306306306306,0.009009009009009009,0.02702702702702703,0.2972972972972973,0.0,0.25225225225225223,0.08108108108108109
172,3XF5xLJHOQQRbWya6hBp7d,you should see me in a crown,"WHEN WE ALL FALL ASLEEP, WHERE DO WE GO?",Billie Eilish,2019-03-29,76,180952,0.678,0.462,0.533,0.219,0.139,0.323,-10.485,0.186,150.455,4,4,happy,0.09523809523809523,0.19047619047619047,0.14285714285714285,0.07936507936507936,0.031746031746031744,0.015873015873015872,0.12698412698412698,0.031746031746031744,0.1111111111111111,0.1746031746031746
173,04aAxqtGp5pv12UXAg4pkq,Centuries,American Beauty/American Psycho,Fall Out Boy,2015-01-16,79,228360,0.393,0.00359,0.858,0.0,0.102,0.56,-2.868,0.0729,176.042,4,4,happy,0.05172413793103448,0.10344827586206896,0.27586206896551724,0.13793103448275862,0.06896551724137931,0.034482758620689655,0.15517241379310345,0.034482758620689655,0.06896551724137931,0.06896551724137931
174,1y4eb6hmAvsqlDOl3fx9kk,Hot N Cold,One Of The Boys,Katy Perry,2008-06-17,70,220226,0.706,7.73e-05,0.842,0.0,0.0688,0.861,-3.956,0.0417,132.032,7,4,happy,0.04918032786885246,0.12295081967213115,0.2459016393442623,0.09836065573770492,0.10655737704918032,0.09016393442622951,0.10655737704918032,0.00819672131147541,0.09836065573770492,0.07377049180327869
175,1Xi84slp6FryDSCbzq4UCD,Arcade,Arcade,Duncan Laurence,2019-03-07,73,183624,0.459,0.817,0.331,0.00104,0.135,0.271,-12.603,0.0421,72.023,9,3,happy,0.09433962264150944,0.03773584905660377,0.2641509433962264,0.16981132075471697,0.1509433962264151,0.0,0.1320754716981132,0.018867924528301886,0.11320754716981132,0.018867924528301886
176,4TgyIbBZCW0UIwS8eua06z,Hate You,Hate You,Jordi,2022-11-18,51,176540,0.636,0.762,0.473,3.82e-06,0.152,0.399,-8.311,0.0389,87.034,0,4,happy,0.03225806451612903,0.08602150537634409,0.22580645161290322,0.17204301075268819,0.12903225806451613,0.010752688172043012,0.12903225806451613,0.11827956989247312,0.08602150537634409,0.010752688172043012
177,3S8jK1mGzQi24ilFb45DAZ,Lonely (with benny blanco),Justice,Justin Bieber,2021-03-19,74,149189,0.619,0.9,0.241,0.0,0.116,0.0719,-7.102,0.046,79.461,11,4,happy,0.05,0.13333333333333333,0.16666666666666666,0.16666666666666666,0.15,0.03333333333333333,0.06666666666666667,0.16666666666666666,0.03333333333333333,0.03333333333333333
178,3udCid1W2whR6CQrVpsKUh,Cinderella Snapped,Cinderella Snapped,Jax,2023-03-03,53,173103,0.752,0.0193,0.522,0.0,0.105,0.65,-5.993,0.0507,139.936,1,3,happy,0.12790697674418605,0.046511627906976744,0.06976744186046512,0.011627906976744186,0.023255813953488372,0.046511627906976744,0.313953488372093,0.023255813953488372,0.20930232558139536,0.12790697674418605
179,5MAK1nd8R6PWnle1Q1WJvh,I See Red,I See Red,Everybody Loves an Outlaw,2018-10-31,72,230613,0.509,0.00713,0.448,0.0137,0.244,0.221,-7.552,0.0357,156.909,4,3,happy,0.0,0.2,0.3333333333333333,0.1111111111111111,0.2,0.022222222222222223,0.022222222222222223,0.06666666666666667,0.0,0.044444444444444446
180,2Ggr9IfS70wYQacW8nZKPG,labour,labour,Paris Paloma,2023-03-23,71,237744,0.65,0.396,0.574,0.000112,0.354,0.441,-10.3,0.101,83.963,11,4,happy,0.10897435897435898,0.09615384615384616,0.19230769230769232,0.07692307692307693,0.08333333333333333,0.0,0.16666666666666666,0.05128205128205128,0.10897435897435898,0.11538461538461539
181,1zu2GKHPJIsUu80SUJX4H4,Devil Doesn’t Bargain,(Un)Commentary,Alec Benjamin,2022-04-15,69,163613,0.448,0.577,0.606,0.0,0.217,0.483,-4.565,0.0609,121.15,3,4,happy,0.10119047619047619,0.1488095238095238,0.1488095238095238,0.08928571428571429,0.1130952380952381,0.023809523809523808,0.16071428571428573,0.09523809523809523,0.023809523809523808,0.09523809523809523
182,3u1FiuSpfsgVnekEMXgMwJ,"Tag, You're It",Cry Baby (Deluxe Edition),Melanie Martinez,2015-08-14,72,189026,0.559,0.24,0.835,0.019,0.185,0.382,-5.555,0.0424,114.908,5,4,happy,0.08333333333333333,0.041666666666666664,0.1875,0.041666666666666664,0.10416666666666667,0.14583333333333334,0.16666666666666666,0.041666666666666664,0.10416666666666667,0.08333333333333333
183,1P17dC1amhFzptugyAO7Il,Look What You Made Me Do,reputation,Taylor Swift,2017-11-10,79,211853,0.766,0.204,0.709,1.41e-05,0.126,0.506,-6.471,0.123,128.07,9,4,happy,0.09803921568627451,0.09803921568627451,0.1568627450980392,0.09803921568627451,0.13725490196078433,0.0196078431372549,0.09803921568627451,0.11764705882352941,0.0392156862745098,0.13725490196078433
184,0aU73DSJXOwjzMakUhlL9t,Just a Friend,Just a Friend,Jordi,2023-08-25,50,141147,0.785,0.0499,0.653,0.0,0.0899,0.589,-6.464,0.199,89.99,2,4,happy,0.23404255319148937,0.028368794326241134,0.04964539007092199,0.014184397163120567,0.02127659574468085,0.0425531914893617,0.28368794326241137,0.014184397163120567,0.23404255319148937,0.07801418439716312
185,6yARPLK0PV4heEyh7pVMGz,Part Of Me,Teenage Dream: The Complete Confection,Katy Perry,2012-01-01,70,216160,0.666,0.000348,0.922,0.0,0.0867,0.758,-4.645,0.0352,130.007,5,4,happy,0.034482758620689655,0.13793103448275862,0.20689655172413793,0.13793103448275862,0.034482758620689655,0.1724137931034483,0.10344827586206896,0.06896551724137931,0.06896551724137931,0.034482758620689655
186,04ZTP5KsCypmtCmQg5tH9R,I'm a Mess,Expectations,Bebe Rexha,2018-06-22,68,195519,0.63,0.00281,0.694,0.0,0.0719,0.216,-6.257,0.0253,97.005,11,4,happy,0.10852713178294573,0.015503875968992248,0.08527131782945736,0.015503875968992248,0.007751937984496124,0.07751937984496124,0.26356589147286824,0.06976744186046512,0.26356589147286824,0.09302325581395349
187,2qxmye6gAegTMjLKEBoR3d,Let Me Down Slowly,Narrated For You,Alec Benjamin,2018-11-16,83,169353,0.652,0.74,0.557,0.0,0.124,0.483,-5.714,0.0318,150.073,1,4,happy,0.07518796992481203,0.10526315789473684,0.20300751879699247,0.17293233082706766,0.05263157894736842,0.05263157894736842,0.14285714285714285,0.06766917293233082,0.09022556390977443,0.03759398496240601
188,3k79jB4aGmMDUQzEwa46Rz,vampire,vampire,Olivia Rodrigo,2023-06-30,16,219724,0.484,0.148,0.53,0.0,0.283,0.319,-5.82,0.054,136.874,5,4,happy,0.06956521739130435,0.1391304347826087,0.19130434782608696,0.12173913043478261,0.12173913043478261,0.017391304347826087,0.10434782608695652,0.13043478260869565,0.06956521739130435,0.034782608695652174
189,6cPh0IceWYeMEeYmbSgIMG,Pretty Distraction,Pretty Distraction,SkyDxddy,2023-09-08,54,175813,0.468,0.113,0.45,0.0,0.089,0.448,-7.981,0.0322,172.038,6,3,happy,0.08,0.12,0.14666666666666667,0.05333333333333334,0.12,0.04,0.2,0.08,0.12,0.04
190,2IGMVunIBsBLtEQyoI1Mu7,Paint The Town Red,Paint The Town Red,Doja Cat,2023-08-04,79,231750,0.868,0.269,0.538,3.34e-06,0.0901,0.732,-8.603,0.174,99.968,5,4,happy,0.04150943396226415,0.1509433962264151,0.18490566037735848,0.12830188679245283,0.16226415094339622,0.026415094339622643,0.07924528301886792,0.12830188679245283,0.03773584905660377,0.06037735849056604
191,2gyxAWHebV7xPYVxqoi86f,get him back!,GUTS,Olivia Rodrigo,2023-09-08,76,211141,0.553,0.0143,0.847,0.0,0.561,0.733,-5.736,0.187,162.024,5,4,happy,0.06190476190476191,0.1523809523809524,0.2,0.14761904761904762,0.0761904761904762,0.07142857142857142,0.09047619047619047,0.05714285714285714,0.07142857142857142,0.07142857142857142
192,4kkeuVl6gF3RMqE4Nn5W3E,E.T.,Teenage Dream,Katy Perry,2010-01-01,64,206373,0.603,0.0178,0.863,0.0,0.389,0.731,-5.423,0.0773,150.054,5,4,happy,0.06748466257668712,0.1411042944785276,0.2392638036809816,0.09202453987730061,0.04294478527607362,0.049079754601226995,0.09815950920245399,0.12269938650306748,0.06748466257668712,0.07975460122699386
193,0XqQxKtAdYbOC8OVIjWLZD,Dancing With The Devil,Dancing With The Devil…The Art of Starting Over,Demi Lovato,2021-04-02,47,243992,0.413,0.273,0.64,0.0,0.11,0.149,-5.811,0.0427,75.245,8,4,happy,0.04838709677419355,0.12903225806451613,0.1935483870967742,0.11290322580645161,0.12096774193548387,0.03225806451612903,0.06451612903225806,0.12096774193548387,0.03225806451612903,0.14516129032258066
194,0pXUVMtPaFDghiBgDs6U1f,My Problem,My Problem,Jordi,2023-10-27,48,146932,0.798,0.243,0.583,0.0,0.151,0.737,-5.547,0.0989,74.476,0,4,happy,0.0,0.24444444444444444,0.3333333333333333,0.24444444444444444,0.08888888888888889,0.0,0.0,0.08888888888888889,0.0,0.0
195,3QSjVPObHxuAJc3E5nrjRn,VILLAIN,ALL OUT,K/DA,2020-11-06,68,199125,0.653,0.0232,0.634,0.0,0.0908,0.306,-5.875,0.0391,160.013,5,4,happy,0.0,0.0,0.0,0.0,0.0,0.0,0.5,0.0,0.5,0.0
196,63mdJr3NMY3wReOkNE6c6W,People You Know,Rare,Selena Gomez,2020-01-10,73,194900,0.695,0.0881,0.62,5.43e-05,0.111,0.619,-8.082,0.0521,150.032,8,4,happy,0.05263157894736842,0.13157894736842105,0.21052631578947367,0.13157894736842105,0.13157894736842105,0.05263157894736842,0.05263157894736842,0.13157894736842105,0.05263157894736842,0.05263157894736842
197,6dgUya35uo964z7GZXM07g,Nonsense,emails i can't send,Sabrina Carpenter,2022-07-15,87,163648,0.74,0.0268,0.697,0.0,0.224,0.732,-4.912,0.034,138.992,8,4,happy,0.07446808510638298,0.06382978723404255,0.19148936170212766,0.07446808510638298,0.06382978723404255,0.10638297872340426,0.14893617021276595,0.06382978723404255,0.13829787234042554,0.07446808510638298
198,7aonAWn0J0AJ47ZU9WHCXC,INFERNO,INFERNO,Sub Urban,2021-08-13,59,133133,0.82,0.0766,0.611,2.5e-05,0.0684,0.637,-5.02,0.122,127.883,9,4,happy,0.0,0.0,0.0,0.0,0.0,0.0,0.0,0.0,0.0,0.0
199,1UReO1X8z8qcZRXXzly6FB,Arcade,Loving You Is A Losing Game,Duncan Laurence,2020-11-23,56,185146,0.448,0.813,0.352,0.00119,0.14,0.221,-11.504,0.047,72.111,0,3,happy,0.09433962264150944,0.03773584905660377,0.2641509433962264,0.16981132075471697,0.1509433962264151,0.0,0.1320754716981132,0.018867924528301886,0.11320754716981132,0.018867924528301886
200,3jZDWsoxRHzzp3DYV8qeXE,You Broke My Heart Again,You Broke My Heart Again,Teqkoi,2018-10-13,0,103400,0.55,0.956,0.143,0.0,0.195,0.224,-15.685,0.241,74.918,3,4,happy,0.0,0.19047619047619047,0.30952380952380953,0.21428571428571427,0.09523809523809523,0.09523809523809523,0.09523809523809523,0.0,0.0,0.0
201,4ZLzoOkj0MPWrTLvooIuaa,Get You The Moon (feat. Snøw),Get You The Moon (feat. Snøw),Kina,2018-10-08,74,179080,0.498,0.72,0.235,0.0,0.144,0.0895,-16.541,0.188,118.917,1,4,happy,0.028985507246376812,0.11594202898550725,0.13043478260869565,0.11594202898550725,0.13043478260869565,0.07246376811594203,0.15942028985507245,0.10144927536231885,0.043478260869565216,0.10144927536231885
202,7F1CiKqrY44kh5cDqwHOnx,Love Is Gone - Acoustic,Love Is Gone (Acoustic),SLANDER,2019-11-13,75,176971,0.541,0.882,0.153,1.66e-06,0.16,0.359,-10.654,0.0303,139.644,6,4,happy,0.0,0.0,0.11428571428571428,0.08571428571428572,0.0,0.05714285714285714,0.34285714285714286,0.0,0.34285714285714286,0.05714285714285714
203,0kEmMIY90F1fBdVQQaSolL,Get You The Moon,Get You The Moon,Don Blaine,2020-04-26,23,180488,0.459,0.886,0.222,1.04e-05,0.139,0.105,-13.594,0.0285,59.452,1,4,happy,0.028985507246376812,0.11594202898550725,0.13043478260869565,0.11594202898550725,0.13043478260869565,0.07246376811594203,0.15942028985507245,0.10144927536231885,0.043478260869565216,0.10144927536231885
204,2nC3QhMI9reBIOWutbU3Tj,Moral of the Story,Moral of the Story,Ashe,2019-02-14,71,201083,0.572,0.587,0.406,4.48e-06,0.102,0.265,-8.624,0.0427,119.812,10,4,happy,0.11764705882352941,0.07058823529411765,0.16470588235294117,0.09411764705882353,0.09411764705882353,0.023529411764705882,0.2,0.03529411764705882,0.12941176470588237,0.07058823529411765
205,3i5qVV8azKqGFK4Gzdt5YS,If You Want Love,Perception,NF,2017-10-06,69,199386,0.552,0.659,0.386,0.0,0.125,0.243,-10.22,0.13,116.205,0,1,happy,0.07142857142857142,0.1,0.08571428571428572,0.07142857142857142,0.0,0.02857142857142857,0.3142857142857143,0.0,0.24285714285714285,0.08571428571428572
206,7AFASza1mXqntmGtbxXprO,changes,?,XXXTENTACION,2018-03-16,74,121886,0.669,0.883,0.308,0.0,0.0984,0.52,-10.068,0.029,64.934,11,4,happy,0.11320754716981132,0.14622641509433962,0.18867924528301888,0.09905660377358491,0.07075471698113207,0.02830188679245283,0.14622641509433962,0.05660377358490566,0.04716981132075472,0.10377358490566038
207,60iSKGrGazRzICtMjADNSM,Hold Me While You Wait,Divinely Uninspired To A Hellish Extent,Lewis Capaldi,2019-05-17,75,205686,0.688,0.443,0.53,0.0,0.0995,0.162,-5.507,0.0333,106.958,11,4,happy,0.045454545454545456,0.007575757575757576,0.20454545454545456,0.030303030303030304,0.007575757575757576,0.030303030303030304,0.22727272727272727,0.015151515151515152,0.2196969696969697,0.21212121212121213
208,5vjLSffimiIP26QG5WcN2K,Hold On,Hold On,Chord Overstreet,2017-02-03,77,198853,0.618,0.469,0.443,0.0,0.0829,0.167,-9.681,0.0526,119.949,2,4,happy,0.11538461538461539,0.0,0.0,0.0,0.038461538461538464,0.11538461538461539,0.3076923076923077,0.0,0.3076923076923077,0.11538461538461539
209,5DHQKZCOZhGNTbYBCekWx0,Paralyzed,Mansion,NF,2015-03-31,66,270453,0.51,0.214,0.643,3.22e-06,0.101,0.0397,-6.602,0.0485,130.081,0,4,happy,0.0,0.0,0.0,0.0,0.0,0.0,0.0,0.0,0.0,0.0
210,4UKCKdYiLN6IMA5ZESUTL7,the remedy for a broken heart (why am I so in love),?,XXXTENTACION,2018-03-16,74,160184,0.699,0.779,0.304,0.000993,0.137,0.271,-11.192,0.0993,119.705,1,4,happy,0.08661417322834646,0.07086614173228346,0.10236220472440945,0.09448818897637795,0.08661417322834646,0.031496062992125984,0.2204724409448819,0.03937007874015748,0.1968503937007874,0.07086614173228346
211,43zdsphuZLzwA9k4DJhU0I,when the party's over,"WHEN WE ALL FALL ASLEEP, WHERE DO WE GO?",Billie Eilish,2019-03-29,83,196077,0.367,0.978,0.111,3.97e-05,0.0897,0.198,-14.084,0.0972,82.642,4,4,happy,0.03571428571428571,0.05357142857142857,0.16071428571428573,0.21428571428571427,0.14285714285714285,0.03571428571428571,0.10714285714285714,0.14285714285714285,0.03571428571428571,0.07142857142857142
212,10bt2wAkFgCWRCEOyAyWT9,How Could You Leave Us,Therapy Session,NF,2016-04-22,60,322586,0.536,0.513,0.708,0.0,0.0951,0.09,-7.882,0.758,78.33,6,4,happy,0.05660377358490566,0.07547169811320754,0.2138364779874214,0.1949685534591195,0.03773584905660377,0.14465408805031446,0.1069182389937107,0.025157232704402517,0.06918238993710692,0.07547169811320754
213,27r2uANqwK7XbsiAZnzf9e,One Day,One Day,Tate McRae,2017-12-24,0,202496,0.52,0.922,0.119,0.0,0.0883,0.355,-12.148,0.0407,69.217,0,4,happy,0.0,0.0,0.04081632653061224,0.04081632653061224,0.0,0.04081632653061224,0.41836734693877553,0.0,0.41836734693877553,0.04081632653061224
214,4Of7rzpRpV1mWRbhp5rAqG,Bruises,Divinely Uninspired To A Hellish Extent,Lewis Capaldi,2019-05-17,78,220492,0.736,0.946,0.308,0.0,0.186,0.361,-7.83,0.0677,111.202,4,4,happy,0.10588235294117647,0.023529411764705882,0.21176470588235294,0.12941176470588237,0.023529411764705882,0.058823529411764705,0.18823529411764706,0.08235294117647059,0.12941176470588237,0.047058823529411764
215,01TnVDiet1DFTsyWKUKovl,NUMB,?,XXXTENTACION,2018-03-16,70,186267,0.414,0.1,0.416,0.179,0.131,0.196,-8.024,0.0251,159.91,11,4,happy,0.1,0.2,0.3,0.2,0.0,0.0,0.1,0.0,0.1,0.0
216,0u2P5u6lvoDfwTYjAADbn4,lovely (with Khalid),lovely (with Khalid),Billie Eilish,2018-04-19,86,200185,0.351,0.934,0.296,0.0,0.095,0.12,-10.109,0.0333,115.284,4,4,happy,0.1206896551724138,0.13793103448275862,0.13793103448275862,0.06896551724137931,0.10344827586206896,0.06896551724137931,0.1206896551724138,0.0,0.1206896551724138,0.1206896551724138
217,2VlLbhGLVJgdOW7kKdWWFc,Six Feet Under,Six Feet Under,Billie Eilish,2016-11-17,72,189613,0.576,0.807,0.307,0.000355,0.0792,0.157,-12.732,0.0428,67.513,11,4,happy,0.0410958904109589,0.136986301369863,0.2465753424657534,0.1643835616438356,0.06164383561643835,0.0958904109589041,0.0684931506849315,0.07534246575342465,0.0410958904109589,0.0684931506849315
218,6HlE9t71z9DjGi7KqSyEpA,Deep End,Deep End,Fousheé,2020-07-31,59,141223,0.711,0.758,0.592,0.0,0.156,0.535,-7.136,0.23,124.749,4,4,happy,0.07894736842105263,0.14912280701754385,0.16666666666666666,0.11403508771929824,0.06140350877192982,0.043859649122807015,0.20175438596491227,0.05263157894736842,0.07017543859649122,0.06140350877192982
219,7eJMfftS33KTjuF7lTsMCx,death bed (coffee for your head),death bed (coffee for your head),Powfu,2020-02-08,78,173333,0.726,0.731,0.431,0.0,0.696,0.348,-8.765,0.135,144.026,8,4,happy,0.11764705882352941,0.058823529411764705,0.08235294117647059,0.07058823529411765,0.047058823529411764,0.08235294117647059,0.15294117647058825,0.011764705882352941,0.12941176470588237,0.24705882352941178
220,2gMXnyrvIjhVBUZwvLZDMP,Before You Go,Divinely Uninspired To A Hellish Extent (Extended Edition),Lewis Capaldi,2019-11-22,81,215106,0.459,0.608,0.574,0.0,0.0885,0.183,-4.857,0.0577,111.881,3,4,happy,0.028169014084507043,0.11267605633802817,0.2535211267605634,0.16901408450704225,0.2112676056338028,0.014084507042253521,0.028169014084507043,0.08450704225352113,0.028169014084507043,0.07042253521126761
221,08wURIBZsaN1sCIDewNdrX,hate u love u,hate u love u,Olivia O'Brien,2016-12-09,0,175466,0.405,0.682,0.404,0.0,0.0962,0.267,-8.954,0.208,178.529,6,4,happy,0.020512820512820513,0.13846153846153847,0.16923076923076924,0.12307692307692308,0.13846153846153847,0.02564102564102564,0.10256410256410256,0.1282051282051282,0.09743589743589744,0.05641025641025641
222,3Q0KfYjbdYOskCP40UGMbi,Savior,Savior,Faudoa,2018-12-17,40,112825,0.683,0.868,0.321,0.0177,0.142,0.207,-17.805,0.0598,105.951,11,4,happy,0.18048780487804877,0.08292682926829269,0.1073170731707317,0.05853658536585366,0.05365853658536585,0.03902439024390244,0.1902439024390244,0.04390243902439024,0.12195121951219512,0.12195121951219512
223,7m9OqQk4RVRkw9JJdeAw96,Jocelyn Flores,17,XXXTENTACION,2017-08-25,80,119133,0.872,0.469,0.391,4.13e-06,0.297,0.437,-9.144,0.242,134.021,0,4,happy,0.05970149253731343,0.19402985074626866,0.2537313432835821,0.1791044776119403,0.029850746268656716,0.029850746268656716,0.05970149253731343,0.029850746268656716,0.05970149253731343,0.1044776119402985
224,6J2LdBN97cDWn0MLxYh9HB,July,THE END OF EVERYTHING,Noah Cyrus,2020-05-15,82,156106,0.708,0.868,0.186,0.0,0.0779,0.322,-8.953,0.042,72.541,9,4,happy,0.08108108108108109,0.13513513513513514,0.21621621621621623,0.13513513513513514,0.02702702702702703,0.16216216216216217,0.10810810810810811,0.02702702702702703,0.10810810810810811,0.0
225,4H6uJnjhyjxDw1F4jR8irF,Fake Smiles,With Love,Phora,2016-10-11,0,207201,0.461,0.15,0.612,0.0,0.086,0.0374,-8.645,0.522,168.504,8,3,happy,0.0859375,0.1328125,0.2421875,0.1484375,0.046875,0.0703125,0.1015625,0.03125,0.0703125,0.0703125
226,2xdwCJLfKCkat14mlgR26M,Lost Cause,Lost Cause,Billie Eilish,2021-06-02,0,212496,0.671,0.705,0.336,0.00751,0.0577,0.518,-8.494,0.241,75.051,10,4,happy,0.0,0.0,0.3783783783783784,0.13513513513513514,0.08108108108108109,0.0,0.16216216216216217,0.05405405405405406,0.0,0.1891891891891892
227,45bE4HXI0AwGZXfZtMp8JR,you broke me first,you broke me first,Tate McRae,2020-04-17,18,169265,0.667,0.785,0.373,0.0,0.0906,0.0823,-9.389,0.05,124.148,4,4,happy,0.014492753623188406,0.2028985507246377,0.2463768115942029,0.2028985507246377,0.08695652173913043,0.043478260869565216,0.08695652173913043,0.07246376811594203,0.0,0.043478260869565216
228,0ecC8p17cDNlxHXkuYqeR6,Surrender,Surrender,Natalie Taylor,2019-10-29,67,183103,0.39,0.8,0.448,0.182,0.107,0.077,-8.57,0.0276,144.89,5,5,happy,0.04081632653061224,0.16326530612244897,0.14285714285714285,0.14285714285714285,0.0,0.0,0.16326530612244897,0.0,0.12244897959183673,0.22448979591836735
229,77MdvMx9L4ZQuLhhn3o21h,If the World Was Ending (feat. Julia Michaels),Dangerous Levels of Introspection,JP Saxe,2021-06-25,73,209493,0.429,0.866,0.486,0.0,0.0982,0.661,-9.971,0.101,146.99,1,4,happy,0.017543859649122806,0.12280701754385964,0.24561403508771928,0.15789473684210525,0.12280701754385964,0.05263157894736842,0.15789473684210525,0.05263157894736842,0.05263157894736842,0.017543859649122806
230,52okn5MNA47tk87PeZJLEL,Let You Down,Perception,NF,2017-10-06,76,212120,0.661,0.314,0.714,0.0,0.179,0.464,-5.68,0.121,147.998,5,4,happy,0.07017543859649122,0.12280701754385964,0.21929824561403508,0.14035087719298245,0.043859649122807015,0.07017543859649122,0.14035087719298245,0.02631578947368421,0.07017543859649122,0.09649122807017543
231,3ZCTVFBt2Brf31RLEnCkWJ,everything i wanted,everything i wanted,Billie Eilish,2019-11-13,82,245425,0.704,0.902,0.225,0.657,0.106,0.243,-14.454,0.0994,120.006,6,4,happy,0.047619047619047616,0.19047619047619047,0.1746031746031746,0.14285714285714285,0.12698412698412698,0.015873015873015872,0.1111111111111111,0.06349206349206349,0.031746031746031744,0.09523809523809523
232,55Am8neGJkdj2ADaM3aw5H,Train Wreck,Back from the Edge,James Arthur,2016-10-28,76,208826,0.311,0.701,0.485,0.0,0.0726,0.225,-5.726,0.0365,77.355,6,4,happy,0.04678362573099415,0.14035087719298245,0.15789473684210525,0.13450292397660818,0.08771929824561403,0.08771929824561403,0.1871345029239766,0.04678362573099415,0.04678362573099415,0.06432748538011696
233,7uUahoeqGNRMbpdeiLj1rS,Panic Room,Panic Room,Au/Ra,2018-02-09,67,237772,0.495,0.152,0.426,5.65e-06,0.099,0.0636,-9.434,0.0736,97.91,8,4,happy,0.0392156862745098,0.3137254901960784,0.3137254901960784,0.0392156862745098,0.058823529411764705,0.0,0.11764705882352941,0.0784313725490196,0.0,0.0392156862745098
234,6PERP62TejQjgHu81OHxgM,good 4 u,good 4 u,Olivia Rodrigo,2021-05-14,17,178147,0.556,0.3,0.661,0.0,0.101,0.668,-5.052,0.204,168.56,6,4,happy,0.13836477987421383,0.03773584905660377,0.09433962264150944,0.06918238993710692,0.025157232704402517,0.13836477987421383,0.1949685534591195,0.006289308176100629,0.16352201257861634,0.1320754716981132
235,05ZA9WD25P4ynY41Bd15Km,All I Want - Love That Lasts Mix,All I Want (Love That Lasts Mix),Olivia Rodrigo,2020-05-22,56,175388,0.362,0.488,0.448,0.0,0.154,0.166,-6.12,0.0872,76.692,3,4,happy,0.13333333333333333,0.016666666666666666,0.13333333333333333,0.03333333333333333,0.03333333333333333,0.05,0.21666666666666667,0.03333333333333333,0.21666666666666667,0.13333333333333333
236,4h0zU3O9R5xzuTmNO7dNDU,Lost Boy,Lost Boy,Ruth B.,2015-08-21,64,275280,0.71,0.965,0.0565,0.0,0.0889,0.348,-15.099,0.0534,123.994,7,4,happy,0.08029197080291971,0.0364963503649635,0.24817518248175183,0.17518248175182483,0.0364963503649635,0.029197080291970802,0.15328467153284672,0.0948905109489051,0.10218978102189781,0.043795620437956206
237,0CZQWJgJ4KW9HJYIJXNcJy,"My Heart Will Go On (Dialogue Mix) - includes ""Titanic"" film dialogue",Titanic: Original Motion Picture Soundtrack - Collector's Anniversary Edition,James Horner,1997,17,282733,0.289,0.68,0.198,0.0,0.153,0.0907,-16.118,0.0438,95.685,4,1,happy,0.0,0.0,0.0,0.0,0.0,0.0,0.0,0.0,0.0,0.0
238,6uqyE384HDSsuwpoF4mjrL,NDA,NDA,Billie Eilish,2021-07-09,0,195776,0.765,0.329,0.373,0.541,0.112,0.59,-9.915,0.0713,85.015,8,4,happy,0.1509433962264151,0.05660377358490566,0.09433962264150944,0.07547169811320754,0.07547169811320754,0.05660377358490566,0.1509433962264151,0.05660377358490566,0.1320754716981132,0.1509433962264151
239,44n97yHySt0Z9rqPaXgjCK,Sorry,hopeless fountain kingdom (Deluxe),Halsey,2017-06-02,19,220540,0.513,0.913,0.25,0.0,0.117,0.351,-9.376,0.0367,74.103,5,4,happy,0.07936507936507936,0.07936507936507936,0.31746031746031744,0.25396825396825395,0.07936507936507936,0.047619047619047616,0.06349206349206349,0.031746031746031744,0.015873015873015872,0.031746031746031744
240,04sN26COy28wTXYj3dMoiZ,Bored,Bored,Billie Eilish,2017-03-30,80,180933,0.614,0.896,0.318,0.00239,0.0795,0.112,-12.695,0.0478,119.959,7,4,happy,0.06451612903225806,0.06451612903225806,0.0967741935483871,0.08064516129032258,0.016129032258064516,0.03225806451612903,0.3387096774193548,0.0,0.20967741935483872,0.0967741935483871
241,2uIX8YMNjGMD7441kqyyNU,ocean eyes,Ocean Eyes,Billie Eilish,2016-11-18,72,200560,0.475,0.819,0.37,0.0577,0.0841,0.157,-7.725,0.0361,144.828,4,4,happy,0.0,0.06060606060606061,0.30303030303030304,0.21212121212121213,0.030303030303030304,0.0,0.21212121212121213,0.06060606060606061,0.06060606060606061,0.06060606060606061
242,1y4jsQt7MjnZhiD1L6qFBC,Cradles,Cradles,Sub Urban,2019-01-04,18,209829,0.534,0.256,0.589,6.02e-05,0.176,0.632,-1.865,0.325,78.616,1,4,happy,0.09090909090909091,0.14772727272727273,0.1590909090909091,0.125,0.09090909090909091,0.011363636363636364,0.18181818181818182,0.07954545454545454,0.09090909090909091,0.022727272727272728
243,5jkbw3FDS3bSSb4oLKYbjf,Freak (feat. REI AMI),Thrill Seeker,Sub Urban,2020-03-13,67,194000,0.619,0.433,0.45,0.0,0.513,0.41,-11.965,0.515,179.755,7,4,happy,0.1411764705882353,0.18823529411764706,0.2,0.10588235294117647,0.011764705882352941,0.0,0.12941176470588237,0.09411764705882353,0.07058823529411765,0.058823529411764705
244,56TOfxnRzSRbFRw8J6C4IT,Suicidal Thoughts,Better off Dead,Josh A,2017-10-19,59,181727,0.372,0.213,0.664,0.0,0.418,0.144,-6.084,0.0629,140.18,1,4,happy,0.05583756345177665,0.09644670050761421,0.2233502538071066,0.12690355329949238,0.1218274111675127,0.015228426395939087,0.116751269035533,0.1065989847715736,0.06091370558375635,0.07614213197969544
245,18V1UiYRvWYwn01CRDbbuR,Home,Stop Stealing The Covers!,Edith Whiskers,2020-11-13,68,197360,0.72,0.981,0.197,0.00187,0.1,0.284,-12.494,0.0361,120.024,2,4,happy,0.0967741935483871,0.0967741935483871,0.1935483870967742,0.14516129032258066,0.03225806451612903,0.03225806451612903,0.14516129032258066,0.03225806451612903,0.12903225806451613,0.0967741935483871
246,5bcTCxgc7xVfSaMV3RuVke,"Feels (feat. Pharrell Williams, Katy Perry & Big Sean)",Funk Wav Bounces Vol.1,Calvin Harris,2017-06-30,74,223413,0.893,0.0642,0.745,0.0,0.0943,0.872,-3.105,0.0571,101.018,11,4,happy,0.0,0.0,0.0,0.0,0.0,0.0,0.0,0.0,0.0,0.0
247,60nZcImufyMA1MKQY3dcCH,"Happy - From ""Despicable Me 2""",G I R L,Pharrell Williams,2014-03-03,80,232720,0.647,0.219,0.822,0.0,0.0908,0.962,-4.662,0.183,160.019,5,4,happy,0.0,0.0,0.0,0.0,0.0,0.0,0.0,0.0,0.0,0.0
248,6FfLg6FFqhCsrFOaHIGkg0,Honeypie,For Abby,JAWNY,2020-10-27,76,135581,0.74,0.061,0.688,0.0,0.138,0.935,-4.361,0.0916,115.035,5,4,happy,0.4,0.0,0.4,0.0,0.0,0.0,0.2,0.0,0.0,0.0
249,3JTjLyrnevl9ASw3ayGO2P,GUY.exe,Future Friends,Superfruit,2017-09-15,65,222680,0.77,0.0305,0.732,0.0,0.157,0.889,-4.601,0.0508,110.011,4,4,happy,0.1171875,0.078125,0.171875,0.09375,0.0546875,0.0234375,0.1875,0.0625,0.109375,0.1015625
250,76hfruVvmfQbw0eYn1nmeC,Cake By The Ocean,DNCE,DNCE,2016-11-18,79,219146,0.774,0.152,0.753,0.0,0.0371,0.896,-5.446,0.0517,119.002,4,4,happy,0.04790419161676647,0.0718562874251497,0.1317365269461078,0.07784431137724551,0.0718562874251497,0.0718562874251497,0.23952095808383234,0.059880239520958084,0.11976047904191617,0.10778443113772455
251,4EivmOT13NMpNSfTKn9p4s,Like That (feat. Gucci Mane),Hot Pink,Doja Cat,2019-11-07,70,163173,0.879,0.239,0.498,0.0,0.0967,0.405,-6.027,0.18,106.044,4,4,happy,0.09420289855072464,0.07971014492753623,0.18840579710144928,0.043478260869565216,0.15942028985507245,0.028985507246376812,0.11594202898550725,0.10869565217391304,0.10144927536231885,0.07971014492753623
252,0QHEIqNKsMoOY5urbzN48u,Made You Look,Takin' It Back,Meghan Trainor,2022-10-21,80,134256,0.834,0.34,0.522,1.59e-06,0.0783,0.854,-3.574,0.0703,145.035,10,4,happy,0.1297709923664122,0.08396946564885496,0.13740458015267176,0.06870229007633588,0.1450381679389313,0.05343511450381679,0.1984732824427481,0.030534351145038167,0.061068702290076333,0.0916030534351145
253,6FE2iI43OZnszFLuLtvvmg,Classic,MKTO,MKTO,2012,80,175426,0.72,0.0384,0.791,0.0,0.157,0.756,-4.689,0.124,102.071,1,4,happy,0.09420289855072464,0.057971014492753624,0.07971014492753623,0.050724637681159424,0.014492753623188406,0.036231884057971016,0.36231884057971014,0.014492753623188406,0.21014492753623187,0.07971014492753623
254,1r299qCKBLgUS9XJ9m1kEx,Moves Like Jagger,Singles,Maroon 5,2015-09-25,67,202640,0.72,0.0113,0.751,0.0,0.353,0.599,-4.485,0.0461,128.017,11,4,happy,0.0,0.0,0.0,0.0,0.0,0.0,0.0,0.0,0.0,0.0
255,0y60itmpH0aPKsFiGxmtnh,Wait a Minute!,ARDIPITHECUS,WILLOW,2015-01-11,77,196520,0.764,0.0371,0.705,1.94e-05,0.0943,0.672,-5.279,0.0278,101.003,3,4,happy,0.05084745762711865,0.0847457627118644,0.2711864406779661,0.0847457627118644,0.05084745762711865,0.0,0.2033898305084746,0.0,0.05084745762711865,0.2033898305084746
256,0KKkJNfGyhkQ5aFogxQAPU,That's What I Like,24K Magic,Bruno Mars,2016-11-17,86,206693,0.853,0.013,0.56,0.0,0.0944,0.86,-4.961,0.0406,134.066,1,4,happy,0.11801242236024845,0.018633540372670808,0.037267080745341616,0.006211180124223602,0.024844720496894408,0.11180124223602485,0.36024844720496896,0.0,0.2422360248447205,0.08074534161490683
257,5nujrmhLynf4yMoMtj8AQF,Levitating (feat. DaBaby),Future Nostalgia,Dua Lipa,2020-03-27,79,203064,0.702,0.00883,0.825,0.0,0.0674,0.915,-3.787,0.0601,102.977,6,4,happy,0.10734463276836158,0.05649717514124294,0.0903954802259887,0.062146892655367235,0.04519774011299435,0.07344632768361582,0.2598870056497175,0.03389830508474576,0.20903954802259886,0.062146892655367235
258,3f7gYMirBEKuc57218BjOY,California Gurls,Teenage Dream,Katy Perry,2010-08-24,65,234653,0.789,0.0038,0.753,0.0,0.18,0.403,-3.71,0.0537,125.007,0,4,happy,0.0625,0.0625,0.1125,0.0,0.0875,0.075,0.3,0.0375,0.1625,0.1
259,3koCCeSaVUyrRo3N2gHrd8,Let's Groove,Raise!,"Earth, Wind & Fire",1981-11-14,76,339320,0.869,0.121,0.648,2.17e-05,0.126,0.9,-8.698,0.0633,125.035,11,4,happy,0.1746031746031746,0.015873015873015872,0.015873015873015872,0.015873015873015872,0.015873015873015872,0.047619047619047616,0.3492063492063492,0.015873015873015872,0.2222222222222222,0.12698412698412698
260,55h7vJchibLdUkxdlX3fK7,Treasure,Unorthodox Jukebox,Bruno Mars,2012-12-07,82,178560,0.874,0.0412,0.692,7.24e-05,0.324,0.937,-5.28,0.0431,116.017,5,4,happy,0.2465753424657534,0.00684931506849315,0.00684931506849315,0.0136986301369863,0.0,0.00684931506849315,0.273972602739726,0.0,0.2465753424657534,0.19863013698630136
261,7AzlLxHn24DxjgQX73F9fU,No Idea,Heaven Or Hell,Don Toliver,2020-03-13,79,154424,0.652,0.524,0.631,0.000579,0.165,0.35,-5.718,0.0893,127.998,6,4,happy,0.07272727272727272,0.1,0.1,0.1,0.1,0.07272727272727272,0.13636363636363635,0.1,0.12727272727272726,0.09090909090909091
262,61YzdCCBPM5Pc7lIiD5i8C,Bang Bang,Troubadour,K'NAAN,2009,71,186533,0.623,0.0785,0.901,0.0,0.0251,0.896,-4.402,0.182,179.985,10,4,happy,0.022026431718061675,0.14977973568281938,0.1762114537444934,0.15859030837004406,0.16740088105726872,0.13215859030837004,0.02643171806167401,0.12334801762114538,0.02643171806167401,0.01762114537444934
263,6s8nHXTJVqFjXE4yVZPDHR,Troublemaker (feat. Flo Rida),Right Place Right Time (Expanded Edition),Olly Murs,2012-11-26,75,185586,0.762,0.015,0.863,0.0,0.125,0.965,-3.689,0.0561,106.012,0,4,happy,0.10191082802547771,0.1337579617834395,0.16560509554140126,0.09554140127388536,0.12738853503184713,0.044585987261146494,0.16560509554140126,0.06369426751592357,0.050955414012738856,0.050955414012738856
264,696DnlkuDOXcMAnKlTgXXK,ROXANNE,ROXANNE,Arizona Zervas,2019-10-10,72,163636,0.621,0.0522,0.601,0.0,0.46,0.457,-5.616,0.148,116.735,6,5,happy,0.06993006993006994,0.11188811188811189,0.2097902097902098,0.08391608391608392,0.08391608391608392,0.04195804195804196,0.13286713286713286,0.04195804195804196,0.11888111888111888,0.1048951048951049
265,7EQGXaVSyEDsCWKmUcfpLk,Die Young,Warrior (Expanded Edition),Kesha,2012-11-30,77,211920,0.711,0.00498,0.7,0.000125,0.215,0.801,-4.805,0.046,128.001,1,4,happy,0.029585798816568046,0.1242603550295858,0.15384615384615385,0.1301775147928994,0.005917159763313609,0.1301775147928994,0.13609467455621302,0.029585798816568046,0.1301775147928994,0.1301775147928994
266,5yxIenY5kSLlgTr3XGYw9p,Rock With You,"HIStory - PAST, PRESENT AND FUTURE - BOOK I",Michael Jackson,1995-06-16,57,220040,0.793,0.0794,0.741,0.00029,0.116,0.856,-6.494,0.0393,114.489,1,4,happy,0.11764705882352941,0.0196078431372549,0.0196078431372549,0.0,0.0196078431372549,0.0,0.5882352941176471,0.0,0.19607843137254902,0.0392156862745098
267,1xK59OXxi2TAAAbmZK0kBL,Romantic Homicide,Romantic Homicide,d4vd,2022-07-20,85,132630,0.571,0.453,0.544,0.00805,0.322,0.216,-10.613,0.0299,132.052,6,4,happy,0.1,0.05,0.2,0.2,0.05,0.0,0.15,0.1,0.1,0.05
268,0M6urYKXizSJgtuipqmctu,Gilded Lily - Sped Up,Offering,Cults,2022-10-26,62,192727,0.382,0.484,0.586,7.7e-06,0.167,0.119,-6.402,0.031,68.156,1,4,happy,0.04,0.04,0.28,0.12,0.08,0.0,0.08,0.24,0.0,0.12
269,4xqrdfXkTW4T0RauPLv3WA,Heather,Kid Krow,Conan Gray,2020-03-20,83,198040,0.357,0.584,0.425,0.0,0.322,0.27,-7.301,0.0333,102.078,5,3,happy,0.08928571428571429,0.08928571428571429,0.08928571428571429,0.125,0.05357142857142857,0.07142857142857142,0.17857142857142858,0.017857142857142856,0.125,0.16071428571428573
270,4i7HqWsN7iJzsXpsW5h1nb,Bad Habit - Sped Up,Bad Habit (Sped Up),Steve Lacy,2022-07-14,63,191335,0.709,0.808,0.679,4.61e-05,0.428,0.852,-4.828,0.0588,102.653,9,4,happy,0.04054054054054054,0.13513513513513514,0.20270270270270271,0.13513513513513514,0.08108108108108109,0.08108108108108109,0.12162162162162163,0.05405405405405406,0.06756756756756757,0.08108108108108109
271,2enPRFda84VE2wtI8c86Uf,Always Forever,Static,Cults,2013-10-15,79,223746,0.174,0.00181,0.742,0.281,0.198,0.36,-5.93,0.0485,163.378,8,4,happy,0.13333333333333333,0.06666666666666667,0.26666666666666666,0.0,0.0,0.06666666666666667,0.13333333333333333,0.0,0.13333333333333333,0.2
272,5v6qYImm5k36GHlFxdEZyv,Moral of the Story (feat. Niall Horan) - Bonus Track,Ashlyn,Ashe,2021-05-07,67,198515,0.579,0.496,0.37,0.0,0.221,0.216,-8.9,0.0383,119.799,10,4,happy,0.10666666666666667,0.08,0.17333333333333334,0.09333333333333334,0.09333333333333334,0.02666666666666667,0.2,0.04,0.13333333333333333,0.05333333333333334
273,2TEdfrh4mIBxfYIOIqG1i8,Space Song - Sped Up Version,Sped Up,Super Pipo,2022-10-02,17,144995,0.383,0.935,0.408,0.39,0.0969,0.28,-8.042,0.0312,109.047,9,4,happy,0.0,0.0,0.0,0.0,0.0,0.0,0.0,0.0,0.0,0.0
274,10nyNJ6zNy2YVYLrcwLccB,No Surprises,OK Computer,Radiohead,1997-05-28,82,229120,0.255,0.0577,0.393,0.00361,0.113,0.118,-10.654,0.0278,76.426,5,4,happy,0.125,0.041666666666666664,0.125,0.08333333333333333,0.041666666666666664,0.0,0.2916666666666667,0.041666666666666664,0.16666666666666666,0.08333333333333333
275,0AKS1WVEOUSYa3D2ZyOJvM,Jealous,Let's Skip to the Wedding,Eyedress,2020-08-07,56,122338,0.474,0.00491,0.921,0.85,0.476,0.696,-10.431,0.0457,93.01,9,4,happy,0.08571428571428572,0.047619047619047616,0.17142857142857143,0.047619047619047616,0.14285714285714285,0.01904761904761905,0.14285714285714285,0.14285714285714285,0.11428571428571428,0.08571428571428572
276,7EkWXAI1wn8Ii883ecd9xr,Freaks,Freaks,Surf Curse,2021-05-15,84,147062,0.345,3.84e-05,0.941,0.633,0.0511,0.407,-9.918,0.0466,179.626,9,4,happy,0.15384615384615385,0.07692307692307693,0.23076923076923078,0.23076923076923078,0.0,0.0,0.0,0.0,0.0,0.3076923076923077
277,2QjOHCTQ1Jl3zawyYOpxh6,Sweater Weather,I Love You.,The Neighbourhood,2013-04-22,90,240400,0.612,0.0495,0.807,0.0177,0.101,0.398,-2.81,0.0336,124.053,10,4,happy,0.02564102564102564,0.10256410256410256,0.2564102564102564,0.07692307692307693,0.02564102564102564,0.0,0.1794871794871795,0.02564102564102564,0.1794871794871795,0.1282051282051282
278,1MJ5f5EYBC92ADD6xcz7nb,Chamber Of Reflection,Salad Days,Mac DeMarco,2014-04-01,1,231723,0.537,0.263,0.558,0.91,0.102,0.505,-8.678,0.0929,131.037,11,4,happy,0.047619047619047616,0.09523809523809523,0.14285714285714285,0.14285714285714285,0.09523809523809523,0.09523809523809523,0.047619047619047616,0.09523809523809523,0.047619047619047616,0.19047619047619047
279,51Grh1RyUDcMBbpuyUIUHI,rises the moon,recently,Liana Flores,2019-04-10,81,161929,0.483,0.947,0.129,0.145,0.106,0.203,-20.149,0.0349,137.35,5,3,happy,0.075,0.125,0.175,0.1,0.05,0.025,0.2,0.0,0.15,0.1
280,05xUHopxq2IAJayUJC6qz6,Happier Than Ever,Watering Plants,Various Artists,2021-10-18,19,298899,0.332,0.767,0.225,0.00349,0.128,0.297,-8.697,0.0348,81.055,0,3,happy,0.09,0.09,0.18,0.11,0.09,0.04,0.15,0.11,0.06,0.08
281,3ee8Jmje8o58CHK66QrVC2,SAD!,?,XXXTENTACION,2018-03-16,79,166605,0.74,0.258,0.613,0.00372,0.123,0.473,-4.88,0.145,75.023,8,4,happy,0.0136986301369863,0.2328767123287671,0.273972602739726,0.1780821917808219,0.136986301369863,0.0136986301369863,0.0410958904109589,0.0547945205479452,0.0410958904109589,0.0136986301369863
282,5Q6fh8OEhBYepJaORz9lxe,Daddy Issues (Remix) feat. Syd,Daddy Issues (Remix) feat. Syd,The Neighbourhood,2015-11-13,67,181186,0.623,0.245,0.533,0.00717,0.112,0.247,-8.164,0.0653,84.982,10,4,happy,0.09090909090909091,0.11363636363636363,0.1590909090909091,0.11363636363636363,0.045454545454545456,0.06818181818181818,0.22727272727272727,0.022727272727272728,0.06818181818181818,0.09090909090909091
283,1Fid2jjqsHViMX6xNH70hE,Atlantis,Tell Me It's Real (Expanded Edition),Seafret,2016-01-29,81,229173,0.4,0.0529,0.479,2.14e-06,0.115,0.213,-7.989,0.0308,166.159,8,4,happy,0.16417910447761194,0.07462686567164178,0.14925373134328357,0.08955223880597014,0.1044776119402985,0.0,0.208955223880597,0.014925373134328358,0.11940298507462686,0.07462686567164178
284,40gk32E7YaTFoQwDIWv2SY,Christmas Kids,I Can't Handle Change,Roar,2010-03-14,17,135693,0.425,0.0104,0.754,0.112,0.438,0.558,-6.028,0.0367,152.092,2,4,happy,0.0,0.16363636363636364,0.2,0.16363636363636364,0.05454545454545454,0.14545454545454545,0.10909090909090909,0.03636363636363636,0.05454545454545454,0.07272727272727272
285,4ZlQzskKkK4jsbcqO96luB,Blow My Brains Out,Tikkle Me,Tikkle Me,2010-03-23,66,222403,0.55,0.0867,0.884,1.55e-05,0.68,0.549,-5.508,0.0363,145.029,9,4,happy,0.058823529411764705,0.08823529411764706,0.16666666666666666,0.13725490196078433,0.0784313725490196,0.06862745098039216,0.16666666666666666,0.0784313725490196,0.10784313725490197,0.049019607843137254
286,6ZaiqbV2GfUtrUlhsu58fN,Step On Me,First Band On The Moon (Remastered),The Cardigans,1996-01-01,73,230185,0.331,0.00644,0.471,0.0,0.0653,0.142,-5.631,0.0299,90.057,2,4,happy,0.0,0.14285714285714285,0.14285714285714285,0.14285714285714285,0.14285714285714285,0.14285714285714285,0.2857142857142857,0.0,0.0,0.0
287,3T3dvEdz2aBw3SivcwjK76,Heartbreaker,First Band On The Moon (Remastered),The Cardigans,1996-01-01,43,222448,0.536,0.15,0.453,0.00727,0.398,0.263,-9.713,0.0277,109.559,3,3,happy,0.06779661016949153,0.06779661016949153,0.11864406779661017,0.11864406779661017,0.05084745762711865,0.0847457627118644,0.22033898305084745,0.03389830508474576,0.1694915254237288,0.06779661016949153
288,05vvPTidbjvDySLc9o65YS,Don't Forget About Me,Petals to Thorns,d4vd,2023-05-26,57,149324,0.657,0.0767,0.452,0.00739,0.139,0.295,-10.239,0.0378,117.641,8,4,happy,0.06666666666666667,0.08888888888888889,0.2222222222222222,0.06666666666666667,0.022222222222222223,0.022222222222222223,0.24444444444444444,0.022222222222222223,0.2,0.044444444444444446
289,7fyG2MquxykO3Ufiku1Dj2,Treehouse,Treehouse,Alex G,2011-01-17,80,158801,0.612,0.706,0.196,0.319,0.111,0.142,-19.489,0.0359,73.489,7,4,happy,0.1111111111111111,0.0,0.1111111111111111,0.1111111111111111,0.0,0.1111111111111111,0.3333333333333333,0.0,0.1111111111111111,0.1111111111111111
290,36TbBJ7mLPOZMAYs0p4mxb,Mary,Trick,Alex G,2012-11-05,71,197733,0.693,0.0497,0.467,0.452,0.107,0.402,-9.558,0.043,105.955,4,4,happy,0.16535433070866143,0.023622047244094488,0.06299212598425197,0.047244094488188976,0.015748031496062992,0.03937007874015748,0.2677165354330709,0.007874015748031496,0.23622047244094488,0.13385826771653545
291,26vDr5jgWQoJOTH4Bu3KCQ,WORTHLESS,Petals to Thorns,d4vd,2023-05-26,61,163049,0.661,0.0806,0.74,0.0,0.115,0.188,-6.39,0.056,124.519,4,4,happy,0.06557377049180328,0.08196721311475409,0.14754098360655737,0.08196721311475409,0.08196721311475409,0.08196721311475409,0.11475409836065574,0.08196721311475409,0.06557377049180328,0.19672131147540983
292,11MyiSGZSYSmhhqwGUTtAq,Sad Girl,Ultraviolence (Deluxe),Lana Del Rey,2014-01-01,77,317760,0.345,0.539,0.587,0.0731,0.119,0.258,-8.346,0.0364,119.479,5,4,happy,0.05504587155963303,0.1834862385321101,0.10091743119266056,0.09174311926605505,0.1559633027522936,0.05504587155963303,0.08256880733944955,0.10091743119266056,0.06422018348623854,0.11009174311926606
293,5E30LdtzQTGqRvNd7l6kG5,Daddy Issues,Wiped Out!,The Neighbourhood,2015-10-30,84,260173,0.588,0.0678,0.521,0.149,0.123,0.337,-9.461,0.0329,85.012,10,4,happy,0.0625,0.14583333333333334,0.22916666666666666,0.16666666666666666,0.0625,0.020833333333333332,0.14583333333333334,0.041666666666666664,0.0625,0.0625
294,72cGBEqu7RitIOoACXYjfR,The Blonde,French Exit,TV Girl,2014-06-05,76,227760,0.501,0.225,0.547,0.912,0.288,0.225,-7.961,0.0243,87.692,1,4,happy,0.08888888888888889,0.044444444444444446,0.17777777777777778,0.1111111111111111,0.022222222222222223,0.06666666666666667,0.17777777777777778,0.06666666666666667,0.1111111111111111,0.13333333333333333
295,6MpCaSIOfqBqbMED4kXgNY,Prom Queen,Prom Queen,Beach Bunny,2018-08-10,51,136562,0.528,0.000391,0.797,0.011,0.14,0.751,-7.487,0.0485,143.785,4,4,happy,0.1509433962264151,0.05660377358490566,0.1320754716981132,0.09433962264150944,0.018867924528301886,0.03773584905660377,0.20754716981132076,0.0,0.18867924528301888,0.11320754716981132
296,7EAMXbLcL0qXmciM5SwMh2,Heart To Heart,Here Comes The Cowboy,Mac DeMarco,2019-05-10,81,211140,0.901,0.667,0.136,0.354,0.109,0.643,-16.127,0.102,150.076,8,4,happy,0.0,0.0,0.16666666666666666,0.16666666666666666,0.0,0.0,0.0,0.0,0.0,0.6666666666666666
297,0EF1EE8zusg3Y869e56JFd,Nothing's New,Good God!,Rio Romeo,2022-09-23,78,211000,0.421,0.863,0.394,4.74e-06,0.0984,0.399,-8.312,0.0277,96.192,11,3,happy,0.024390243902439025,0.12195121951219512,0.3170731707317073,0.24390243902439024,0.0,0.024390243902439025,0.14634146341463414,0.0,0.024390243902439025,0.0975609756097561
298,46Rpo3Uh7wtWSiYBQTsth8,NEVER AGAIN,NEVER AGAIN,d4vd,2022-06-06,48,101632,0.485,0.907,0.348,0.00152,0.219,0.28,-10.607,0.0392,66.025,5,4,happy,0.13071895424836602,0.0784313725490196,0.19607843137254902,0.09803921568627451,0.10457516339869281,0.006535947712418301,0.1503267973856209,0.08496732026143791,0.0196078431372549,0.13071895424836602
0,48UPSzbZjgc449aqz8bxox,Californication,Californication (Deluxe Edition),Red Hot Chili Peppers,1999-06-08,82,329733,0.592,0.0021,0.767,0.00165,0.127,0.328,-2.788,0.027,96.483,9,4,disgusted,0.18292682926829268,0.036585365853658534,0.04878048780487805,0.012195121951219513,0.036585365853658534,0.07317073170731707,0.24390243902439024,0.012195121951219513,0.1951219512195122,0.15853658536585366
1,1xsYj84j7hUDDnTTerGWlH,Dream On,Aerosmith,Aerosmith,1973-01-05,80,267596,0.392,0.397,0.476,0.000163,0.309,0.234,-7.583,0.0249,78.031,1,4,disgusted,0.17647058823529413,0.016042780748663103,0.03208556149732621,0.11764705882352941,0.0106951871657754,0.053475935828877004,0.19786096256684493,0.03208556149732621,0.17647058823529413,0.18716577540106952
2,4LnCmKS6wJTckR1zvvH8PM,Other People,Lost on You,LP,2016-12-09,0,244945,0.55,0.0854,0.677,0.0,0.144,0.492,-4.679,0.0259,90.993,11,4,disgusted,0.17045454545454544,0.06818181818181818,0.10227272727272728,0.10227272727272728,0.0,0.022727272727272728,0.2727272727272727,0.0,0.2159090909090909,0.045454545454545456
3,0KGIbrNYktDXYyHopcDI2L,Make Me Wanna Die,Light Me Up,The Pretty Reckless,2010-01-01,60,235653,0.495,0.00227,0.905,3.29e-06,0.142,0.215,-3.768,0.0653,97.106,8,4,disgusted,0.04504504504504504,0.1981981981981982,0.2072072072072072,0.2072072072072072,0.018018018018018018,0.02702702702702703,0.12612612612612611,0.009009009009009009,0.12612612612612611,0.036036036036036036
4,6nRQHhMINUm8rjGgpdkBYH,My Medicine - Single Version,Light Me Up,The Pretty Reckless,2010-01-01,49,193986,0.427,0.00297,0.907,0.0,0.671,0.412,-2.267,0.197,150.134,10,4,disgusted,0.0,0.1282051282051282,0.23076923076923078,0.15384615384615385,0.10256410256410256,0.0,0.10256410256410256,0.10256410256410256,0.10256410256410256,0.07692307692307693
5,0sTlGEld0h8kIPZaKDYUf4,Notion,Notion,The Rare Occasions,2021-12-02,79,195120,0.309,0.0673,0.883,0.00111,0.0849,0.312,-3.825,0.0808,159.488,9,4,disgusted,0.05454545454545454,0.07272727272727272,0.14545454545454545,0.09090909090909091,0.07272727272727272,0.01818181818181818,0.23636363636363636,0.05454545454545454,0.12727272727272726,0.12727272727272726
6,7EkWXAI1wn8Ii883ecd9xr,Freaks,Freaks,Surf Curse,2021-05-15,84,147062,0.345,3.84e-05,0.941,0.633,0.0511,0.407,-9.918,0.0466,179.626,9,4,disgusted,0.15384615384615385,0.07692307692307693,0.23076923076923078,0.23076923076923078,0.0,0.0,0.0,0.0,0.0,0.3076923076923077
7,5sPKAEb7afrIMtdqEnI6H6,Young Girl A,Alive,Siinamota,2015-03-04,69,221500,0.629,0.0169,0.804,0.000497,0.177,0.294,-5.987,0.103,130.006,2,4,disgusted,0.0,0.0,0.0,0.0,0.0,0.0,0.0,0.0,0.0,0.0
8,1JgknGBbrfmEHeOZH051SS,ecstacy (slowed),ecstacy (slowed),SUICIDAL-IDOL,2023-06-06,76,119120,0.551,0.0173,0.677,0.0,0.381,0.195,-7.311,0.0665,106.414,2,4,disgusted,0.11688311688311688,0.06493506493506493,0.1038961038961039,0.11688311688311688,0.03896103896103896,0.025974025974025976,0.16883116883116883,0.012987012987012988,0.18181818181818182,0.16883116883116883
9,64PgpLHuQK3UJ5qZ875Vei,Save That Shit,"Come Over When You're Sober, Pt. 1",Lil Peep,2017-08-15,21,231546,0.534,0.0262,0.583,0.0,0.421,0.145,-8.672,0.0288,106.0,2,4,disgusted,0.07547169811320754,0.0660377358490566,0.1792452830188679,0.09433962264150944,0.10377358490566038,0.0,0.1792452830188679,0.10377358490566038,0.1792452830188679,0.018867924528301886
10,4YQgOgIElFtEvwJQ9ArWL7,FΛSHION,FΛSHION,Britney Manson,2023-08-11,12,146531,0.752,0.000915,0.647,0.00167,0.706,0.253,-6.258,0.0316,119.999,10,4,disgusted,0.12962962962962962,0.09259259259259259,0.1111111111111111,0.07407407407407407,0.018518518518518517,0.07407407407407407,0.18518518518518517,0.018518518518518517,0.12962962962962962,0.16666666666666666
11,1GVhLEJGfOIpdSZJnUxN5O,swear to god,ANTIHERO,convolk,2020-04-17,42,129708,0.644,0.152,0.714,0.00358,0.106,0.279,-6.897,0.0524,162.998,0,4,disgusted,0.14634146341463414,0.12804878048780488,0.12195121951219512,0.057926829268292686,0.11280487804878049,0.027439024390243903,0.1524390243902439,0.08536585365853659,0.07621951219512195,0.09146341463414634
12,58zsLZPvfflaiIbNWoA22O,Human,Human (Deluxe),Rag'n'Bone Man,2017-02-10,80,200186,0.602,0.393,0.707,0.0,0.165,0.554,-4.097,0.302,75.087,9,4,disgusted,0.07526881720430108,0.0,0.27956989247311825,0.043010752688172046,0.1935483870967742,0.021505376344086023,0.10752688172043011,0.20430107526881722,0.043010752688172046,0.03225806451612903
13,7yBEKiv1LmO7GM4rOejhcW,SPIT IN MY FACE!,SPIT IN MY FACE!,ThxSoMch,2022-11-01,0,147874,0.73,0.0464,0.785,0.0227,0.111,0.652,-6.512,0.055,94.107,8,4,disgusted,0.0049261083743842365,0.13793103448275862,0.17733990147783252,0.12807881773399016,0.11330049261083744,0.0049261083743842365,0.12807881773399016,0.1724137931034483,0.1330049261083744,0.0
14,5K9tfeoiztw94dyWzF39jq,moment,moment,Vierre Cloud,2019-12-19,73,129543,0.544,0.0426,0.855,0.157,0.167,0.517,-7.461,0.093,171.349,6,4,disgusted,0.17098445595854922,0.046632124352331605,0.05699481865284974,0.015544041450777202,0.04145077720207254,0.05181347150259067,0.23834196891191708,0.02072538860103627,0.17616580310880828,0.18134715025906736
15,70FceppUZq9dQz1mDPcHcs,Death Is No More,Death Is No More,BLESSED MANE,2021-01-25,68,138500,0.642,0.000158,0.86,0.847,0.251,0.373,-2.467,0.0395,100.023,0,4,disgusted,0.0,0.0,0.0,0.0,0.0,0.0,0.0,0.0,0.0,0.0
16,0okeszwLGIWjKwcIunhn81,Unrequited Love,Unrequited Love,Massiimassio,2020-08-12,0,186264,0.649,0.637,0.67,5.18e-05,0.107,0.354,-5.963,0.195,124.924,3,4,disgusted,0.043478260869565216,0.0,0.13043478260869565,0.13043478260869565,0.0,0.043478260869565216,0.30434782608695654,0.0,0.2608695652173913,0.08695652173913043
17,5mBVnbAEIbvuqJbanvsYJo,romeo and juliet,"you asked, i supplied",hahapoison,1999-12-31,32,149027,0.568,0.375,0.722,3.3e-05,0.117,0.173,-8.222,0.0316,144.977,0,4,disgusted,0.027777777777777776,0.06944444444444445,0.2222222222222222,0.125,0.027777777777777776,0.013888888888888888,0.2222222222222222,0.041666666666666664,0.16666666666666666,0.08333333333333333
18,1aXV8GrmQLvgoFtBPERP7E,Jealous,Jealous,Eyedress,2019-12-06,83,122338,0.474,0.00491,0.921,0.85,0.476,0.696,-10.431,0.0457,93.01,9,4,disgusted,0.08571428571428572,0.047619047619047616,0.17142857142857143,0.047619047619047616,0.14285714285714285,0.01904761904761905,0.14285714285714285,0.14285714285714285,0.11428571428571428,0.08571428571428572
19,4NgherJDfCXWBZBYheM4jK,WASTE,DISORDER,KXLLSWXTCH,2021-10-29,75,120428,0.627,0.859,0.123,0.00105,0.149,0.11,-14.411,0.0316,131.883,7,4,disgusted,0.09090909090909091,0.09090909090909091,0.22727272727272727,0.0,0.0,0.0,0.09090909090909091,0.22727272727272727,0.0,0.2727272727272727
20,1CPSRRXGTQVgc1DIRWmLcg,Wasted (Nightcore) [Bass Boosted],Wasted,Murkish,2022-07-28,28,180192,0.599,0.00185,0.851,0.064,0.156,0.436,-2.952,0.0456,94.226,9,4,disgusted,0.0,0.0,0.0,0.0,0.0,0.0,0.0,0.0,0.0,0.0
21,0EF1EE8zusg3Y869e56JFd,Nothing's New,Good God!,Rio Romeo,2022-09-23,78,211000,0.421,0.863,0.394,4.74e-06,0.0984,0.399,-8.312,0.0277,96.192,11,3,disgusted,0.024390243902439025,0.12195121951219512,0.3170731707317073,0.24390243902439024,0.0,0.024390243902439025,0.14634146341463414,0.0,0.024390243902439025,0.0975609756097561
22,47kmL7wc4XojdpxJ7ZR6ql,No Forget Her,Memories,BLESSED MANE,2021-02-22,0,226303,0.657,0.00822,0.658,0.784,0.173,0.225,-4.819,0.0317,139.992,4,4,disgusted,0.0,0.0,0.0,0.0,0.0,0.0,0.0,0.0,0.0,0.0
23,0lSj0NVDG8UzdSzyhEs8vP,room,room,IVOXYGEN,2020-12-08,0,216701,0.506,0.00373,0.492,0.0,0.104,0.0749,-10.136,0.0281,82.486,2,4,disgusted,0.0,0.0,0.0,0.0,0.0,0.0,0.0,0.0,0.0,0.0
24,6vuEjpJFDnQfgSv2HYyC3h,X,X,Three AM Fuxk,2018-07-01,42,169038,0.523,0.437,0.391,0.492,0.205,0.0378,-11.769,0.03,109.952,4,4,disgusted,0.0,0.17391304347826086,0.17391304347826086,0.17391304347826086,0.17391304347826086,0.0,0.08695652173913043,0.17391304347826086,0.043478260869565216,0.0
25,42Eoe65syR9qWzmdEdgyok,I'll Just Die Anyway,I'll Just Die Anyway,Yunggoth✰,2017-11-06,29,271268,0.377,0.234,0.768,0.000915,0.184,0.112,-7.427,0.0484,100.075,9,4,disgusted,0.0,0.0,0.0,0.0,0.0,0.0,0.0,0.0,0.0,0.0
26,7kXNWZbHd8ojf6H08XMdtC,Young Kid,Young Kid,IVOXYGEN,2020-02-28,0,209057,0.784,0.00911,0.547,0.0,0.198,0.421,-7.077,0.155,150.031,10,4,disgusted,0.08433734939759036,0.06626506024096386,0.12650602409638553,0.04819277108433735,0.0783132530120482,0.0963855421686747,0.18674698795180722,0.05421686746987952,0.14457831325301204,0.1144578313253012
27,4yyX0nJqMpqaubcGdGsxx9,ODIUM,UNIVERSE OF THE PAST,LXST CXNTURY,2019-09-23,60,166579,0.708,0.163,0.781,0.885,0.392,0.345,-8.267,0.0638,74.997,11,4,disgusted,0.07058823529411765,0.09411764705882353,0.23529411764705882,0.08235294117647059,0.10588235294117647,0.047058823529411764,0.11764705882352941,0.12941176470588237,0.047058823529411764,0.07058823529411765
28,6LhCQJQtieE7KUtvyofLFO,Amnesia,Radical,LXST CXNTURY,2020-08-12,48,175454,0.413,0.00297,0.803,0.858,0.162,0.22,-7.394,0.151,95.79,1,4,disgusted,0.05263157894736842,0.07894736842105263,0.3026315789473684,0.10526315789473684,0.09210526315789473,0.039473684210526314,0.10526315789473684,0.06578947368421052,0.039473684210526314,0.11842105263157894
29,0zCgWGmDF0aih5qexATyBn,After Dark,Time,Mr.Kitty,2014-08-08,2,257147,0.579,0.0673,0.601,0.414,0.0778,0.0392,-10.492,0.0322,140.019,8,4,disgusted,0.058333333333333334,0.025,0.05,0.041666666666666664,0.016666666666666666,0.041666666666666664,0.35,0.025,0.18333333333333332,0.20833333333333334
30,5UGAXwbA17bUC0K9uquGY2,Antarctica,Antarctica,$uicideboy$,2016-01-26,77,126850,0.715,0.553,0.633,4.45e-06,0.0905,0.319,-6.869,0.0804,105.945,2,5,disgusted,0.07142857142857142,0.14285714285714285,0.22857142857142856,0.14285714285714285,0.07142857142857142,0.04285714285714286,0.08571428571428572,0.1,0.02857142857142857,0.08571428571428572
31,58leguITNtMvVHSuNJzERV,DISTORTION,UNIVERSE OF THE PAST,LXST CXNTURY,2019-09-23,50,159420,0.607,8.48e-05,0.913,0.00554,0.229,0.229,-3.304,0.0668,150.031,7,4,disgusted,0.07627118644067797,0.1864406779661017,0.2033898305084746,0.1440677966101695,0.11016949152542373,0.01694915254237288,0.0847457627118644,0.06779661016949153,0.0423728813559322,0.06779661016949153
32,6rYvJfCYM2crNXlrtJPWJ3,I Love/Hate Myself,I Love/Hate Myself,hahapoison,2018-10-27,43,161928,0.42,0.674,0.383,0.0144,0.127,0.192,-14.971,0.0505,122.682,7,5,disgusted,0.06521739130434782,0.06521739130434782,0.13043478260869565,0.08695652173913043,0.021739130434782608,0.043478260869565216,0.2608695652173913,0.06521739130434782,0.17391304347826086,0.08695652173913043
33,3ZmVB2Nxeuaj2n97spf8EN,SPACED OUT,SPACED OUT,IVOXYGEN,2020-02-28,0,174581,0.626,0.0921,0.52,0.0,0.254,0.295,-8.05,0.0287,124.05,9,4,disgusted,0.06280193236714976,0.178743961352657,0.2028985507246377,0.14009661835748793,0.11594202898550725,0.04830917874396135,0.06280193236714976,0.08695652173913043,0.05314009661835749,0.04830917874396135
34,3dYD57lRAUcMHufyqn9GcI,Take Me To Church,Hozier,Hozier,2014-09-19,82,241688,0.575,0.637,0.664,0.0,0.116,0.437,-5.303,0.0481,129.071,4,4,disgusted,0.15471698113207547,0.0830188679245283,0.06037735849056604,0.04905660377358491,0.05660377358490566,0.04905660377358491,0.19622641509433963,0.04150943396226415,0.1509433962264151,0.15849056603773584
35,34YndJMzrNeO2bdvMhg7hn,escape,escape,IVOXYGEN,2021-04-12,0,184754,0.521,0.44,0.339,0.0933,0.0942,0.116,-13.588,0.0437,77.074,11,4,disgusted,0.12307692307692308,0.07692307692307693,0.12307692307692308,0.06153846153846154,0.015384615384615385,0.03076923076923077,0.23076923076923078,0.015384615384615385,0.15384615384615385,0.16923076923076924
36,70nXBc3MIwKvKcHEb8qSZV,There Are No Friends,Looking for Infinity,Rodionis,2019-02-08,39,119096,0.877,0.211,0.429,0.89,0.0996,0.446,-11.423,0.0597,131.035,1,4,disgusted,0.09876543209876543,0.09876543209876543,0.14814814814814814,0.12345679012345678,0.08641975308641975,0.04938271604938271,0.1728395061728395,0.07407407407407407,0.14814814814814814,0.0
37,4UXQlm2yCdPkbbgQyNd11p,I Don't Know,I Don't Know,KIDR,2020-06-17,36,249392,0.847,0.303,0.355,0.0,0.132,0.456,-13.128,0.21,139.991,0,4,disgusted,0.022727272727272728,0.11363636363636363,0.22727272727272727,0.09848484848484848,0.08333333333333333,0.06818181818181818,0.15151515151515152,0.06818181818181818,0.09090909090909091,0.07575757575757576
38,7kW8KlDA7A2Fie3IY299FX,Goodnight,Multilinear,Razegod,2020-10-10,36,126956,0.707,0.021,0.85,0.236,0.639,0.383,-4.246,0.0703,138.021,7,4,disgusted,0.046153846153846156,0.07692307692307693,0.18461538461538463,0.12307692307692308,0.06153846153846154,0.09230769230769231,0.2153846153846154,0.046153846153846156,0.1076923076923077,0.046153846153846156
39,5HUJ5QRgaShNQwcUqxemAX,On The Moon,On The Moon,IVOXYGEN,2019-09-11,0,205168,0.65,0.115,0.824,0.0,0.118,0.239,-5.774,0.0347,149.987,10,4,disgusted,0.2,0.08,0.0,0.0,0.0,0.16,0.16,0.0,0.16,0.24
40,66ZbM1Jw9Vd7kf8nAfnBYr,Say My Name,Say My Name,hahapoison,2020-01-10,5,148285,0.614,0.0525,0.828,0.000206,0.105,0.462,-8.813,0.0786,139.96,5,4,disgusted,0.10344827586206896,0.1103448275862069,0.07586206896551724,0.006896551724137931,0.006896551724137931,0.041379310344827586,0.3586206896551724,0.006896551724137931,0.2896551724137931,0.0
41,4kbFZu6VJ2JO86Rk6flnJG,Runway/Runaway,Runway/Runaway,hahapoison,2021-06-09,5,118400,0.36,7.01e-05,0.679,0.0,0.159,0.235,-10.596,0.0793,76.631,7,4,disgusted,0.0,0.0,0.0,0.0,0.0,0.0,0.0,0.0,0.0,0.0
42,7u8QHFxAb1pPgga1CyJu2H,Highway Love,Highway Love,IVOXYGEN,2020-05-21,0,200177,0.655,0.241,0.548,5.15e-05,0.103,0.204,-8.01,0.0397,144.024,7,4,disgusted,0.0,0.0,0.0,0.0,0.0,0.0,0.0,0.0,0.0,0.0
43,2kxZnZBMfHbinyLaSDvP4Z,Sorry,SOLOS 2,Lil Bo Weep,2018-01-15,34,152647,0.507,0.354,0.322,0.00184,0.428,0.0353,-8.926,0.046,81.996,4,4,disgusted,0.07936507936507936,0.07936507936507936,0.31746031746031744,0.25396825396825395,0.07936507936507936,0.047619047619047616,0.06349206349206349,0.031746031746031744,0.015873015873015872,0.031746031746031744
44,67p1TOIAhOVKNzReNCitya,Idkwhatimdoing,Idkwhatimdoing,throwmance,2019-03-15,29,249896,0.652,0.0858,0.679,0.0,0.113,0.069,-6.847,0.0321,97.028,5,4,disgusted,0.0,0.0,0.0,0.0,0.0,0.0,0.0,0.0,0.0,0.0
45,23V5SeHanwL6PlqyJ99dH8,"No I Don't Want, Just Anyone",Our Remedy,Unclenathannn,2018-03-19,0,123950,0.525,0.559,0.399,0.00728,0.193,0.29,-11.526,0.126,131.747,0,4,disgusted,0.15,0.0,0.0,0.0,0.0,0.0,0.425,0.0,0.425,0.0
46,3JvKfv6T31zO0ini8iNItO,Another Love,Long Way Down (Deluxe),Tom Odell,2013-06-24,87,244360,0.445,0.695,0.537,1.65e-05,0.0944,0.131,-8.532,0.04,122.769,4,4,disgusted,0.0,0.0,0.0,0.0,0.0,0.0,0.0,0.0,0.0,0.0
47,1eCEdpv8vWDHTw0sdJEySA,Appreciate Life,Appreciate Life,Depressiveperson,2022-06-10,0,135824,0.433,0.0257,0.637,0.0,0.185,0.357,-5.152,0.0263,144.897,7,4,disgusted,0.0,0.0,0.0,0.0,0.0,0.0,0.0,0.0,0.0,0.0
48,2XynYulas10Wmef4Gqrxw9,Hate.,Hate.,ThxSoMch,2023-02-14,68,134769,0.644,0.00161,0.834,0.0412,0.0878,0.744,-7.497,0.0358,94.922,11,4,disgusted,0.04139433551198257,0.22004357298474944,0.19389978213507625,0.1895424836601307,0.14814814814814814,0.006535947712418301,0.013071895424836602,0.1437908496732026,0.004357298474945534,0.0392156862745098
49,6WzRpISELf3YglGAh7TXcG,Popular (with Playboi Carti & Madonna) - From The Idol Vol. 1 (Music from the HBO Original Series),Popular (Music from the HBO Original Series),The Weeknd,2023-06-02,83,215466,0.854,0.0517,0.674,8.53e-05,0.509,0.848,-6.23,0.184,99.022,1,4,disgusted,0.0,0.0,0.0,0.0,0.0,0.0,0.0,0.0,0.0,0.0
50,3qaMprRWLGggArD14diXYz,Faster n Harder,Faster n Harder,6arelyhuman,2024-02-28,67,123428,0.475,0.0145,0.983,0.0,0.224,0.478,-1.83,0.198,139.966,7,4,disgusted,0.025,0.25,0.275,0.075,0.075,0.0,0.125,0.1,0.025,0.05
51,7ANKWDStVvxzYfxLrtmKYw,Hurt,Hurt,Maikubi,2023-01-13,47,127440,0.499,0.000149,0.902,0.00138,0.252,0.407,-3.846,0.0644,124.934,1,4,disgusted,0.10204081632653061,0.16326530612244897,0.22448979591836735,0.12244897959183673,0.10204081632653061,0.0,0.14285714285714285,0.061224489795918366,0.04081632653061224,0.04081632653061224
52,0kbBU3ey5IkKwPvDHXJOry,The Lost Soul Down X Lost Soul,The Lost Soul Down X Lost Soul,NBSPLV,2023-08-18,75,151348,0.779,0.166,0.475,0.908,0.107,0.439,-10.388,0.0287,90.035,0,4,disgusted,0.0,0.15,0.15,0.15,0.0,0.0,0.275,0.0,0.275,0.0
53,4mMEvkDeY56be4l7Itb5aZ,SMOKE IT OFF!,SMOKE IT OFF!,Lumi Athena,2023-07-31,71,117528,0.429,0.00318,0.822,7.58e-06,0.559,0.29,-7.071,0.0455,148.3,8,4,disgusted,0.014925373134328358,0.1044776119402985,0.22388059701492538,0.1044776119402985,0.07462686567164178,0.13432835820895522,0.04477611940298507,0.04477611940298507,0.029850746268656716,0.22388059701492538
54,0kYMwaQWABTkFff8AZjmYI,Hayloft II,Inside (Deluxe),Mother Mother,2022-01-28,73,215040,0.326,0.0044,0.866,7.37e-06,0.0912,0.172,-4.541,0.101,178.181,9,4,disgusted,0.005263157894736842,0.1736842105263158,0.25263157894736843,0.06842105263157895,0.15263157894736842,0.03684210526315789,0.12631578947368421,0.042105263157894736,0.12631578947368421,0.015789473684210527
55,0i5Lv2pnFSqZopukoniHcv,party addict,party addict,kets4eki,2023-05-01,65,125861,0.528,0.00138,0.964,0.0,0.301,0.224,-2.225,0.0729,137.477,9,4,disgusted,0.06837606837606838,0.07692307692307693,0.19658119658119658,0.10256410256410256,0.1111111111111111,0.09401709401709402,0.06837606837606838,0.11965811965811966,0.06837606837606838,0.09401709401709402
56,4jvhvr8QBAlC85ovP8zTph,All Night,All Night,mishlawi,2018-03-02,45,174554,0.759,0.139,0.763,0.0,0.29,0.782,-5.852,0.0857,141.969,9,4,disgusted,0.12878787878787878,0.015151515151515152,0.022727272727272728,0.08333333333333333,0.007575757575757576,0.09848484848484848,0.1893939393939394,0.007575757575757576,0.16666666666666666,0.2803030303030303
57,4NZrZgrRoR4GwR7flWOXRI,Go Fuck Yourself,First Steps,Two Feet,2016-07-29,71,129599,0.765,0.571,0.327,0.0479,0.0787,0.292,-8.029,0.277,74.931,6,4,disgusted,0.0,0.3333333333333333,0.3333333333333333,0.0,0.3333333333333333,0.0,0.0,0.0,0.0,0.0
58,4IA6pgGRmqfxWGAfyZ8cgR,Verbatim,Touch Up,Mother Mother,2007-05-08,72,168320,0.827,0.309,0.58,0.0,0.148,0.491,-6.809,0.327,78.007,7,4,disgusted,0.08928571428571429,0.08928571428571429,0.21428571428571427,0.14285714285714285,0.08928571428571429,0.03571428571428571,0.17857142857142858,0.05357142857142857,0.10714285714285714,0.0
59,0lP4HYLmvowOKdsQ7CVkuq,The Kill,A Beautiful Lie,Thirty Seconds To Mars,2005-01-01,77,231533,0.179,0.0014,0.912,0.000294,0.582,0.289,-3.881,0.0791,182.99,4,3,disgusted,0.034482758620689655,0.10344827586206896,0.13793103448275862,0.27586206896551724,0.10344827586206896,0.1896551724137931,0.06896551724137931,0.017241379310344827,0.05172413793103448,0.017241379310344827
60,0F4FejjWi3bf5vGOkuQwPS,On My Own,On My Own,Darci,2018-05-09,72,171692,0.767,0.0324,0.593,4.5e-06,0.0878,0.579,-5.901,0.0413,130.007,4,4,disgusted,0.0,0.04878048780487805,0.4146341463414634,0.34146341463414637,0.04878048780487805,0.04878048780487805,0.04878048780487805,0.0,0.0,0.04878048780487805
61,6JAfKIASRQQMyf1sA4cBq1,Counting Sheep,Embracing Me - EP,SAFIA,2016-03-04,49,154186,0.775,0.0102,0.469,2.99e-06,0.122,0.644,-7.363,0.0322,94.972,10,4,disgusted,0.07407407407407407,0.12962962962962962,0.3333333333333333,0.16666666666666666,0.037037037037037035,0.037037037037037035,0.09259259259259259,0.018518518518518517,0.05555555555555555,0.05555555555555555
62,4ntKnZnztFdovszJpIoeVO,Fake Faces,Fake Faces,Felip,2024-04-05,52,174236,0.689,0.113,0.851,0.0,0.0667,0.963,-4.295,0.135,153.051,10,4,disgusted,0.0,0.0,0.0,0.0,0.0,0.0,0.0,0.0,0.0,0.0
63,7sByrWJrZbNWF1CGjIBj1j,If Ever You're in My Arms Again,Love Duets,Toni Gonzaga,2009-02-01,20,256372,0.343,0.115,0.582,0.0,0.09,0.175,-4.663,0.0247,95.446,1,4,disgusted,0.10869565217391304,0.0,0.043478260869565216,0.043478260869565216,0.021739130434782608,0.021739130434782608,0.2391304347826087,0.0,0.17391304347826086,0.34782608695652173
64,7zrD2rhcvGEZiMMo9RuW6P,We Belong,We Belong,Sneaky Sound System,2019-07-19,48,139680,0.59,0.00456,0.996,0.865,0.287,0.681,-4.407,0.051,125.024,7,4,disgusted,0.058394160583941604,0.058394160583941604,0.13138686131386862,0.08759124087591241,0.058394160583941604,0.08029197080291971,0.2116788321167883,0.058394160583941604,0.17518248175182483,0.08029197080291971
65,3TIsaxDoRyxVcPfPRKN8Y2,Miss You Like Crazy,Chapter 1: A New Beginning,The Moffatts,1998-05-18,56,229200,0.568,0.174,0.522,0.0,0.189,0.49,-8.077,0.0247,77.033,7,4,disgusted,0.07692307692307693,0.10256410256410256,0.1282051282051282,0.10897435897435898,0.10256410256410256,0.057692307692307696,0.1858974358974359,0.01282051282051282,0.14743589743589744,0.07692307692307693
66,3rwioq6hSNjwynK8rVPCma,kaibigan,kaibigan,justin,2024-07-19,57,206584,0.493,0.266,0.336,2.22e-05,0.134,0.435,-9.58,0.04,83.228,0,4,disgusted,0.0,0.0,0.36363636363636365,0.0,0.0,0.36363636363636365,0.2727272727272727,0.0,0.0,0.0
67,1rVKpBqXtRvGTVUNDnt1fy,Creepin',Creepin',Levent Geiger,2023-11-10,55,199645,0.524,0.734,0.444,0.0,0.15,0.236,-9.119,0.0274,107.971,1,4,disgusted,0.12643678160919541,0.1724137931034483,0.13793103448275862,0.11494252873563218,0.022988505747126436,0.0,0.14942528735632185,0.022988505747126436,0.12643678160919541,0.12643678160919541
68,0FezhHZVmDYXvk8jAr2fpU,Lights & Music,In Ghost Colours (UK Version Delux),Cut Copy,2008-01-01,52,279373,0.606,0.0696,0.935,0.152,0.408,0.631,-4.389,0.0417,125.997,10,4,disgusted,0.0,0.0,0.0,0.0,0.0,0.0,0.0,0.0,0.0,0.0
69,5lvYFJ8QPBBHV2YM1gp5tG,Give Thanks,Give Thanks,Janella Salvador,2014,44,235586,0.472,0.8,0.382,0.0,0.323,0.121,-5.937,0.0266,82.935,8,4,disgusted,0.19672131147540983,0.04918032786885246,0.14754098360655737,0.08196721311475409,0.0,0.0,0.2786885245901639,0.08196721311475409,0.08196721311475409,0.08196721311475409
70,41iJtEHisXYp0Cmv1Q2hA1,World Of Our Love,Diplomatic Immunity,Client Liaison,2017-11-17,38,270688,0.85,0.0318,0.876,0.000179,0.0989,0.615,-7.262,0.048,117.028,0,4,disgusted,0.06493506493506493,0.05194805194805195,0.06493506493506493,0.06493506493506493,0.012987012987012988,0.025974025974025976,0.3246753246753247,0.025974025974025976,0.22077922077922077,0.14285714285714285
71,6MWsotxoAROqOuzk7rMc0z,You,Jona,Jona,2017-02-27,49,266560,0.34,0.284,0.413,0.0,0.0913,0.143,-7.17,0.0321,139.114,9,4,disgusted,0.112,0.08,0.12,0.064,0.016,0.056,0.256,0.016,0.2,0.08
72,38JyGtFVoT3uabw6qVWuOZ,Pangarap Kong Pangarap Mo,Zephanie,Zephanie,2022-01-07,35,174030,0.673,0.295,0.726,1.66e-05,0.219,0.425,-5.402,0.0679,77.006,3,4,disgusted,0.25,0.08333333333333333,0.08333333333333333,0.08333333333333333,0.08333333333333333,0.0,0.3333333333333333,0.08333333333333333,0.0,0.0
73,5IO87wqMV7UPuRAgaILfsK,Mirrors,Mirrors,Lone Tusker,2023-10-20,54,193636,0.653,0.12,0.632,0.0103,0.347,0.277,-8.05,0.054,131.993,0,4,disgusted,0.05056179775280899,0.06741573033707865,0.15730337078651685,0.03932584269662921,0.03932584269662921,0.028089887640449437,0.29213483146067415,0.016853932584269662,0.25280898876404495,0.056179775280898875
74,1ag9VUoU406Hm1S9wYlR0o,Sunrise (Won't Get Lost) - Tommy Trash Radio Edit,Sunrise (Won't Get Lost),The Aston Shuffle,2012-10-12,40,202677,0.6,0.0857,0.949,0.000108,0.0896,0.466,-2.73,0.133,127.021,5,4,disgusted,0.0,0.0,0.46153846153846156,0.46153846153846156,0.0,0.0,0.0,0.0,0.0,0.07692307692307693
75,33b2BLaLK67gArAZL5vffh,Bakit 'Di Totohanin,Carol,Carol Banawa,1997-11-03,51,245554,0.512,0.723,0.317,0.00816,0.151,0.188,-14.827,0.0264,159.51,4,4,disgusted,0.0,0.0,0.0,0.0,0.0,0.0,1.0,0.0,0.0,0.0
76,7pWko9IDNpYbdCxrmPU8Va,AMAKABOGERA,MPOWERED,Maymay Entrata,2021-11-19,42,180533,0.681,0.112,0.942,0.0,0.501,0.399,-3.998,0.147,105.084,9,4,disgusted,0.0,0.2,0.2,0.0,0.2,0.2,0.0,0.2,0.0,0.0
77,1l7Ooq59lsQvXv6C1Xeidx,Calypso Beach,Dare,Northeast Party House,2016-09-09,47,233169,0.398,0.0175,0.678,0.3,0.129,0.379,-7.562,0.0377,122.022,8,4,disgusted,0.1,0.0,0.0,0.0,0.0,0.1,0.2,0.0,0.45,0.15
78,7rtSsC5zLPTO0R767vBqRq,Bakit Pa,The Story of Jessa Zaragoza,Jessa Zaragoza,1999,47,269866,0.628,0.605,0.42,0.0,0.0914,0.381,-9.926,0.0275,129.971,1,4,disgusted,0.29411764705882354,0.0,0.0,0.0,0.0,0.0,0.7058823529411765,0.0,0.0,0.0
79,7dcSBhPIMO96sdf8hCQAaL,White Dress,White Dress,Set Mo,2015-04-10,44,210324,0.7,0.0509,0.629,0.0235,0.203,0.377,-6.876,0.0315,119.98,7,4,disgusted,0.08270676691729323,0.09022556390977443,0.14285714285714285,0.09022556390977443,0.09022556390977443,0.045112781954887216,0.20300751879699247,0.05263157894736842,0.10526315789473684,0.09774436090225563
80,573latfTMO7SpGtStVrQx5,Harlem,A Bad Girl In Harlem,New Politics,2013-05-17,53,163626,0.603,0.00189,0.952,0.000445,0.317,0.588,-3.699,0.0947,133.97,6,4,disgusted,0.0,0.0,0.0,0.0,0.0,0.0,0.0,0.0,0.0,0.0
81,4UmwioUddRXq9Y5RBXhhyV,BINI - ft. Aiah Arceta,BINI (ft. Aiah Arceta),Jeremy G,2024-06-28,41,244357,0.674,0.0945,0.907,0.0,0.378,0.564,-2.644,0.043,101.042,0,4,disgusted,0.0,0.0,0.0,0.0,0.0,0.0,0.0,0.0,0.0,0.0
82,4BYO8KU39k40yaRAwDgyUs,Chivalry Is Dead,Chivalry Is Dead,Trevor Wesley,2016-11-04,48,208161,0.484,0.0471,0.732,0.0,0.0755,0.644,-4.892,0.0705,127.313,6,4,disgusted,0.11196911196911197,0.05791505791505792,0.07722007722007722,0.06563706563706563,0.06177606177606178,0.06177606177606178,0.23938223938223938,0.05791505791505792,0.18146718146718147,0.08494208494208494
83,1YR3v8aBVpKP1rP2KqQaKZ,The Past,Songs Rediscovered,Jed Madela,2004-01-01,50,214933,0.699,0.65,0.388,0.0,0.0736,0.204,-7.922,0.0269,125.934,7,4,disgusted,0.020833333333333332,0.14583333333333334,0.1875,0.125,0.10416666666666667,0.041666666666666664,0.22916666666666666,0.041666666666666664,0.041666666666666664,0.0625
84,3O4DdB07AoPwvy1fsIToiT,Forever Right Now,Forever Right Now,Conor Matthews,2018-10-26,56,141828,0.753,0.139,0.679,0.0,0.148,0.688,-4.792,0.0569,117.961,5,4,disgusted,0.0,0.0,0.0,0.0,0.0,0.0,0.0,0.0,0.0,0.0
85,2OuU7OGHIJtd2RQFI09kro,5&4&3&2&,Ampersand,Leaf in a Forest,2024-07-30,36,223000,0.562,0.306,0.519,0.638,0.0868,0.742,-9.098,0.1,180.095,9,4,disgusted,0.0,0.0,0.0,0.0,0.0,0.0,0.0,0.0,0.0,0.0
86,0arPxj5WufzbjEy1uPn7GP,Casualties,What If,Ethan Dufault,2021-01-29,44,222083,0.647,0.846,0.306,0.0,0.1,0.348,-10.392,0.0321,143.932,3,4,disgusted,0.07777777777777778,0.13333333333333333,0.23333333333333334,0.12777777777777777,0.09444444444444444,0.05555555555555555,0.1,0.08333333333333333,0.03888888888888889,0.05555555555555555
87,1fdo42PnT5XrsPV6FZ1Fd2,Laging Tapat,Jolina,Jolina Magdangal,1999-01-04,47,212639,0.626,0.749,0.361,0.0,0.0887,0.17,-7.648,0.0278,123.971,0,4,disgusted,0.0,0.14285714285714285,0.14285714285714285,0.14285714285714285,0.14285714285714285,0.14285714285714285,0.14285714285714285,0.14285714285714285,0.0,0.0
88,27cx5oMwSLKWxe5oddCtai,Only Me and You,Habang May Buhay,Donna Cruz,2002,47,307000,0.49,0.707,0.266,0.0,0.164,0.114,-16.544,0.0315,121.863,9,4,disgusted,0.0,0.0,0.0,0.0,0.0,0.0,0.0,0.0,0.0,0.0
89,58rSMgjsjINUMUzHCyPYts,Ocean,Ocean,ConKi,2022-02-10,56,155072,0.738,0.229,0.723,0.0034,0.305,0.285,-6.691,0.0402,119.985,7,4,disgusted,0.0,0.2,0.2,0.2,0.2,0.0,0.0,0.2,0.0,0.0
90,0p7bJgDktmZlqsgNFBnYFU,On The Other Side (feat. Max Billion),On The Other Side (feat. Max Billion),just Fede,2024-08-02,55,155923,0.394,0.354,0.546,0.0,0.1,0.299,-8.048,0.0366,76.629,8,4,disgusted,0.05660377358490566,0.1509433962264151,0.16981132075471697,0.1320754716981132,0.05660377358490566,0.07547169811320754,0.07547169811320754,0.018867924528301886,0.07547169811320754,0.18867924528301888
91,1ymVJxxBnFgNM9ocMzVqSg,Rain on Me,Rain on Me,FIXL,2023-11-02,49,139024,0.65,0.585,0.778,2.28e-05,0.133,0.494,-6.102,0.0365,123.102,1,4,disgusted,0.06923076923076923,0.2076923076923077,0.3,0.2153846153846154,0.015384615384615385,0.0,0.08461538461538462,0.07692307692307693,0.015384615384615385,0.015384615384615385
92,64p2tRd4zsBsJUucEnfWrX,edsa,edsa,PABLO,2024-05-24,55,208283,0.558,0.00975,0.733,0.0,0.269,0.381,-7.144,0.0419,142.095,4,4,disgusted,0.16666666666666666,0.16666666666666666,0.0,0.16666666666666666,0.0,0.0,0.3333333333333333,0.0,0.16666666666666666,0.0
93,434qlyPFJd5FWpJ72eB3VL,Pizza Guy,Pizza Guy / Show Me,Touch Sensitive,2014-04-19,48,349413,0.629,0.00212,0.81,0.64,0.264,0.288,-5.1,0.0264,105.996,4,4,disgusted,0.0,0.0,0.0,0.0,0.0,0.0,0.0,0.0,0.0,0.0
94,3QEMqBZ6ZVRdlCaN6QeaeD,What Comes Next,What Comes Next,LENNY,2024-09-06,38,183650,0.473,0.0414,0.53,0.0,0.353,0.238,-8.117,0.0869,181.996,7,4,disgusted,0.07920792079207921,0.08415841584158416,0.16831683168316833,0.10396039603960396,0.09405940594059406,0.04950495049504951,0.15346534653465346,0.024752475247524754,0.1485148514851485,0.09405940594059406
95,4z6ipP14TOsL9K9U7vEH2A,Love U Like That,Love U Like That,ay-Mill,2024-02-23,44,160800,0.592,0.0631,0.673,0.0,0.441,0.265,-9.193,0.0406,100.058,10,4,disgusted,0.06451612903225806,0.0967741935483871,0.03225806451612903,0.016129032258064516,0.03225806451612903,0.03225806451612903,0.25806451612903225,0.0,0.25806451612903225,0.20967741935483872
96,0ZSaXFpNU4MTxb69rdoNyl,Not My Man,Not My Man,Jillian Rossi,2024-07-19,48,194848,0.433,0.169,0.658,3.92e-05,0.427,0.426,-6.523,0.146,197.833,5,4,disgusted,0.06422018348623854,0.1926605504587156,0.22935779816513763,0.1834862385321101,0.06422018348623854,0.027522935779816515,0.08256880733944955,0.045871559633027525,0.05504587155963303,0.05504587155963303
97,60LAae4EzXrJ2BLwvfMfJH,Never Go Wrong,Good Times Go,Nicky Youre,2023-06-09,51,155962,0.585,0.0687,0.835,0.0,0.275,0.93,-6.453,0.113,164.988,5,4,disgusted,0.08333333333333333,0.06666666666666667,0.4,0.1,0.05,0.03333333333333333,0.1,0.03333333333333333,0.06666666666666667,0.06666666666666667
98,33DMX9LvLFdgbVaZKCD8t4,Musika,Musika,G22,2023-09-25,44,237769,0.62,0.302,0.534,0.0,0.395,0.374,-4.651,0.0304,134.86,2,3,disgusted,0.0,0.0,0.0,0.0,0.0,0.0,1.0,0.0,0.0,0.0
99,5hFD05PfvZUPbJ5JtwpEab,A Better Day,A Better Day,DENNICK,2024-03-14,50,157881,0.687,0.142,0.674,0.0,0.17,0.519,-6.617,0.108,118.357,11,4,disgusted,0.05660377358490566,0.09433962264150944,0.1320754716981132,0.07547169811320754,0.018867924528301886,0.0,0.2830188679245283,0.018867924528301886,0.18867924528301888,0.1320754716981132
100,5CUhlmR4kOYfHY9tNs8LtA,If I'm Not in Love with You,Living the Dream,Jennylyn Mercado,2004,47,224771,0.448,0.832,0.216,0.0,0.192,0.106,-12.988,0.0339,119.306,7,4,disgusted,0.047619047619047616,0.07936507936507936,0.14285714285714285,0.1111111111111111,0.09523809523809523,0.047619047619047616,0.1746031746031746,0.06349206349206349,0.15873015873015872,0.07936507936507936
101,3F1JSF5lB4tGqYQ8OTIgw6,Mr. Right,Chinita Princess - Kim Chiu,Kim Chiu,2015-01-01,44,201586,0.764,0.594,0.528,0.0,0.117,0.248,-4.638,0.0282,83.011,1,4,disgusted,0.12359550561797752,0.1404494382022472,0.15730337078651685,0.06741573033707865,0.056179775280898875,0.07303370786516854,0.1348314606741573,0.016853932584269662,0.12359550561797752,0.10674157303370786
102,17FlJCEmLjIEHIfdhP960V,Abot Langit - Ricovered,Abot Langit (Ricovered),Rico Blanco,2019-06-08,51,177692,0.669,0.849,0.234,9.3e-05,0.19,0.595,-10.801,0.136,208.318,7,4,disgusted,0.0,0.03333333333333333,0.03333333333333333,0.03333333333333333,0.03333333333333333,0.03333333333333333,0.4,0.03333333333333333,0.4,0.0
103,4UgSOMItBpmepgym8nQSXp,Kakaibabe,Kakaibabe,Donnalyn,2014,50,210520,0.82,0.359,0.833,0.000701,0.225,0.916,-5.908,0.136,92.995,6,4,disgusted,0.0,0.0,0.1,0.0,0.0,0.1,0.6,0.0,0.1,0.1
104,2MYTYXJXUj3YeCsGfiIdRq,When I'm Around You,When I’m Around You,Running Touch,2019-02-08,47,203782,0.765,0.0733,0.705,7.58e-05,0.112,0.797,-6.482,0.0383,117.013,6,4,disgusted,0.028169014084507043,0.056338028169014086,0.1267605633802817,0.1267605633802817,0.11267605633802817,0.09859154929577464,0.09859154929577464,0.11267605633802817,0.09859154929577464,0.14084507042253522
105,4m1BwzoW25MUh7lFQeIMCM,Statue,Statue,Kristel Fulgar,2021-02-22,41,273333,0.653,0.762,0.434,1.81e-06,0.115,0.234,-10.058,0.0335,89.943,3,4,disgusted,0.0,0.0,0.0,0.0,0.0,0.0,0.0,0.0,0.0,0.0
106,0I7A5HoKBQ6szstVsHaD5v,My People,Apocalypso,The Presets,2008-01-01,36,266560,0.562,0.0137,0.927,8.99e-06,0.457,0.262,-2.461,0.0362,126.999,5,4,disgusted,0.1206896551724138,0.1206896551724138,0.15517241379310345,0.10344827586206896,0.08620689655172414,0.04310344827586207,0.1724137931034483,0.04310344827586207,0.05172413793103448,0.10344827586206896
107,2VYyf8Zt8yYjKhNXw6X0Jz,Mr. DJ,Special Collector's Edition: Sana'y Wala Nang Wakas,Sharon Cuneta,1994-10-15,46,229333,0.372,0.75,0.259,0.0,0.0981,0.159,-13.741,0.0296,136.71,2,3,disgusted,0.11904761904761904,0.07142857142857142,0.07142857142857142,0.047619047619047616,0.07142857142857142,0.14285714285714285,0.11904761904761904,0.07142857142857142,0.09523809523809523,0.19047619047619047
108,4o8yZ5AnripYyuTksF1nK6,Wala Na Talaga,Klarisse,Klarisse,2017-07-28,53,278973,0.457,0.807,0.49,0.0,0.142,0.267,-7.312,0.0502,129.498,6,4,disgusted,0.0,0.0,0.0,0.0,0.0,0.0,1.0,0.0,0.0,0.0
109,02Ygu8lo3qSknRpcBnspso,Just Friends,Just Friends,Virginia To Vegas,2019-05-24,52,168946,0.793,0.156,0.714,0.0,0.136,0.794,-7.562,0.193,100.036,7,4,disgusted,0.03896103896103896,0.11688311688311688,0.22077922077922077,0.12987012987012986,0.03896103896103896,0.05194805194805195,0.14285714285714285,0.03896103896103896,0.09090909090909091,0.12987012987012986
110,5fMygCxYWAoueOENZsEy9V,Island In The Sun,Island In The Sun,Chill Gull,2024-04-19,48,135521,0.666,0.0289,0.742,5.39e-06,0.508,0.377,-5.135,0.0618,115.083,7,4,disgusted,0.05454545454545454,0.09090909090909091,0.10909090909090909,0.09090909090909091,0.09090909090909091,0.05454545454545454,0.14545454545454545,0.07272727272727272,0.12727272727272726,0.16363636363636364
111,2lWzqadTC6KapAWVVVKp8W,Pasulyap-Sulyap,Really Wanna Tell You,Tootsie Guevara,1997-01-06,53,233355,0.636,0.494,0.328,5.54e-05,0.0887,0.433,-16.072,0.0283,140.02,0,4,disgusted,0.0,0.0,0.0,0.0,0.0,0.0,0.0,0.0,0.0,0.0
112,1C4eLUSXUnj6bi8xjShYaH,Kash Kommandments,Kash Kommandments,Kash Doll,2024-05-03,54,209261,0.85,0.0793,0.514,0.0,0.122,0.472,-6.577,0.318,156.057,8,4,disgusted,0.08176100628930817,0.06918238993710692,0.14465408805031446,0.06289308176100629,0.12578616352201258,0.1069182389937107,0.13836477987421383,0.09433962264150944,0.0880503144654088,0.0880503144654088
113,7vuqyEt5hBBxSuakZBZLiK,Ghost,Ghost,ConKi,2023-01-12,55,184250,0.582,0.0162,0.898,0.0021,0.156,0.42,-4.516,0.0343,119.962,1,4,disgusted,0.04878048780487805,0.4146341463414634,0.21951219512195122,0.0,0.0,0.04878048780487805,0.0975609756097561,0.024390243902439025,0.07317073170731707,0.07317073170731707
114,48D6RUVMzcOx2ggRFTRjUx,Pagdating Ng Panahon,Pagdating Ng Panahon (Special Collector's Edition),Aiza Seguerra,2006,51,264320,0.569,0.757,0.27,3.81e-06,0.214,0.236,-11.965,0.025,97.848,4,4,disgusted,0.0,0.0,0.4,0.0,0.0,0.0,0.6,0.0,0.0,0.0
115,7cens2GI2PTemvKNnpjxs8,Moonlight,Moonlight,Ian Asher,2024-05-03,47,168102,0.704,0.00599,0.81,3.86e-06,0.0976,0.844,-4.446,0.062,124.981,6,4,disgusted,0.11494252873563218,0.09195402298850575,0.10344827586206896,0.09195402298850575,0.09195402298850575,0.09195402298850575,0.10344827586206896,0.10344827586206896,0.09195402298850575,0.11494252873563218
116,4vQxLMA2txL72AtvIbzDIe,Open Letter,Open Letter,CHOSZN,2024-10-16,40,178000,0.544,0.853,0.25,7.47e-05,0.048,0.442,-8.121,0.0873,178.388,2,4,disgusted,0.0,0.0,0.0,0.0,0.0,0.0,0.0,0.0,0.0,0.0
117,7CRThl2cGDh1o9p3ivaLbG,why u gotta be like that (feat. Nightly),why u gotta be like that (feat. Nightly),vaultboy,2022-08-17,49,143503,0.67,0.131,0.621,0.0,0.675,0.288,-7.853,0.037,90.04,7,4,disgusted,0.03389830508474576,0.0847457627118644,0.1694915254237288,0.1694915254237288,0.0,0.06779661016949153,0.13559322033898305,0.0,0.1016949152542373,0.23728813559322035
118,6b3OOZ7U8mqNO7ImHEyMRR,Feels Like You,Feels Like You,Faime,2020-11-27,55,198912,0.848,0.789,0.352,0.000105,0.0865,0.571,-6.798,0.0464,92.991,4,4,disgusted,0.15384615384615385,0.02564102564102564,0.0641025641025641,0.05128205128205128,0.038461538461538464,0.07692307692307693,0.2692307692307692,0.02564102564102564,0.23076923076923078,0.0641025641025641
119,2MolFsdE7ydCQQgsmfvX6w,Perfect 10,Perfect 10,Unknown Brain,2018-07-11,50,204006,0.299,0.00546,0.741,4.34e-05,0.066,0.283,-4.391,0.152,179.28,11,4,disgusted,0.14678899082568808,0.11926605504587157,0.11926605504587157,0.10091743119266056,0.09174311926605505,0.01834862385321101,0.1834862385321101,0.03669724770642202,0.045871559633027525,0.13761467889908258
120,66SxGyWkD0VZSb8iZxl78H,Wrong Direction,Wrong Direction,Mykyl,2021-02-26,50,153394,0.758,0.49,0.394,0.0,0.239,0.485,-8.839,0.0348,101.986,9,4,disgusted,0.07272727272727272,0.07272727272727272,0.23636363636363636,0.14545454545454545,0.09090909090909091,0.01818181818181818,0.12727272727272726,0.10909090909090909,0.07272727272727272,0.05454545454545454
121,3g6BBQnxVMuTDbWt6wBX3R,Paano Ba Ang Magmahal,The Breakup Playlist,Piolo Pascual,2015-01-01,54,290246,0.543,0.515,0.585,0.0,0.0436,0.168,-6.456,0.0315,144.065,0,4,disgusted,0.0,0.16666666666666666,0.16666666666666666,0.16666666666666666,0.16666666666666666,0.16666666666666666,0.0,0.16666666666666666,0.0,0.0
122,1MSM3Fo2fvnwVqMcz8Jhjq,Cecilia And The Satellite,Andrew McMahon In The Wilderness,Andrew McMahon in the Wilderness,2014-10-13,55,223879,0.381,0.0131,0.844,0.0,0.318,0.239,-7.123,0.144,194.0,5,4,disgusted,0.11904761904761904,0.14285714285714285,0.16666666666666666,0.07142857142857142,0.047619047619047616,0.0,0.30952380952380953,0.0,0.11904761904761904,0.023809523809523808
123,4JZocgyzKHdRF0iSOcodJn,Ready,Ready,apl.de.ap,2024-05-31,54,238000,0.796,0.368,0.501,0.00289,0.109,0.425,-9.773,0.0373,120.05,9,4,disgusted,0.11023622047244094,0.1732283464566929,0.15748031496062992,0.07874015748031496,0.08661417322834646,0.023622047244094488,0.14173228346456693,0.031496062992125984,0.07086614173228346,0.12598425196850394
124,3WJo7bV3Hi9BgwnVq13SK6,Room,Room,Stell,2024-06-14,55,223299,0.7,0.0255,0.612,0.000108,0.0764,0.675,-6.902,0.0393,104.525,0,4,disgusted,0.027777777777777776,0.041666666666666664,0.1527777777777778,0.041666666666666664,0.041666666666666664,0.041666666666666664,0.2222222222222222,0.041666666666666664,0.19444444444444445,0.19444444444444445
125,05Db5b8xtLi32lJgKbDUus,Gigil,Gigil,BGYO,2024-06-07,44,172306,0.823,0.0538,0.747,5.3e-06,0.0485,0.491,-1.984,0.0583,97.973,2,4,disgusted,0.0,0.0,0.5,0.0,0.0,0.5,0.0,0.0,0.0,0.0
126,5TbJPTQFBqBhsQuMffDBfF,Pyramid,Electronic RnB,Various Artists,2020-12-11,23,235946,0.558,0.268,0.658,0.0,0.133,0.24,-5.234,0.0862,87.535,10,4,disgusted,0.0661764705882353,0.08823529411764706,0.125,0.07352941176470588,0.0661764705882353,0.051470588235294115,0.3382352941176471,0.03676470588235294,0.08823529411764706,0.0661764705882353
127,5lOPI7mq0qgUDKDXvoH2Om,Come in out of the Rain,Come in out of the Rain,Sheryn Regis,2004-05-01,49,253400,0.471,0.0886,0.494,0.0,0.371,0.187,-5.019,0.0287,119.879,0,4,disgusted,0.046875,0.0625,0.09375,0.03125,0.03125,0.0,0.328125,0.0,0.328125,0.078125
128,5EMg6nGTPlwhLhnIC1nDhj,Not Like You,COLOR,Adam Turley,2021-07-16,42,138946,0.669,0.405,0.652,8.77e-05,0.174,0.554,-6.704,0.0498,146.079,9,4,disgusted,0.02654867256637168,0.168141592920354,0.20353982300884957,0.11504424778761062,0.19469026548672566,0.0,0.07079646017699115,0.1504424778761062,0.04424778761061947,0.02654867256637168
129,6SIaYQUPOJpO8XFWeTl5dC,Yoko Na,Yoko Na,JOSH CULLEN,2024-03-23,52,212943,0.6,0.148,0.732,0.0,0.26,0.222,-4.393,0.0392,109.934,10,4,disgusted,0.375,0.125,0.25,0.0,0.0,0.25,0.0,0.0,0.0,0.0
130,2x5qF66rFO6DERBMNkQAqn,(There's Gotta Be) More To Life,Stacie Orrico,Stacie Orrico,2003-01-01,55,200386,0.58,0.0917,0.922,0.0,0.189,0.649,-3.785,0.0957,89.841,1,4,disgusted,0.0,0.10714285714285714,0.35714285714285715,0.32142857142857145,0.14285714285714285,0.0,0.0,0.03571428571428571,0.0,0.03571428571428571
131,0gOz9JUXsaKVzLTSmFDtdo,A Soulmate Who Wasn’t Meant to Be,"Do You Love Me, or Are You Just Lonely?",Jess Benko,2019-07-19,61,316556,0.571,0.948,0.0274,6.43e-06,0.322,0.087,-20.274,0.0649,124.209,9,3,disgusted,0.02127659574468085,0.2765957446808511,0.3404255319148936,0.06382978723404255,0.02127659574468085,0.10638297872340426,0.10638297872340426,0.0,0.0425531914893617,0.02127659574468085
132,4SqWKzw0CbA05TGszDgMlc,I Love You So,I Love You So,The Walters,2014-11-28,87,160239,0.575,0.583,0.648,0.0,0.115,0.466,-4.891,0.0358,75.977,10,4,disgusted,0.07017543859649122,0.03508771929824561,0.10526315789473684,0.07017543859649122,0.05263157894736842,0.07017543859649122,0.24561403508771928,0.07017543859649122,0.21052631578947367,0.07017543859649122
133,3zksbXteOCeSusJ5Xltr3t,Bubble Gum,Bubble Gum,Clairo,2019-02-22,75,175960,0.509,0.979,0.0167,2.72e-05,0.387,0.229,-24.639,0.115,207.97,9,3,disgusted,0.15217391304347827,0.043478260869565216,0.08695652173913043,0.043478260869565216,0.021739130434782608,0.08695652173913043,0.1956521739130435,0.021739130434782608,0.17391304347826086,0.17391304347826086
134,5v6qYImm5k36GHlFxdEZyv,Moral of the Story (feat. Niall Horan) - Bonus Track,Ashlyn,Ashe,2021-05-07,67,198515,0.579,0.496,0.37,0.0,0.221,0.216,-8.9,0.0383,119.799,10,4,disgusted,0.10666666666666667,0.08,0.17333333333333334,0.09333333333333334,0.09333333333333334,0.02666666666666667,0.2,0.04,0.13333333333333333,0.05333333333333334
135,5JCoSi02qi3jJeHdZXMmR8,favorite crime,SOUR,Olivia Rodrigo,2021-05-21,82,152666,0.369,0.866,0.272,0.0,0.147,0.218,-10.497,0.0364,172.929,9,4,disgusted,0.12087912087912088,0.0989010989010989,0.15384615384615385,0.08791208791208792,0.10989010989010989,0.054945054945054944,0.14285714285714285,0.054945054945054944,0.12087912087912088,0.054945054945054944
136,7wTqEW5nrMhvyEhEyTnOMd,The Cut That Always Bleeds,Kid Krow,Conan Gray,2020-03-20,73,231920,0.489,0.59,0.413,0.0,0.0639,0.246,-6.499,0.0314,136.116,0,4,disgusted,0.054945054945054944,0.06593406593406594,0.18681318681318682,0.16483516483516483,0.07692307692307693,0.10989010989010989,0.10989010989010989,0.02197802197802198,0.10989010989010989,0.0989010989010989
137,45ROR8UMn60YEVQnDy0uVF,Juliet,Animal Kingdom,Cavetown,2019-04-12,71,278991,0.546,0.00346,0.586,0.00114,0.0562,0.364,-8.488,0.0313,131.778,6,4,disgusted,0.07017543859649122,0.19298245614035087,0.2631578947368421,0.12280701754385964,0.12280701754385964,0.017543859649122806,0.05263157894736842,0.07017543859649122,0.05263157894736842,0.03508771929824561
138,5GVPVxgdgTKJFxSxLVIw1A,The Story,Kid Krow,Conan Gray,2020-03-20,61,245266,0.542,0.817,0.299,0.0,0.109,0.274,-10.379,0.0305,141.917,0,4,disgusted,0.10810810810810811,0.1891891891891892,0.13513513513513514,0.10810810810810811,0.02702702702702703,0.05405405405405406,0.16216216216216217,0.02702702702702703,0.16216216216216217,0.02702702702702703
139,1zejeOnykpCoyVSit6Bwp3,hope ur ok,SOUR,Olivia Rodrigo,2021-05-21,70,209560,0.443,0.388,0.298,1e-05,0.103,0.172,-12.181,0.0644,77.253,0,4,disgusted,0.15306122448979592,0.04081632653061224,0.09183673469387756,0.04081632653061224,0.030612244897959183,0.09183673469387756,0.20408163265306123,0.04081632653061224,0.15306122448979592,0.15306122448979592
140,0Vwc4ONQtM3dEVcCMnLDHc,By Your Side,By Your Side / Destroy You,Flatsound,2018-04-16,50,199125,0.923,0.717,0.464,0.931,0.1,0.401,-15.416,0.0671,105.734,3,4,disgusted,0.05555555555555555,0.0,0.25,0.16666666666666666,0.0,0.1111111111111111,0.19444444444444445,0.0,0.19444444444444445,0.027777777777777776
141,3yR2neLio3L6Jt6xYP0dVd,Please,Triplbt Theme,jagger finn,2019-08-28,48,176407,0.536,0.00863,0.65,0.85,0.249,0.367,-8.625,0.027,112.985,0,4,disgusted,0.05454545454545454,0.07272727272727272,0.18181818181818182,0.18181818181818182,0.03636363636363636,0.03636363636363636,0.18181818181818182,0.03636363636363636,0.12727272727272726,0.09090909090909091
142,5WtfUKzXircvW8l5aaVZWT,What A Time (feat. Niall Horan),Inner Monologue Part 1,Julia Michaels,2019-01-24,74,173306,0.516,0.662,0.467,0.0,0.0853,0.386,-6.184,0.0302,132.861,0,4,disgusted,0.0,0.0,0.0,0.0,0.0,0.0,0.0,0.0,0.0,0.0
143,4bpyaPa1xruVgE2GtsYbIW,Love You From a Distance,One Eighty,Ashley Kutcher,2021-11-19,61,204000,0.333,0.557,0.538,0.0,0.0977,0.63,-8.653,0.0325,149.377,4,4,disgusted,0.011235955056179775,0.10112359550561797,0.19101123595505617,0.12359550561797752,0.10112359550561797,0.011235955056179775,0.1797752808988764,0.10112359550561797,0.1348314606741573,0.0449438202247191
144,73qMN9bXy7MSPwwGfH3wQr,Sad Beautiful Tragic (Taylor's Version),Red (Taylor's Version),Taylor Swift,2021-11-12,65,284773,0.601,0.622,0.406,9.19e-05,0.133,0.232,-11.827,0.0275,130.059,7,3,disgusted,0.03529411764705882,0.011764705882352941,0.1411764705882353,0.023529411764705882,0.03529411764705882,0.047058823529411764,0.29411764705882354,0.011764705882352941,0.29411764705882354,0.10588235294117647
145,4mWSZ39aJGfEMMLTw3DnBg,All I Want,Mixed Emotions,Lauren Spencer Smith,2020-03-18,58,184853,0.495,0.914,0.246,0.0,0.108,0.228,-9.302,0.0317,75.056,10,3,disgusted,0.10144927536231885,0.014492753623188406,0.014492753623188406,0.014492753623188406,0.028985507246376812,0.057971014492753624,0.3333333333333333,0.028985507246376812,0.3188405797101449,0.08695652173913043
146,13JyQs6AsqGtgJ6ur2bA4u,Always Remember Us This Way,"Unplugged, Vol. 1 (Live)",Lauren Spencer Smith,2019-09-03,2,216297,0.402,0.959,0.231,4.92e-05,0.125,0.29,-7.02,0.0323,130.901,10,4,disgusted,0.07017543859649122,0.10526315789473684,0.15789473684210525,0.08771929824561403,0.07017543859649122,0.07017543859649122,0.17543859649122806,0.017543859649122806,0.14035087719298245,0.10526315789473684
147,4pvb0WLRcMtbPGmtejJJ6y,exile (feat. Bon Iver),folklore,Taylor Swift,2020-07-24,76,285634,0.298,0.778,0.38,5.62e-05,0.11,0.152,-8.426,0.0287,75.602,6,4,disgusted,0.0,0.23214285714285715,0.19642857142857142,0.17857142857142858,0.10714285714285714,0.03571428571428571,0.10714285714285714,0.03571428571428571,0.017857142857142856,0.08928571428571429
148,0PurA4JVJ8YQgSVopY8fn6,tolerate it,evermore,Taylor Swift,2020-12-11,71,245440,0.316,0.878,0.361,2.67e-05,0.0797,0.221,-10.381,0.0488,74.952,9,5,disgusted,0.027777777777777776,0.08333333333333333,0.16666666666666666,0.09259259259259259,0.08333333333333333,0.05555555555555555,0.1574074074074074,0.037037037037037035,0.12037037037037036,0.17592592592592593
149,6lanRgr6wXibZr8KgzXxBl,a thousand years,a thousand years,Christina Perri,2011-10-18,80,285120,0.421,0.309,0.407,0.000961,0.11,0.161,-7.445,0.0267,139.028,10,3,disgusted,0.13636363636363635,0.11363636363636363,0.13636363636363635,0.045454545454545456,0.0,0.022727272727272728,0.25,0.0,0.22727272727272727,0.06818181818181818
150,0BiqmkasE5FdrChwKfVp8X,Bigger Than The Whole Sky,Midnights (3am Edition),Taylor Swift,2022-10-22,65,218502,0.42,0.841,0.22,0.00131,0.114,0.0705,-12.584,0.0472,165.564,6,4,disgusted,0.05,0.075,0.275,0.175,0.1,0.025,0.125,0.05,0.025,0.1
151,3rPVtXLBfJz59U1LgrGHhb,Yours,Superache,Conan Gray,2022-06-24,61,204967,0.523,0.848,0.302,0.0,0.127,0.172,-8.868,0.035,130.47,2,4,disgusted,0.16666666666666666,0.041666666666666664,0.020833333333333332,0.020833333333333332,0.020833333333333332,0.020833333333333332,0.22916666666666666,0.0,0.20833333333333334,0.2708333333333333
152,6MWoRt97mnSTXZhu3ggi9C,hoax,folklore,Taylor Swift,2020-07-24,64,220042,0.662,0.966,0.181,3.86e-06,0.133,0.429,-15.065,0.0415,118.819,8,4,disgusted,0.10344827586206896,0.034482758620689655,0.10344827586206896,0.06896551724137931,0.10344827586206896,0.06896551724137931,0.10344827586206896,0.06896551724137931,0.06896551724137931,0.27586206896551724
153,5enxwA8aAbwZbf5qCHORXi,All Too Well (10 Minute Version) (Taylor's Version) (From The Vault),Red (Taylor's Version),Taylor Swift,2021-11-12,79,613026,0.631,0.274,0.518,0.0,0.088,0.205,-8.771,0.0303,93.023,0,4,disgusted,0.10416666666666667,0.08333333333333333,0.18055555555555555,0.1736111111111111,0.041666666666666664,0.041666666666666664,0.1388888888888889,0.041666666666666664,0.09027777777777778,0.10416666666666667
154,1Fid2jjqsHViMX6xNH70hE,Atlantis,Tell Me It's Real (Expanded Edition),Seafret,2016-01-29,81,229173,0.4,0.0529,0.479,2.14e-06,0.115,0.213,-7.989,0.0308,166.159,8,4,disgusted,0.16417910447761194,0.07462686567164178,0.14925373134328357,0.08955223880597014,0.1044776119402985,0.0,0.208955223880597,0.014925373134328358,0.11940298507462686,0.07462686567164178
155,7asyVbwQE7IbA3x2be7bdI,Fool,Lemon Boy,Cavetown,2018-01-01,59,233785,0.675,0.0635,0.464,0.073,0.0711,0.129,-9.277,0.151,79.55,1,4,disgusted,0.038834951456310676,0.11650485436893204,0.2621359223300971,0.1262135922330097,0.07766990291262135,0.038834951456310676,0.13592233009708737,0.08737864077669903,0.0970873786407767,0.019417475728155338
156,4R2kfaDFhslZEMJqAFNpdd,cardigan,folklore,Taylor Swift,2020-07-24,83,239560,0.613,0.537,0.581,0.000345,0.25,0.551,-8.588,0.0424,130.033,0,4,disgusted,0.0967741935483871,0.0967741935483871,0.14516129032258066,0.016129032258064516,0.08064516129032258,0.04838709677419355,0.22580645161290322,0.04838709677419355,0.16129032258064516,0.08064516129032258
157,4o4f31HSyquyh0ANKJsgnb,That's The Way Love Goes,Faith In The Future (Deluxe),Louis Tomlinson,2022-11-11,0,150666,0.583,0.562,0.358,0.0,0.109,0.323,-6.269,0.0312,120.046,6,4,disgusted,0.015151515151515152,0.06818181818181818,0.06818181818181818,0.022727272727272728,0.007575757575757576,0.007575757575757576,0.38636363636363635,0.0,0.3787878787878788,0.045454545454545456
158,285hMzLhJwHVLe9QT9qilk,Breakeven,The Script,The Script,2008-07-14,78,261426,0.63,0.144,0.696,0.0,0.0835,0.491,-4.501,0.0242,94.034,10,4,disgusted,0.08791208791208792,0.06593406593406594,0.17582417582417584,0.14285714285714285,0.03296703296703297,0.03296703296703297,0.17582417582417584,0.054945054945054944,0.13186813186813187,0.0989010989010989
159,1NrJYpdAi7uosDRPmSYrsG,Apologize,Dreaming Out Loud,OneRepublic,2007-01-01,67,208106,0.593,0.363,0.74,2.22e-05,0.102,0.502,-6.12,0.0339,118.008,8,4,disgusted,0.13580246913580246,0.04938271604938271,0.2716049382716049,0.345679012345679,0.012345679012345678,0.037037037037037035,0.1111111111111111,0.0,0.012345679012345678,0.024691358024691357
160,1x80xTzSL7pok3M5JC3oJz,human,head or heart,Christina Perri,2014-03-27,58,250706,0.439,0.132,0.489,0.000643,0.114,0.253,-6.286,0.0368,143.808,8,4,disgusted,0.15384615384615385,0.07692307692307693,0.15384615384615385,0.0,0.0,0.15384615384615385,0.23076923076923078,0.0,0.15384615384615385,0.07692307692307693
161,6Vi6gx8IMRXORPx8fPd2YJ,Realize,Coco,Colbie Caillat,2007-01-01,52,244106,0.695,0.117,0.599,0.0,0.118,0.187,-6.394,0.0317,123.949,1,4,disgusted,0.08333333333333333,0.08333333333333333,0.16666666666666666,0.16666666666666666,0.08333333333333333,0.08333333333333333,0.08333333333333333,0.08333333333333333,0.08333333333333333,0.08333333333333333
162,2TOzTqQXNmR2zDJXihjZ2e,enough for you,SOUR,Olivia Rodrigo,2021-05-21,75,202826,0.638,0.753,0.259,0.0,0.219,0.269,-10.706,0.0898,88.485,7,4,disgusted,0.1232876712328767,0.0410958904109589,0.1095890410958904,0.0684931506849315,0.0136986301369863,0.0684931506849315,0.2465753424657534,0.0136986301369863,0.2054794520547945,0.1095890410958904
163,1ZMiCix7XSAbfAJlEZWMCp,Falling,Fine Line,Harry Styles,2019-12-13,79,240133,0.567,0.839,0.267,1.46e-06,0.089,0.0592,-6.502,0.0299,110.011,4,4,disgusted,0.016666666666666666,0.15,0.26666666666666666,0.18333333333333332,0.08333333333333333,0.0,0.06666666666666667,0.06666666666666667,0.03333333333333333,0.13333333333333333
164,4wcBRRpIfesgcyUtis7PEg,"1 step forward, 3 steps back",SOUR,Olivia Rodrigo,2021-05-21,77,163586,0.473,0.941,0.203,0.0,0.126,0.419,-12.627,0.102,168.884,2,4,disgusted,0.03571428571428571,0.07142857142857142,0.19047619047619047,0.10714285714285714,0.07142857142857142,0.023809523809523808,0.20238095238095238,0.13095238095238096,0.11904761904761904,0.047619047619047616
165,5CRVwXGikmqzoRO6q7FeAg,If I Could Fly,Made In The A.M. (Deluxe Edition),One Direction,2015-11-13,68,230320,0.565,0.781,0.245,0.0,0.0998,0.307,-9.132,0.0262,75.055,5,4,disgusted,0.14634146341463414,0.14634146341463414,0.18292682926829268,0.12195121951219512,0.04878048780487805,0.036585365853658534,0.10975609756097561,0.06097560975609756,0.06097560975609756,0.08536585365853659
166,12OLyHDxt6dqlAybSPFBK3,Forever,Divinely Uninspired To A Hellish Extent,Lewis Capaldi,2019-05-17,70,210863,0.646,0.873,0.355,0.0,0.115,0.364,-7.119,0.0263,84.988,1,4,disgusted,0.057692307692307696,0.04807692307692308,0.04807692307692308,0.0673076923076923,0.019230769230769232,0.17307692307692307,0.20192307692307693,0.0,0.20192307692307693,0.18269230769230768
167,0sY6ZUTh4yoctD8VIXz339,champagne problems,evermore,Taylor Swift,2020-12-11,76,244000,0.462,0.92,0.24,0.0,0.113,0.32,-12.077,0.0377,171.319,0,4,disgusted,0.125,0.07142857142857142,0.10714285714285714,0.08928571428571429,0.03571428571428571,0.05357142857142857,0.2857142857142857,0.017857142857142856,0.10714285714285714,0.10714285714285714
168,4nyF5lmSziBAt7ESAUjpbx,"I miss you, I’m sorry",minor,Gracie Abrams,2020-07-14,83,167538,0.445,0.731,0.455,1.47e-06,0.124,0.151,-6.405,0.0575,109.885,7,5,disgusted,0.0625,0.1875,0.2125,0.2125,0.05,0.025,0.075,0.0625,0.075,0.0375
169,21dpBHPTV7ythCHBI6Slcw,If By Chance,Safe Haven,Ruth B.,2017-05-05,61,303653,0.405,0.881,0.279,0.0,0.0933,0.256,-8.099,0.0334,119.85,10,4,disgusted,0.07317073170731707,0.0,0.1951219512195122,0.024390243902439025,0.12195121951219512,0.14634146341463414,0.0975609756097561,0.12195121951219512,0.07317073170731707,0.14634146341463414
170,4Yxc55NX3tAXC2mHRAhtcW,"All I Want - From ""High School Musical: The Musical: The Series""","All I Want (From ""High School Musical: The Musical: The Series"")",Olivia Rodrigo,2019-11-27,76,177322,0.376,0.0902,0.43,0.0,0.0912,0.129,-6.585,0.0328,77.599,0,3,disgusted,0.0,0.0,0.0,0.0,0.0,0.0,0.0,0.0,0.0,0.0
171,4Zwt0IkpzDOW2u0YfV94TK,Still,Heartbreak Weather,Niall Horan,2020-03-13,60,251883,0.417,0.123,0.45,0.0,0.113,0.288,-6.198,0.0266,98.002,3,4,disgusted,0.09090909090909091,0.048484848484848485,0.12121212121212122,0.048484848484848485,0.07878787878787878,0.03636363636363636,0.20606060606060606,0.09090909090909091,0.13333333333333333,0.14545454545454545
172,2NmsngXHeC1GQ9wWrzhOMf,illicit affairs,folklore,Taylor Swift,2020-07-24,75,190898,0.559,0.881,0.31,0.0,0.106,0.46,-10.445,0.0338,119.845,10,4,disgusted,0.05555555555555555,0.08333333333333333,0.25,0.125,0.1527777777777778,0.05555555555555555,0.05555555555555555,0.1527777777777778,0.041666666666666664,0.027777777777777776
173,18UsAG7SfOQ5sxJEdjAMH0,Be My Mistake,A Brief Inquiry Into Online Relationships,The 1975,2018-11-30,64,256687,0.576,0.834,0.155,0.000137,0.0906,0.0946,-14.405,0.0341,109.843,6,3,disgusted,0.1,0.0,0.3333333333333333,0.16666666666666666,0.03333333333333333,0.0,0.1,0.03333333333333333,0.1,0.13333333333333333
174,0L5gFNrzHyh4OhMwEz6DGS,Fool's Gold,FOUR (Deluxe),One Direction,2014-11-17,69,210893,0.515,0.23,0.773,1.29e-06,0.0938,0.379,-4.848,0.0479,128.001,6,4,disgusted,0.05084745762711865,0.01694915254237288,0.3050847457627119,0.1694915254237288,0.01694915254237288,0.0,0.22033898305084745,0.1016949152542373,0.06779661016949153,0.05084745762711865
175,58qX77t2VWMWcycsh9zKLc,i don't want to watch the world end with someone else,i don't want to watch the world end with someone else,Clinton Kane,2020-05-08,60,184505,0.535,0.771,0.359,0.0,0.111,0.488,-9.343,0.0607,154.163,2,4,disgusted,0.0,0.0,0.0,0.0,0.0,0.0,0.0,0.0,0.0,0.0
176,5vlQCLaiz7X5gno3XY3Cy2,Home,The Sad Vegan,Catie Turner,2019-06-14,44,207836,0.361,0.927,0.177,0.0,0.0911,0.32,-12.023,0.0346,113.36,11,4,disgusted,0.0967741935483871,0.0967741935483871,0.1935483870967742,0.14516129032258066,0.03225806451612903,0.03225806451612903,0.14516129032258066,0.03225806451612903,0.12903225806451613,0.0967741935483871
177,7FKkswFflI5Txc3Y4gH0IB,see you later (ten years),see you later (ten years),Jenna Raine,2021-09-24,62,188160,0.576,0.257,0.467,0.0,0.13,0.234,-6.435,0.0305,86.011,1,4,disgusted,0.021739130434782608,0.043478260869565216,0.21739130434782608,0.13043478260869565,0.0,0.021739130434782608,0.10869565217391304,0.0,0.043478260869565216,0.41304347826086957
178,73YUReisjb3A9ActdLLjJQ,happiness,evermore,Taylor Swift,2020-12-11,63,315146,0.559,0.87,0.334,0.0,0.114,0.211,-10.733,0.0376,122.079,11,4,disgusted,0.0,0.0,0.0,0.0,0.0,0.0,0.0,0.0,0.0,0.0
179,1n3b9Eekoy3S9ZSZ5DmTW1,All Too Well (Sad Girl Autumn Version) - Recorded at Long Pond Studios,All Too Well (Sad Girl Autumn Version) - Recorded at Long Pond Studios,Taylor Swift,2021-11-18,60,598150,0.585,0.838,0.286,0.0,0.115,0.189,-10.123,0.0312,93.009,0,4,disgusted,0.11188811188811189,0.08391608391608392,0.17482517482517482,0.16783216783216784,0.04195804195804196,0.04195804195804196,0.13986013986013987,0.04195804195804196,0.09090909090909091,0.1048951048951049
180,0j1Ia2lQWrcXrQZI4AdJlk,IDK You Yet,IDK You Yet (Live on Piano),Alexander 23,2020-06-23,70,184638,0.648,0.886,0.308,0.0774,0.124,0.198,-11.729,0.04,76.997,1,1,disgusted,0.06666666666666667,0.06666666666666667,0.06666666666666667,0.16666666666666666,0.0,0.13333333333333333,0.2,0.0,0.16666666666666666,0.13333333333333333
181,0tMSssfxAL2oV8Vri0mFHE,listen before i go,"WHEN WE ALL FALL ASLEEP, WHERE DO WE GO?",Billie Eilish,2019-03-29,73,242652,0.319,0.935,0.0561,0.00384,0.388,0.082,-23.023,0.045,79.764,0,3,disgusted,0.07894736842105263,0.10526315789473684,0.18421052631578946,0.18421052631578946,0.02631578947368421,0.05263157894736842,0.15789473684210525,0.0,0.15789473684210525,0.05263157894736842
182,6CcJMwBtXByIz4zQLzFkKc,i love you,"WHEN WE ALL FALL ASLEEP, WHERE DO WE GO?",Billie Eilish,2019-03-29,79,291796,0.421,0.952,0.131,0.00453,0.109,0.12,-18.435,0.0382,137.446,0,4,disgusted,0.05263157894736842,0.08771929824561403,0.12280701754385964,0.12280701754385964,0.05263157894736842,0.07017543859649122,0.21052631578947367,0.05263157894736842,0.19298245614035087,0.03508771929824561
183,0aIW3ekrhK1eh3BYCh11op,Falling Apart,Hold the Rhythm,Michael Schulte,2017-04-28,70,198573,0.543,0.824,0.333,3.87e-06,0.168,0.261,-9.355,0.0272,109.789,7,4,disgusted,0.0,0.02127659574468085,0.425531914893617,0.44680851063829785,0.0,0.0,0.06382978723404255,0.0,0.02127659574468085,0.02127659574468085
184,2VFetGqLYq0Pc8ZtRYCaeL,In The Kitchen,Everything To Everyone,Reneé Rapp,2022-11-11,64,227749,0.546,0.841,0.287,0.0,0.254,0.141,-6.613,0.0359,84.613,0,1,disgusted,0.09523809523809523,0.07936507936507936,0.12698412698412698,0.12698412698412698,0.031746031746031744,0.031746031746031744,0.2857142857142857,0.031746031746031744,0.14285714285714285,0.047619047619047616
185,6ErCfbbI9BG4bK2djjKUvP,i wish you cheated,i wish you cheated,Alexander Stewart,2023-08-09,59,190626,0.351,0.21,0.487,0.0,0.186,0.475,-7.303,0.0589,77.141,11,3,disgusted,0.03488372093023256,0.13953488372093023,0.3488372093023256,0.08139534883720931,0.10465116279069768,0.0,0.11627906976744186,0.11627906976744186,0.011627906976744186,0.046511627906976744
186,2vEDOWuYM6r2LO9HXI47F1,Unsaid Emily (feat. Charlie Gillespie),Julie and the Phantoms: Season 1 (From the Netflix Original Series),Julie and the Phantoms Cast,2020-09-10,61,230240,0.515,0.256,0.53,0.0,0.089,0.312,-6.974,0.0294,83.056,4,3,disgusted,0.0,0.09259259259259259,0.2962962962962963,0.12962962962962962,0.12962962962962962,0.09259259259259259,0.07407407407407407,0.0,0.07407407407407407,0.1111111111111111
187,3rJDsZjIaCfJQSqRUvl0BM,Funeral,Stranger in the Alps,Phoebe Bridgers,2017-09-22,66,232373,0.218,0.947,0.263,0.00028,0.0919,0.307,-14.416,0.0376,170.724,11,4,disgusted,0.1111111111111111,0.0,0.2222222222222222,0.3333333333333333,0.0,0.0,0.0,0.0,0.0,0.3333333333333333
188,6GfTYfb5eBLN1p1ByOsPmi,"Wondering - From ""High School Musical: The Musical: The Series""","Wondering (From ""High School Musical: The Musical: The Series"")",Olivia Rodrigo,2019-11-12,58,225381,0.469,0.808,0.444,0.0,0.0932,0.221,-7.064,0.0396,129.385,6,4,disgusted,0.0,0.0,0.0,0.0,0.0,0.0,0.0,0.0,0.0,0.0
189,2IVsRhKrx8hlQBOWy4qebo,Mr. Loverman,Montgomery Ricky,Ricky Montgomery,2016-04-08,80,216880,0.639,0.245,0.526,2.43e-05,0.25,0.488,-6.697,0.0256,130.033,0,3,disgusted,0.11235955056179775,0.10674157303370786,0.08426966292134831,0.028089887640449437,0.033707865168539325,0.10674157303370786,0.20786516853932585,0.0,0.15168539325842698,0.16853932584269662
190,1IF5UcqRO42D12vYwceOY6,From the Dining Table,Harry Styles,Harry Styles,2017-05-12,69,211960,0.671,0.804,0.156,0.0518,0.113,0.201,-16.288,0.0371,94.08,8,4,disgusted,0.1,0.0,0.4,0.1,0.0,0.1,0.2,0.0,0.1,0.0
191,6Kkt27YmFyIFrcX3QXFi2o,Liability,Melodrama,Lorde,2017-06-16,68,171727,0.587,0.92,0.229,0.0,0.1,0.379,-11.254,0.128,75.67,10,4,disgusted,0.09302325581395349,0.11627906976744186,0.13953488372093023,0.09302325581395349,0.046511627906976744,0.10465116279069768,0.16279069767441862,0.011627906976744186,0.12790697674418605,0.10465116279069768
192,5ajjAnNRh8bxFvaVHzpPjh,Reckless,Reckless,Madison Beer,2021-06-04,71,203384,0.386,0.807,0.426,0.0,0.14,0.261,-6.642,0.0363,180.104,3,3,disgusted,0.07228915662650602,0.1566265060240964,0.18072289156626506,0.12048192771084337,0.12048192771084337,0.04819277108433735,0.0963855421686747,0.03614457831325301,0.07228915662650602,0.0963855421686747
193,77MdvMx9L4ZQuLhhn3o21h,If the World Was Ending (feat. Julia Michaels),Dangerous Levels of Introspection,JP Saxe,2021-06-25,73,209493,0.429,0.866,0.486,0.0,0.0982,0.661,-9.971,0.101,146.99,1,4,disgusted,0.017543859649122806,0.12280701754385964,0.24561403508771928,0.15789473684210525,0.12280701754385964,0.05263157894736842,0.15789473684210525,0.05263157894736842,0.05263157894736842,0.017543859649122806
194,2gMXnyrvIjhVBUZwvLZDMP,Before You Go,Divinely Uninspired To A Hellish Extent (Extended Edition),Lewis Capaldi,2019-11-22,81,215106,0.459,0.608,0.574,0.0,0.0885,0.183,-4.857,0.0577,111.881,3,4,disgusted,0.028169014084507043,0.11267605633802817,0.2535211267605634,0.16901408450704225,0.2112676056338028,0.014084507042253521,0.028169014084507043,0.08450704225352113,0.028169014084507043,0.07042253521126761
195,7qEHsqek33rTcFNT9PFqLf,Someone You Loved,Divinely Uninspired To A Hellish Extent,Lewis Capaldi,2019-05-17,86,182160,0.501,0.751,0.405,0.0,0.105,0.446,-5.679,0.0319,109.891,1,4,disgusted,0.18867924528301888,0.18867924528301888,0.11320754716981132,0.05660377358490566,0.05660377358490566,0.03773584905660377,0.20754716981132076,0.0,0.09433962264150944,0.05660377358490566
196,60iSKGrGazRzICtMjADNSM,Hold Me While You Wait,Divinely Uninspired To A Hellish Extent,Lewis Capaldi,2019-05-17,75,205686,0.688,0.443,0.53,0.0,0.0995,0.162,-5.507,0.0333,106.958,11,4,disgusted,0.045454545454545456,0.007575757575757576,0.20454545454545456,0.030303030303030304,0.007575757575757576,0.030303030303030304,0.22727272727272727,0.015151515151515152,0.2196969696969697,0.21212121212121213
197,4Of7rzpRpV1mWRbhp5rAqG,Bruises,Divinely Uninspired To A Hellish Extent,Lewis Capaldi,2019-05-17,78,220492,0.736,0.946,0.308,0.0,0.186,0.361,-7.83,0.0677,111.202,4,4,disgusted,0.10588235294117647,0.023529411764705882,0.21176470588235294,0.12941176470588237,0.023529411764705882,0.058823529411764705,0.18823529411764706,0.08235294117647059,0.12941176470588237,0.047058823529411764
198,5UXJzLFdBn6u9FJTCnoHrH,Memories,Superache,Conan Gray,2022-06-24,77,248818,0.34,0.00979,0.684,0.0,0.348,0.556,-6.306,0.044,112.969,11,4,disgusted,0.05128205128205128,0.07692307692307693,0.15384615384615385,0.1794871794871795,0.05128205128205128,0.0,0.1794871794871795,0.05128205128205128,0.1794871794871795,0.07692307692307693
199,7qEUFOVcxRI19tbT68JcYK,Everything Has Changed (feat. Ed Sheeran) (Taylor’s Version),Red (Taylor's Version),Taylor Swift,2021-11-12,69,245426,0.498,0.271,0.61,0.0,0.223,0.474,-5.098,0.0363,79.918,6,4,disgusted,0.07792207792207792,0.15584415584415584,0.18181818181818182,0.16883116883116883,0.012987012987012988,0.05194805194805195,0.11688311688311688,0.025974025974025976,0.1038961038961039,0.1038961038961039
200,2wkIdVB8HsWyMur3Q4shlZ,wish i loved you in the 90s,TOO YOUNG TO BE SAD,Tate McRae,2021-03-26,57,176853,0.435,0.871,0.481,0.0,0.136,0.38,-8.787,0.0327,77.398,1,4,disgusted,0.1111111111111111,0.09722222222222222,0.25,0.1388888888888889,0.08333333333333333,0.0,0.1527777777777778,0.013888888888888888,0.08333333333333333,0.06944444444444445
201,2OR29bTCjzyPuPuHiB0fJC,Did You Ever Hurt for Me?,"Do You Love Me, or Are You Just Lonely?",Jess Benko,2019-07-19,38,341819,0.614,0.957,0.0595,5.58e-06,0.105,0.146,-16.254,0.107,75.339,0,4,disgusted,0.08139534883720931,0.10465116279069768,0.19767441860465115,0.18604651162790697,0.06976744186046512,0.10465116279069768,0.09302325581395349,0.0,0.09302325581395349,0.06976744186046512
202,3AY6H68WNMDzWw9JhPW4Jv,"Fool's Gold - Recorded At RAK Studios, London",Spotify Singles,Niall Horan,2017-12-13,54,204294,0.575,0.938,0.185,0.0,0.107,0.594,-11.988,0.0337,128.074,6,4,disgusted,0.05084745762711865,0.01694915254237288,0.3050847457627119,0.1694915254237288,0.01694915254237288,0.0,0.22033898305084745,0.1016949152542373,0.06779661016949153,0.05084745762711865
203,0Za2Usmt0E0IwbPwmZtoQY,Didn't Mean to Hurt You,"Do You Love Me, or Are You Just Lonely?",Jess Benko,2019-07-19,30,215502,0.569,0.948,0.0509,0.000701,0.116,0.0773,-18.799,0.0576,120.468,0,4,disgusted,0.14583333333333334,0.020833333333333332,0.041666666666666664,0.020833333333333332,0.020833333333333332,0.0,0.22916666666666666,0.0,0.22916666666666666,0.2916666666666667
204,59KOoHFcw5XfICnO57holu,Last Kiss (Taylor's Version),Speak Now (Taylor's Version),Taylor Swift,2023-07-07,67,369120,0.557,0.443,0.362,3.57e-06,0.1,0.187,-8.641,0.0263,79.573,10,3,disgusted,0.078125,0.0625,0.0625,0.015625,0.046875,0.125,0.1875,0.015625,0.171875,0.234375
205,79uDOz0zuuWS7HWxzMmTa2,Back To December (Taylor's Version),Speak Now (Taylor's Version),Taylor Swift,2023-07-07,71,294189,0.486,0.00705,0.635,0.0,0.119,0.235,-3.994,0.0278,141.868,2,4,disgusted,0.1111111111111111,0.07407407407407407,0.07407407407407407,0.04938271604938271,0.012345679012345678,0.06172839506172839,0.2222222222222222,0.0,0.18518518518518517,0.20987654320987653
206,2qLyo5FeWquE7HBUbcVnEy,emails i can’t send,emails i can't send,Sabrina Carpenter,2022-07-15,70,104408,0.515,0.757,0.387,0.0,0.622,0.408,-10.614,0.192,86.313,7,3,disgusted,0.14634146341463414,0.07317073170731707,0.17073170731707318,0.04878048780487805,0.0975609756097561,0.0,0.12195121951219512,0.0975609756097561,0.12195121951219512,0.12195121951219512
207,32FhTAAjKZaBein150o3Px,because i liked a boy,emails i can't send,Sabrina Carpenter,2022-07-15,80,196458,0.386,0.363,0.592,0.0,0.117,0.161,-7.299,0.374,146.879,11,4,disgusted,0.0392156862745098,0.058823529411764705,0.22549019607843138,0.08823529411764706,0.10784313725490197,0.11764705882352941,0.12745098039215685,0.13725490196078433,0.0392156862745098,0.058823529411764705
208,6FH6fmlh9DbvssuEQyQEVd,Movies,Superache,Conan Gray,2022-06-24,59,214100,0.349,0.105,0.545,0.0,0.153,0.209,-6.073,0.0352,104.477,11,4,disgusted,0.0,0.08,0.4,0.28,0.08,0.0,0.08,0.0,0.08,0.0
209,55Am8neGJkdj2ADaM3aw5H,Train Wreck,Back from the Edge,James Arthur,2016-10-28,76,208826,0.311,0.701,0.485,0.0,0.0726,0.225,-5.726,0.0365,77.355,6,4,disgusted,0.04678362573099415,0.14035087719298245,0.15789473684210525,0.13450292397660818,0.08771929824561403,0.08771929824561403,0.1871345029239766,0.04678362573099415,0.04678362573099415,0.06432748538011696
210,3Nl5OkkmS5DaBZvuYofpAt,the grudge,GUTS,Olivia Rodrigo,2023-09-08,74,189386,0.511,0.905,0.313,0.0,0.0832,0.331,-9.32,0.0846,126.962,10,4,disgusted,0.07526881720430108,0.11827956989247312,0.20430107526881722,0.17204301075268819,0.12903225806451613,0.03225806451612903,0.11827956989247312,0.053763440860215055,0.021505376344086023,0.07526881720430108
211,53dtP2iUMvaF28JZcHnFuU,logical,GUTS,Olivia Rodrigo,2023-09-08,70,231907,0.48,0.844,0.24,0.0,0.099,0.152,-8.146,0.0323,80.686,7,4,disgusted,0.10909090909090909,0.05454545454545454,0.10909090909090909,0.01818181818181818,0.03636363636363636,0.10909090909090909,0.2909090909090909,0.03636363636363636,0.14545454545454545,0.09090909090909091
212,4K3gM7kzX4POAfrs71HomN,Lookalike,Sunset Season,Conan Gray,2018-11-16,62,220866,0.434,0.766,0.302,7.63e-06,0.149,0.173,-10.117,0.0378,121.645,10,4,disgusted,0.08823529411764706,0.08823529411764706,0.11764705882352941,0.10294117647058823,0.10294117647058823,0.08823529411764706,0.14705882352941177,0.058823529411764705,0.1323529411764706,0.07352941176470588
213,3qxzozdGFaBxQ0X4HkrMr0,"The Rose Song - From ""High School Musical: The Musical: The Series (Season 2)""","The Rose Song [From ""High School Musical: The Musical: The Series (Season 2)""]",Olivia Rodrigo,2021-06-18,57,174380,0.437,0.784,0.372,0.0,0.107,0.439,-9.0,0.0373,141.786,5,4,disgusted,0.0,0.0,0.0,0.0,0.0,0.0,0.0,0.0,0.0,0.0
214,4i7mcbkECX4kqRvfjbBGQz,not my job anymore,not my job anymore,Thomas Day,2022-07-15,49,188074,0.534,0.525,0.441,0.0,0.258,0.113,-7.071,0.0362,140.137,11,4,disgusted,0.12121212121212122,0.12121212121212122,0.12121212121212122,0.15151515151515152,0.09090909090909091,0.0,0.21212121212121213,0.06060606060606061,0.12121212121212122,0.0
215,05EL9Ml4T3MQ2ICIONhbEF,seeing you with other girls,seeing you with other girls,Natalie Jane,2023-03-17,30,177171,0.636,0.652,0.422,0.0,0.199,0.129,-7.446,0.0427,131.974,9,4,disgusted,0.07692307692307693,0.11538461538461539,0.19230769230769232,0.15384615384615385,0.11538461538461539,0.11538461538461539,0.07692307692307693,0.0,0.038461538461538464,0.11538461538461539
216,2PKKGrBkNB8bV8Vv4hwB2j,would you love me now?,would you love me now?,Joshua Bassett,2022-10-06,45,205646,0.533,0.855,0.365,0.0,0.228,0.319,-7.165,0.0352,126.953,0,4,disgusted,0.06493506493506493,0.05194805194805195,0.07792207792207792,0.05194805194805195,0.012987012987012988,0.07792207792207792,0.2987012987012987,0.012987012987012988,0.2987012987012987,0.05194805194805195
217,1Ip2m42GTwiaG20hW7dtuZ,Don't Tell My Mom,Everything To Everyone,Reneé Rapp,2022-11-11,52,189287,0.425,0.669,0.339,8.76e-06,0.116,0.289,-9.277,0.137,185.026,9,4,disgusted,0.0,0.12790697674418605,0.23255813953488372,0.22093023255813954,0.08139534883720931,0.011627906976744186,0.12790697674418605,0.03488372093023256,0.046511627906976744,0.11627906976744186
218,4Zwt0IkpzDOW2u0YfV94TK,Still,Heartbreak Weather,Niall Horan,2020-03-13,60,251883,0.417,0.123,0.45,0.0,0.113,0.288,-6.198,0.0266,98.002,3,4,disgusted,0.09090909090909091,0.048484848484848485,0.12121212121212122,0.048484848484848485,0.07878787878787878,0.03636363636363636,0.20606060606060606,0.09090909090909091,0.13333333333333333,0.14545454545454545
219,6LPi5m37Sv2N7N3ZdzH51T,Two people,Good Riddance (Deluxe),Gracie Abrams,2023-06-16,55,253066,0.532,0.872,0.239,0.000822,0.102,0.0734,-12.758,0.036,143.421,0,3,disgusted,0.20689655172413793,0.0,0.0,0.1896551724137931,0.0,0.017241379310344827,0.3275862068965517,0.0,0.22413793103448276,0.034482758620689655
220,5IyuGEmlFsnp1TN1M9OSd8,Mean It,Mean It,Gracie Abrams,2019-10-24,58,171138,0.562,0.846,0.304,1.34e-06,0.1,0.128,-9.504,0.0595,123.078,9,1,disgusted,0.06060606060606061,0.030303030303030304,0.1919191919191919,0.12121212121212122,0.010101010101010102,0.1414141414141414,0.1717171717171717,0.030303030303030304,0.13131313131313133,0.1111111111111111
221,0Uon5NsSAkBDx69XYOaQ5P,Stay,Stay,Gracie Abrams,2019-11-21,69,177152,0.618,0.883,0.37,0.0,0.123,0.433,-10.5,0.0543,114.26,10,4,disgusted,0.12903225806451613,0.016129032258064516,0.016129032258064516,0.04838709677419355,0.0,0.08064516129032258,0.3225806451612903,0.0,0.16129032258064516,0.22580645161290322
222,5meVa5klVlJalupZTvv5XX,21,minor,Gracie Abrams,2020-07-14,71,185172,0.755,0.514,0.671,0.0,0.109,0.409,-6.331,0.0872,125.056,2,4,disgusted,0.0949367088607595,0.05063291139240506,0.0949367088607595,0.0759493670886076,0.0379746835443038,0.06329113924050633,0.25949367088607594,0.03164556962025317,0.24050632911392406,0.05063291139240506
223,3wIRxCIGmdxld4ZC6yShZ9,Long Sleeves,minor,Gracie Abrams,2020-07-14,60,218440,0.45,0.815,0.25,5.94e-05,0.108,0.112,-9.155,0.0353,114.011,10,4,disgusted,0.022727272727272728,0.022727272727272728,0.045454545454545456,0.011363636363636364,0.022727272727272728,0.022727272727272728,0.045454545454545456,0.011363636363636364,0.045454545454545456,0.75
224,6GH4tLwGW6HliKbZBdt6hD,Unlearn (with Gracie Abrams),Unlearn (with Gracie Abrams),benny blanco,2021-03-24,55,155361,0.429,0.897,0.214,0.0,0.105,0.189,-12.261,0.242,77.849,1,4,disgusted,0.04819277108433735,0.10843373493975904,0.18072289156626506,0.12048192771084337,0.07228915662650602,0.04819277108433735,0.18072289156626506,0.04819277108433735,0.10843373493975904,0.08433734939759036
225,3B0NXWp7tcIV49IjqDrlN0,Unlearn (with Gracie Abrams) - Acoustic,Unlearn (with Gracie Abrams) [Main + Acoustic],benny blanco,2021-03-24,45,157483,0.588,0.947,0.231,2.65e-06,0.106,0.292,-11.805,0.276,77.468,10,4,disgusted,0.05813953488372093,0.10465116279069768,0.1744186046511628,0.11627906976744186,0.06976744186046512,0.046511627906976744,0.18604651162790697,0.046511627906976744,0.11627906976744186,0.08139534883720931
226,35IcAVSMsU9qzHfpPbvC8A,Feels Like,This Is What It Feels Like,Gracie Abrams,2021-11-12,73,152317,0.617,0.702,0.483,0.000216,0.121,0.176,-7.359,0.0458,144.99,11,4,disgusted,0.11764705882352941,0.2647058823529412,0.08823529411764706,0.08823529411764706,0.0,0.11764705882352941,0.08823529411764706,0.0,0.08823529411764706,0.14705882352941177
227,1uZ2ztIesiuUUHu31sAoFW,Older,This Is What It Feels Like,Gracie Abrams,2021-11-12,54,187102,0.568,0.917,0.0575,0.0,0.0987,0.281,-14.428,0.0447,128.305,4,3,disgusted,0.10144927536231885,0.057971014492753624,0.07246376811594203,0.2028985507246377,0.0,0.10144927536231885,0.17391304347826086,0.057971014492753624,0.13043478260869565,0.10144927536231885
228,304UU8a3Zv0n06JGOUuJh0,I know it won't work - Live,I know it won't work (Live),Gracie Abrams,2023-02-23,51,226346,0.536,0.715,0.508,0.000352,0.958,0.291,-14.953,0.0809,119.965,5,4,disgusted,0.05263157894736842,0.14473684210526316,0.17105263157894737,0.14473684210526316,0.10526315789473684,0.039473684210526314,0.10526315789473684,0.09210526315789473,0.06578947368421052,0.07894736842105263
229,1KrC1a04RkYrJB02M35hET,Amelie,Amelie,Gracie Abrams,2023-02-10,0,259592,0.511,0.888,0.253,0.000131,0.105,0.361,-12.471,0.0339,121.713,2,4,disgusted,0.0,0.0,0.0,0.0,0.0,0.0,0.0,0.0,0.0,0.0
230,5FGDtm3MXJe8LikBkOJnOQ,I know it won't work,Good Riddance,Gracie Abrams,2023-02-24,0,245629,0.654,0.536,0.584,3.37e-05,0.136,0.468,-8.95,0.0557,119.896,5,4,disgusted,0.05263157894736842,0.14473684210526316,0.17105263157894737,0.14473684210526316,0.10526315789473684,0.039473684210526314,0.10526315789473684,0.09210526315789473,0.06578947368421052,0.07894736842105263
231,7pEGM6phhCcPXx0muMqFWW,Angry Too,Angry Too,Lola Blanc,2019-04-30,0,204088,0.551,0.0624,0.742,0.000221,0.0673,0.614,-5.216,0.0724,160.081,8,4,disgusted,0.04032258064516129,0.12903225806451613,0.23387096774193547,0.12096774193548387,0.14516129032258066,0.03225806451612903,0.04838709677419355,0.12903225806451613,0.03225806451612903,0.08870967741935484
232,5gWtkdgdyt5bZt9i6n3Kqd,Mad Hatter,Cry Baby (Deluxe Edition),Melanie Martinez,2015-08-14,70,201520,0.568,0.0161,0.692,0.0,0.148,0.577,-4.513,0.0589,92.023,8,4,disgusted,0.1,0.15454545454545454,0.18181818181818182,0.14545454545454545,0.13636363636363635,0.0,0.11818181818181818,0.05454545454545454,0.09090909090909091,0.01818181818181818
233,4gmmRb6bZJffOOiww1JGTO,No Heart,Savage Mode,21 Savage,2016-07-15,68,235040,0.906,0.136,0.444,6.44e-05,0.173,0.678,-8.692,0.384,140.063,4,4,disgusted,0.05113636363636364,0.17613636363636365,0.24431818181818182,0.0625,0.1590909090909091,0.03977272727272727,0.11363636363636363,0.0625,0.045454545454545456,0.045454545454545456
234,7lQ8MOhq6IN2w8EYcFNSUk,Without Me,The Eminem Show,Eminem,2002-05-26,86,290320,0.908,0.00286,0.669,0.0,0.237,0.662,-2.827,0.0738,112.238,7,4,disgusted,0.0,0.0,0.0,0.0,0.0,0.0,0.0,0.0,0.0,0.0
235,7KXjTSCq5nL1LoYtL7XAwS,HUMBLE.,DAMN.,Kendrick Lamar,2017-04-14,83,177000,0.908,0.000282,0.621,5.39e-05,0.0958,0.421,-6.638,0.102,150.011,1,4,disgusted,0.023728813559322035,0.13220338983050847,0.2305084745762712,0.2,0.12203389830508475,0.013559322033898305,0.0847457627118644,0.17288135593220338,0.010169491525423728,0.010169491525423728
236,266Vb7ItE3o1q8HdJ9QOvn,Verbatim,Touch Up,Mother Mother,2007-05-08,4,168320,0.827,0.309,0.58,0.0,0.148,0.492,-6.809,0.327,78.011,7,4,disgusted,0.08928571428571429,0.08928571428571429,0.21428571428571427,0.14285714285714285,0.08928571428571429,0.03571428571428571,0.17857142857142858,0.05357142857142857,0.10714285714285714,0.0
237,1TMWcbxL5YF8rKsFHv5hAP,Rules,Hot Pink,Doja Cat,2019-11-07,71,187040,0.651,0.172,0.724,0.0,0.13,0.686,-5.457,0.166,144.146,7,4,disgusted,0.06280193236714976,0.09178743961352658,0.15458937198067632,0.057971014492753624,0.15458937198067632,0.05314009661835749,0.0966183574879227,0.10144927536231885,0.07729468599033816,0.1497584541062802
238,4TQcARE7Fd58akNhr3N7AE,Twisted,Loner,MISSIO,2017-05-19,62,222706,0.577,0.00532,0.789,0.0105,0.214,0.149,-4.661,0.0427,97.52,2,3,disgusted,0.0,0.0,0.0,0.0,0.0,0.0,0.0,0.0,0.0,0.0
239,16w8ZGVSjI4TlTLV8VimBY,Castle,BADLANDS (Deluxe),Halsey,2015-08-28,63,277623,0.627,0.252,0.572,0.0,0.0946,0.163,-7.461,0.0328,129.965,7,4,disgusted,0.16666666666666666,0.03333333333333333,0.11666666666666667,0.05,0.0,0.05,0.2833333333333333,0.0,0.1,0.2
240,0zMAvsQmaQ4DGsmXtKixpn,Burning Pile,O My Heart,Mother Mother,2008-09-23,5,262173,0.516,0.0633,0.755,0.00103,0.107,0.165,-3.724,0.0383,140.099,5,4,disgusted,0.13793103448275862,0.15517241379310345,0.05172413793103448,0.034482758620689655,0.034482758620689655,0.15517241379310345,0.1724137931034483,0.034482758620689655,0.10344827586206896,0.1206896551724138
241,25z6kpmIwkCUqk2IORrJ5v,Rät,Public Void,Penelope Scott,2020-09-25,0,194165,0.591,0.312,0.45,0.000116,0.147,0.304,-13.291,0.26,144.201,5,4,disgusted,0.1518987341772152,0.06962025316455696,0.14556962025316456,0.08227848101265822,0.0759493670886076,0.0189873417721519,0.21518987341772153,0.0189873417721519,0.12658227848101267,0.0949367088607595
242,68rVGSTnCiFOET9k5Vd8Se,parents,the underrated youth,YUNGBLUD,2019-10-18,59,171880,0.618,0.0132,0.823,0.0,0.288,0.58,-4.76,0.0447,82.004,7,4,disgusted,0.06097560975609756,0.12195121951219512,0.15853658536585366,0.07317073170731707,0.08536585365853659,0.08536585365853659,0.15853658536585366,0.06097560975609756,0.0975609756097561,0.0975609756097561
243,18Gcl5bxdd8bpBhWOj1rCR,HAHA,HAHA,Lil Darkie,2019-10-12,4,160000,0.714,0.34,0.82,0.0,0.0801,0.904,-1.102,0.444,78.032,1,4,disgusted,0.0,0.0,0.0,0.0,0.0,0.0,0.0,0.0,0.0,0.0
244,0JLYM3cDRXHmEPpzQwcVn4,Bxmb Threat,Bxmb Threat,Chauncey666,2020-07-20,0,146000,0.938,0.00499,0.587,9.25e-05,0.0606,0.272,-3.804,0.207,118.927,8,4,disgusted,0.0,0.2222222222222222,0.2777777777777778,0.16049382716049382,0.19135802469135801,0.05555555555555555,0.006172839506172839,0.08024691358024691,0.0,0.006172839506172839
245,3SKzTIl9mW0DadTys9SFo3,Control,BADLANDS (Deluxe),Halsey,2015-08-28,67,214761,0.55,0.399,0.675,0.0,0.181,0.206,-5.637,0.0332,119.882,4,4,disgusted,0.052083333333333336,0.125,0.25,0.1875,0.07291666666666667,0.020833333333333332,0.11458333333333333,0.0625,0.07291666666666667,0.041666666666666664
246,7vguMCv8uVuZLiQJ156u3Z,Play with Fire (feat. Yacht Money),Play with Fire (feat. Yacht Money),Sam Tinnesz,2017-07-07,72,180690,0.573,0.0162,0.539,1.16e-05,0.105,0.39,-6.091,0.0322,75.012,2,4,disgusted,0.04918032786885246,0.36065573770491804,0.14754098360655737,0.06557377049180328,0.08196721311475409,0.01639344262295082,0.13114754098360656,0.04918032786885246,0.04918032786885246,0.04918032786885246
247,7clyJIrLkEbXUDwj1tC9zz,Blood // Water,a modern tragedy vol. 1,grandson,2018-06-15,65,214520,0.504,0.00163,0.891,0.00199,0.148,0.628,-5.632,0.137,153.988,6,4,disgusted,0.07954545454545454,0.09090909090909091,0.1590909090909091,0.09090909090909091,0.13636363636363635,0.056818181818181816,0.11363636363636363,0.125,0.10227272727272728,0.045454545454545456
248,3CRDbSIZ4r5MsZ0YwxuEkn,Stressed Out,Blurryface,Twenty One Pilots,2015-05-15,84,202333,0.734,0.0462,0.637,2.29e-05,0.0602,0.648,-5.677,0.141,169.977,4,4,disgusted,0.1267605633802817,0.014084507042253521,0.09859154929577464,0.02112676056338028,0.1056338028169014,0.1056338028169014,0.176056338028169,0.02112676056338028,0.14788732394366197,0.18309859154929578
249,664gdARxaClFsoF5SXKOws,Here,Know-It-All (Deluxe),Alessia Cara,2016-03-11,66,199453,0.376,0.0783,0.822,0.0,0.0841,0.327,-3.974,0.104,120.498,0,4,disgusted,0.05970149253731343,0.05970149253731343,0.22388059701492538,0.08955223880597014,0.04477611940298507,0.08955223880597014,0.13432835820895522,0.05970149253731343,0.1044776119402985,0.13432835820895522
250,37PJvlIfYWqEX6fgjHlnTf,WTF Do I Know,Plastic Hearts,Miley Cyrus,2020-11-27,54,171800,0.564,0.00255,0.849,0.0,0.269,0.634,-2.619,0.248,157.905,4,4,disgusted,0.030303030303030304,0.1111111111111111,0.2222222222222222,0.1414141414141414,0.06060606060606061,0.06060606060606061,0.16161616161616163,0.06060606060606061,0.0707070707070707,0.08080808080808081
251,0ZFBKLOZLIM16RAUb5eomN,Bubblegum Bitch,Electra Heart (Deluxe),MARINA,2012-04-27,47,154666,0.495,0.000219,0.856,0.0,0.103,0.609,-5.123,0.0311,158.024,0,4,disgusted,0.02654867256637168,0.06637168141592921,0.17699115044247787,0.13716814159292035,0.14601769911504425,0.05752212389380531,0.13716814159292035,0.04424778761061947,0.16371681415929204,0.04424778761061947
252,4xb8JHIN56xixSl6vkSPjm,Siren,Siren,Kailee Morgue,2018-08-24,59,200266,0.603,0.454,0.512,0.00014,0.154,0.271,-6.687,0.0402,145.91,10,4,disgusted,0.0875,0.1125,0.125,0.0625,0.075,0.1,0.1875,0.0375,0.075,0.1375
253,4ZCxG8ZNlJoeAvAD6kdPuB,Desire - Slowed,Desire (Slowed),Hucci,2020-06-12,0,247684,0.539,0.0568,0.482,0.591,0.0642,0.0378,-9.922,0.0568,125.179,6,4,disgusted,0.0,0.2608695652173913,0.2826086956521739,0.2608695652173913,0.021739130434782608,0.0,0.06521739130434782,0.043478260869565216,0.06521739130434782,0.0
254,2sEk5R8ErGIFxbZ7rX6S2S,How to Be a Heartbreaker,Electra Heart (Deluxe),MARINA,2012-04-27,67,221493,0.69,0.0142,0.897,0.0,0.108,0.849,-4.696,0.0506,140.05,11,4,disgusted,0.06666666666666667,0.25333333333333335,0.3333333333333333,0.12,0.013333333333333334,0.05333333333333334,0.05333333333333334,0.013333333333333334,0.05333333333333334,0.04
255,340UVheS8z3ncW9TTUhAbc,Nightmare,Nightmare,Halsey,2019-05-17,60,231998,0.607,0.0187,0.622,0.0,0.359,0.537,-5.075,0.0756,146.105,9,4,disgusted,0.03125,0.20833333333333334,0.265625,0.13020833333333334,0.13020833333333334,0.0,0.0625,0.08854166666666667,0.026041666666666668,0.057291666666666664
256,3XKjZcgNYtvCmBpE1nX7Wn,"I am not a woman, I'm a god","If I Can’t Have Love, I Want Power",Halsey,2021-08-27,50,176413,0.517,0.00375,0.7,0.0385,0.0634,0.518,-6.568,0.0452,179.986,6,4,disgusted,0.058394160583941604,0.21897810218978103,0.24817518248175183,0.18248175182481752,0.06569343065693431,0.014598540145985401,0.072992700729927,0.0072992700729927005,0.072992700729927,0.058394160583941604
257,2y51QpLzI5qbWfCcSx9Tu1,Wrecking Ball,O My Heart,Mother Mother,2008-09-23,1,194320,0.664,0.194,0.797,0.0,0.337,0.284,-4.473,0.0362,97.004,7,4,disgusted,0.0,0.0,0.0,0.0,0.0,0.0,0.0,0.0,0.0,0.0
258,6tMdpUXfT70TD6Eh3XfB1p,My Ordinary Life,My Ordinary Life,The Living Tombstone,2017-11-23,71,230893,0.675,0.0197,0.66,0.352,0.241,0.577,-8.906,0.0648,175.954,9,4,disgusted,0.1015625,0.1015625,0.1875,0.125,0.09375,0.0703125,0.140625,0.03125,0.078125,0.0703125
259,658QJ4p8WcbT3O7iWLpO1D,Scary Garry,Scary Garry,Kaito Shoma,2021-01-04,60,99748,0.812,0.695,0.974,0.512,0.582,0.064,-2.327,0.227,153.979,8,4,disgusted,0.0,0.15789473684210525,0.2982456140350877,0.10526315789473684,0.24561403508771928,0.0,0.0,0.19298245614035087,0.0,0.0
260,2Y0iGXY6m6immVb2ktbseM,Little Dark Age,Little Dark Age,MGMT,2018-02-09,76,299960,0.705,0.0102,0.712,0.000855,0.1,0.62,-6.156,0.0385,97.512,6,4,disgusted,0.04477611940298507,0.16417910447761194,0.19402985074626866,0.1791044776119403,0.07462686567164178,0.0,0.14925373134328357,0.04477611940298507,0.05970149253731343,0.08955223880597014
261,7FIWs0pqAYbP91WWM0vlTQ,Godzilla (feat. Juice WRLD),Music To Be Murdered By,Eminem,2020-01-17,81,210800,0.808,0.145,0.745,0.0,0.292,0.829,-5.26,0.342,165.995,10,4,disgusted,0.046875,0.22265625,0.265625,0.12109375,0.11328125,0.015625,0.0703125,0.08984375,0.03125,0.0234375
262,29VdNzgJIxzlIDkIYjFQqS,Life Letters,Life Letters,Never Get Used To People,2018-12-07,64,148040,0.441,0.843,0.692,1.57e-06,0.0981,0.417,-4.945,0.12,92.304,10,4,disgusted,0.0,0.0,0.0,0.0,0.0,0.0,0.0,0.0,0.0,0.0
263,0SzDVyiiUDpuhzrphnoejr,North Memphis,North Memphis,Pharmacist,2019-11-20,60,135826,0.716,0.000136,0.942,0.836,0.0663,0.899,-6.116,0.0565,167.371,1,4,disgusted,0.0,0.13636363636363635,0.2727272727272727,0.09090909090909091,0.18181818181818182,0.0,0.18181818181818182,0.045454545454545456,0.09090909090909091,0.0
264,7j31rVgGX9Q2blT92VBEA0,Teenagers,The Black Parade,My Chemical Romance,2006-10-23,79,161920,0.463,0.0506,0.857,0.0,0.184,0.856,-3.063,0.0632,111.647,4,4,disgusted,0.02702702702702703,0.13513513513513514,0.2702702702702703,0.08783783783783784,0.16216216216216217,0.10810810810810811,0.02702702702702703,0.08108108108108109,0.02027027027027027,0.08108108108108109
265,7dgO6H1BxXeXfxDkiDN8E9,난리나,Welcome to the BLOCK,Block B,2012-02-02,52,204546,0.774,0.0496,0.96,0.0,0.0589,0.927,-3.661,0.0914,115.047,8,4,disgusted,0.0,0.0,0.0,0.0,0.0,0.0,0.0,0.0,0.0,0.0
266,67dA1a6OCUtLHgq9qdQ216,Humans Are Such Easy Prey,Dangerous Days,Perturbator,2014-06-17,47,262720,0.448,0.0002,0.893,0.893,0.0706,0.033,-2.568,0.0367,120.988,1,4,disgusted,0.0,0.0,0.0,0.0,0.0,0.0,0.0,0.0,0.0,0.0
267,4A2vjMnkAWgPVqwl3Xc7pu,Bubble Pop Electric,Love. Angel. Music. Baby.,Gwen Stefani,2004-11-12,59,222360,0.567,0.00052,0.976,0.00265,0.114,0.349,-3.866,0.263,193.973,1,4,disgusted,0.0410958904109589,0.02054794520547945,0.1506849315068493,0.0273972602739726,0.02054794520547945,0.2328767123287671,0.2191780821917808,0.00684931506849315,0.1917808219178082,0.08904109589041095
268,2MKIadkPrRqaivpyn6cnI0,Monster,Human,dodie,2019-01-18,50,245847,0.831,0.694,0.606,0.000109,0.0635,0.944,-7.694,0.107,100.013,9,4,disgusted,0.019417475728155338,0.2815533980582524,0.3106796116504854,0.02912621359223301,0.05825242718446602,0.06796116504854369,0.10679611650485436,0.019417475728155338,0.04854368932038835,0.05825242718446602
269,4A0YuzcYuEEP8A3oEZTddL,TRRST,До Свидания,IC3PEAK,2020-04-24,0,184000,0.597,0.396,0.529,4.59e-05,0.372,0.146,-9.207,0.0865,134.825,0,4,disgusted,0.005780346820809248,0.1676300578034682,0.2947976878612717,0.2138728323699422,0.09826589595375723,0.057803468208092484,0.011560693641618497,0.07514450867052024,0.011560693641618497,0.06358381502890173
270,3px2rAPu74ltbkf9eZsZ8h,Emperor's New Clothes,Death of a Bachelor,Panic! At The Disco,2016-01-15,66,158666,0.562,0.00302,0.904,0.0,0.0433,0.651,-4.947,0.0807,94.481,1,4,disgusted,0.08695652173913043,0.15217391304347827,0.10869565217391304,0.06521739130434782,0.021739130434782608,0.08695652173913043,0.15217391304347827,0.021739130434782608,0.10869565217391304,0.1956521739130435
271,3Zm27XyCDoAqHMGte5ydxQ,Smack A Bitch,Nightmare Vacation,Rico Nasty,2020-12-03,53,138352,0.705,0.00544,0.699,0.0,0.115,0.333,-2.412,0.226,169.874,2,4,disgusted,0.05701754385964912,0.14912280701754385,0.19736842105263158,0.10526315789473684,0.15350877192982457,0.03070175438596491,0.08333333333333333,0.10087719298245613,0.05701754385964912,0.06578947368421052
272,6V68ItawQkQlZhYIf1S86C,Crazy = Genius,Death of a Bachelor,Panic! At The Disco,2016-01-15,60,198040,0.455,0.000247,0.91,0.0,0.107,0.447,-4.464,0.166,114.109,2,4,disgusted,0.036231884057971016,0.18115942028985507,0.08695652173913043,0.07971014492753623,0.08695652173913043,0.007246376811594203,0.427536231884058,0.007246376811594203,0.057971014492753624,0.028985507246376812
273,37mfTcSlX60JtAvAETytGs,Choke,Choke,I DONT KNOW HOW BUT THEY FOUND ME,2018-08-24,66,195717,0.516,0.00139,0.85,0.0,0.296,0.583,-3.909,0.0706,120.324,4,4,disgusted,0.12037037037037036,0.046296296296296294,0.12037037037037036,0.046296296296296294,0.037037037037037035,0.06481481481481481,0.23148148148148148,0.027777777777777776,0.18518518518518517,0.12037037037037036
274,4fZYGHiRcKxwVSnF498uaE,닐리리맘보,BLOCKBUSTER,Block B,2012-10-17,57,207080,0.753,0.014,0.844,0.0,0.0669,0.548,-2.683,0.0489,109.945,9,4,disgusted,0.0,0.0,0.0,0.0,0.0,0.0,0.0,0.0,0.0,0.0
275,4xkOaSrkexMciUUogZKVTS,Till I Collapse,The Eminem Show,Eminem,2002-05-26,82,297786,0.548,0.0622,0.847,0.0,0.0816,0.1,-3.237,0.186,171.447,1,4,disgusted,0.0,0.0,0.0,0.0,0.0,0.0,0.0,0.0,0.0,0.0
276,0AUyNF6iFxMNQsNx2nhtrw,Blood // Water,Blood // Water,grandson,2018-05-04,70,216720,0.51,0.00158,0.882,0.00206,0.0764,0.653,-5.659,0.159,154.029,8,4,disgusted,0.07954545454545454,0.09090909090909091,0.1590909090909091,0.09090909090909091,0.13636363636363635,0.056818181818181816,0.11363636363636363,0.125,0.10227272727272728,0.045454545454545456
277,0IK8y0vAO0sM630HsxwLht,Middle Finger,Middle Finger - Single,Bohnes,2015-12-14,1,229986,0.685,0.437,0.656,0.0,0.347,0.392,-6.013,0.0383,128.003,1,4,disgusted,0.09195402298850575,0.08045977011494253,0.13793103448275862,0.09195402298850575,0.034482758620689655,0.011494252873563218,0.25287356321839083,0.022988505747126436,0.1724137931034483,0.10344827586206896
278,36pwoWh6xqOShF8X6AZmzQ,Street Fight,Street Fight,Adam Jensen,2017-12-15,0,191180,0.716,0.0018,0.738,0.00696,0.113,0.349,-6.347,0.0406,129.04,1,4,disgusted,0.046153846153846156,0.06153846153846154,0.2153846153846154,0.09230769230769231,0.13846153846153847,0.06153846153846154,0.13846153846153847,0.09230769230769231,0.046153846153846156,0.1076923076923077
279,5rvyUmsWA1LQGHI11FaVai,Raging on a Sunday,206: Act II,Bohnes,2018-11-23,0,208880,0.478,0.129,0.83,0.000633,0.264,0.47,-6.665,0.071,149.88,3,4,disgusted,0.11355311355311355,0.10256410256410256,0.19047619047619047,0.06227106227106227,0.09523809523809523,0.0,0.14285714285714285,0.08791208791208792,0.08424908424908426,0.12087912087912088
280,3f1nmoLWa8ZBYETW74h3x4,Hometown,Hometown,NEFFEX,2017-02-22,33,215068,0.595,0.215,0.882,0.0,0.118,0.579,-4.107,0.405,170.2,4,4,disgusted,0.125,0.08333333333333333,0.2916666666666667,0.08333333333333333,0.08333333333333333,0.0,0.20833333333333334,0.08333333333333333,0.041666666666666664,0.0
281,6KigD0mlF4VGDYiSEzAyYw,Fight Back,Fight Back: The Collection,NEFFEX,2018-11-30,70,200571,0.716,0.094,0.946,6.63e-05,0.0825,0.587,-3.412,0.261,139.943,1,4,disgusted,0.031746031746031744,0.12698412698412698,0.30158730158730157,0.07936507936507936,0.15873015873015872,0.031746031746031744,0.047619047619047616,0.09523809523809523,0.031746031746031744,0.09523809523809523
282,5Q6xgq6viDz9hrWiW1PoV7,Never Give Up,Fight Back: The Collection,NEFFEX,2018-11-30,56,251294,0.68,0.262,0.766,0.0,0.125,0.675,-4.103,0.355,169.966,4,4,disgusted,0.1935483870967742,0.0967741935483871,0.3225806451612903,0.0967741935483871,0.25806451612903225,0.0,0.03225806451612903,0.0,0.0,0.0
283,2IvdQFwO9U9EAMJGwEvOcK,Bakugo!,Bakugo!,KVMIL,2018-10-15,47,151666,0.899,7.74e-05,0.535,0.0,0.12,0.183,-6.423,0.178,145.02,1,4,disgusted,0.050359712230215826,0.16546762589928057,0.20863309352517986,0.11510791366906475,0.14388489208633093,0.07913669064748201,0.05755395683453238,0.11510791366906475,0.02877697841726619,0.03597122302158273
284,3nH3Gtm9GQVfiaYDr4AXji,Everybody Gets High,Loner,MISSIO,2017-05-19,55,212093,0.432,0.0234,0.558,0.000358,0.0924,0.46,-6.843,0.286,58.748,11,4,disgusted,0.1111111111111111,0.047619047619047616,0.14285714285714285,0.06349206349206349,0.031746031746031744,0.07936507936507936,0.20634920634920634,0.015873015873015872,0.14285714285714285,0.15873015873015872
285,7floNISpH8VF4z4459Qo18,Look At Me!,Look At Me!,XXXTENTACION,2017-02-20,79,126345,0.763,0.259,0.726,0.0,0.0976,0.349,-6.405,0.282,139.059,1,4,disgusted,0.02564102564102564,0.15384615384615385,0.19230769230769232,0.14102564102564102,0.16666666666666666,0.0,0.14102564102564102,0.1282051282051282,0.038461538461538464,0.01282051282051282
286,2169IKAivSUUFGcedGASXc,16 Shots,16 Shots,Stefflon Don,2017-05-22,62,224727,0.684,0.0271,0.79,0.000371,0.0854,0.549,-4.871,0.0735,95.083,3,4,disgusted,0.1225296442687747,0.07509881422924901,0.18181818181818182,0.12648221343873517,0.08300395256916997,0.07114624505928854,0.15019762845849802,0.039525691699604744,0.07509881422924901,0.07509881422924901
287,68Y3zzmt2XxzheQVGbbJt4,GENOCIDE,GENOCIDE,Lil Darkie,2019-05-20,60,632625,0.457,0.085,0.965,0.0,0.697,0.604,0.457,0.486,170.122,1,4,disgusted,0.0673076923076923,0.125,0.21153846153846154,0.1201923076923077,0.14102564102564102,0.027243589743589744,0.11378205128205128,0.08653846153846154,0.049679487179487176,0.057692307692307696
288,2kS6td1yvmpNgZTt1q5pQq,Hayloft,O My Heart,Mother Mother,2008-09-23,6,181680,0.527,0.00475,0.922,0.000162,0.422,0.49,-2.666,0.0728,95.975,9,4,disgusted,0.0,0.256,0.288,0.0,0.256,0.064,0.04,0.0,0.04,0.056
289,3A0ITFj6kbb9CggwtPe55f,Venom,GREY Area,Little Simz,2019-03-01,0,154749,0.436,0.425,0.655,0.0,0.393,0.523,-8.153,0.159,139.712,7,4,disgusted,0.03167420814479638,0.13574660633484162,0.22624434389140272,0.07239819004524888,0.15384615384615385,0.027149321266968326,0.09502262443438914,0.10407239819004525,0.02262443438914027,0.13122171945701358
290,6xqJ0XqDM9dVEW1jbm78wB,Discord,Discord,The Living Tombstone,2012-01-21,68,193776,0.677,0.00806,0.83,3.35e-05,0.0788,0.829,-4.358,0.0452,104.994,8,4,disgusted,0.02857142857142857,0.12380952380952381,0.2761904761904762,0.08571428571428572,0.20952380952380953,0.01904761904761905,0.05714285714285714,0.1619047619047619,0.01904761904761905,0.01904761904761905
291,6gJbvBnEoY69UvFYTQuzBD,RABBIT HOLE,VOLUME I,AViVA,2020-06-19,53,228559,0.416,0.0422,0.688,9.8e-06,0.425,0.535,-5.637,0.102,170.133,7,4,disgusted,0.022222222222222223,0.07777777777777778,0.4444444444444444,0.15555555555555556,0.1,0.0,0.08888888888888889,0.07777777777777778,0.011111111111111112,0.022222222222222223
292,2AbPsvbxqYaNCvKXcJn1kV,Redemption,Redemption,Besomorph,2019-05-24,0,157500,0.644,0.0661,0.635,1.35e-05,0.251,0.291,-6.041,0.0453,79.958,7,4,disgusted,0.125,0.1111111111111111,0.09722222222222222,0.1111111111111111,0.06944444444444445,0.0,0.2361111111111111,0.041666666666666664,0.1111111111111111,0.09722222222222222
293,5Y7jp6NMeAI3Q6r1AqlNdv,Honestly,Honestly,Gabbie Hanna,2018-08-15,0,174000,0.665,0.0112,0.53,4.47e-05,0.0802,0.485,-8.067,0.228,159.902,1,4,disgusted,0.08024691358024691,0.09259259259259259,0.18518518518518517,0.07407407407407407,0.09259259259259259,0.043209876543209874,0.2037037037037037,0.08024691358024691,0.08641975308641975,0.06172839506172839
294,3JyvSSU0VnlMUsQckyEVfX,Darkside,a modern tragedy vol. 2,grandson,2019-02-22,56,229531,0.497,0.000568,0.701,0.000287,0.352,0.18,-6.834,0.119,76.918,7,4,disgusted,0.023809523809523808,0.047619047619047616,0.19047619047619047,0.39285714285714285,0.0,0.047619047619047616,0.13095238095238096,0.011904761904761904,0.05952380952380952,0.09523809523809523
295,1D23GEeQ32aqLw5ZnY3Ivp,COOLEST MONKEY IN THE JUNGLE,BEWARE THE BOOK OF ELI,Ski Mask The Slump God,2018-05-11,52,152213,0.893,0.324,0.676,0.0,0.0968,0.804,-4.867,0.227,125.923,9,4,disgusted,0.06521739130434782,0.15217391304347827,0.22282608695652173,0.09239130434782608,0.08152173913043478,0.03804347826086957,0.09782608695652174,0.125,0.04891304347826087,0.07608695652173914
296,1foMv2HQwfQ2vntFf9HFeG,Rhinestone Eyes,Plastic Beach,Gorillaz,2010-03-03,75,200173,0.676,0.0869,0.703,0.000687,0.0463,0.852,-5.815,0.0302,92.761,8,4,disgusted,0.03225806451612903,0.016129032258064516,0.12903225806451613,0.0967741935483871,0.03225806451612903,0.11290322580645161,0.2903225806451613,0.016129032258064516,0.20967741935483872,0.06451612903225806
297,1HuIahUPUXCx7Kz4rgMXFU,O.D.D.,From The Outside,Hey Violet,2017-06-16,50,222689,0.553,0.00935,0.611,1.04e-06,0.149,0.369,-6.468,0.0464,154.094,6,4,disgusted,0.06666666666666667,0.13333333333333333,0.2222222222222222,0.15555555555555556,0.06666666666666667,0.022222222222222223,0.13333333333333333,0.06666666666666667,0.06666666666666667,0.06666666666666667
298,2mXsZsJBThTaJXbNcg5QD4,Mama's Broken Heart,Four The Record,Miranda Lambert,2011-11-01,65,177773,0.768,0.278,0.809,0.0,0.139,0.748,-4.204,0.0616,111.989,4,4,disgusted,0.06493506493506493,0.18181818181818182,0.24675324675324675,0.18181818181818182,0.12987012987012986,0.03896103896103896,0.05194805194805195,0.025974025974025976,0.012987012987012988,0.06493506493506493
299,5srKMwXoeyrRnyTnNbpgIW,People I Don't Like,People I Don't Like,UPSAHL,2020-07-17,64,142765,0.747,0.268,0.573,0.0,0.302,0.551,-6.562,0.295,90.036,11,4,disgusted,0.11428571428571428,0.08571428571428572,0.21428571428571427,0.1,0.02857142857142857,0.12857142857142856,0.11428571428571428,0.014285714285714285,0.11428571428571428,0.08571428571428572
